{
"type": "FeatureCollection",
"name": "property_park",
"crs": { "type": "name", "properties": { "name": "urn:ogc:def:crs:EPSG::2272" } },
"features": [
{ "type": "Feature", "properties": { "objectid": 586988119, "distance_to_nearest_park": 970.41647658752436 }, "geometry": { "type": "Point", "coordinates": [ 2694299.579870865680277, 237985.276458332518814 ] } },
{ "type": "Feature", "properties": { "objectid": 586988235, "distance_to_nearest_park": 1063.3725577174255 }, "geometry": { "type": "Point", "coordinates": [ 2693893.083453939296305, 238046.609517992270412 ] } },
{ "type": "Feature", "properties": { "objectid": 586988100, "distance_to_nearest_park": 978.85410159548769 }, "geometry": { "type": "Point", "coordinates": [ 2694192.241158183198422, 238001.808164440561086 ] } },
{ "type": "Feature", "properties": { "objectid": 586988106, "distance_to_nearest_park": 989.79204346105735 }, "geometry": { "type": "Point", "coordinates": [ 2694134.24987983610481, 238009.21858052504831 ] } },
{ "type": "Feature", "properties": { "objectid": 586988331, "distance_to_nearest_park": 642.05862338293264 }, "geometry": { "type": "Point", "coordinates": [ 2696424.320124792866409, 239892.115174942853628 ] } },
{ "type": "Feature", "properties": { "objectid": 586988432, "distance_to_nearest_park": 432.14146504603247 }, "geometry": { "type": "Point", "coordinates": [ 2697178.811724494677037, 238221.498273022793001 ] } },
{ "type": "Feature", "properties": { "objectid": 586988443, "distance_to_nearest_park": 919.01776914108939 }, "geometry": { "type": "Point", "coordinates": [ 2694438.165504342410713, 239924.511795421451097 ] } },
{ "type": "Feature", "properties": { "objectid": 586988444, "distance_to_nearest_park": 1116.5397492760203 }, "geometry": { "type": "Point", "coordinates": [ 2694368.72940005781129, 240121.458416346373269 ] } },
{ "type": "Feature", "properties": { "objectid": 586988513, "distance_to_nearest_park": 527.39679598746284 }, "geometry": { "type": "Point", "coordinates": [ 2695716.419877804815769, 238367.987855921004666 ] } },
{ "type": "Feature", "properties": { "objectid": 586988474, "distance_to_nearest_park": 728.46466526941867 }, "geometry": { "type": "Point", "coordinates": [ 2696152.32698596874252, 236972.607525138417259 ] } },
{ "type": "Feature", "properties": { "objectid": 586988481, "distance_to_nearest_park": 676.3313063488539 }, "geometry": { "type": "Point", "coordinates": [ 2696210.062600580975413, 236964.465348987054313 ] } },
{ "type": "Feature", "properties": { "objectid": 586988528, "distance_to_nearest_park": 159.78006494187102 }, "geometry": { "type": "Point", "coordinates": [ 2692973.157842332497239, 237080.138910980866058 ] } },
{ "type": "Feature", "properties": { "objectid": 586988749, "distance_to_nearest_park": 1011.4247107348435 }, "geometry": { "type": "Point", "coordinates": [ 2695883.74842394515872, 237579.521137575415196 ] } },
{ "type": "Feature", "properties": { "objectid": 586988641, "distance_to_nearest_park": 121.92867297945412 }, "geometry": { "type": "Point", "coordinates": [ 2695227.739538686349988, 238763.990121211041696 ] } },
{ "type": "Feature", "properties": { "objectid": 586988853, "distance_to_nearest_park": 212.32531639998078 }, "geometry": { "type": "Point", "coordinates": [ 2695271.799577538389713, 238352.374521491059568 ] } },
{ "type": "Feature", "properties": { "objectid": 586988968, "distance_to_nearest_park": 974.97568379767142 }, "geometry": { "type": "Point", "coordinates": [ 2696095.293293172493577, 239246.126583747449331 ] } },
{ "type": "Feature", "properties": { "objectid": 586988969, "distance_to_nearest_park": 964.23036147217772 }, "geometry": { "type": "Point", "coordinates": [ 2696053.188173942733556, 239247.439645687351003 ] } },
{ "type": "Feature", "properties": { "objectid": 586988970, "distance_to_nearest_park": 969.21051549870822 }, "geometry": { "type": "Point", "coordinates": [ 2696074.235379563644528, 239246.96516814653296 ] } },
{ "type": "Feature", "properties": { "objectid": 586988971, "distance_to_nearest_park": 957.41961684310786 }, "geometry": { "type": "Point", "coordinates": [ 2696021.752115792129189, 239248.33757703579613 ] } },
{ "type": "Feature", "properties": { "objectid": 586988972, "distance_to_nearest_park": 784.46084741525067 }, "geometry": { "type": "Point", "coordinates": [ 2696289.212874697055668, 239537.185572046990274 ] } },
{ "type": "Feature", "properties": { "objectid": 586988973, "distance_to_nearest_park": 779.00104986197243 }, "geometry": { "type": "Point", "coordinates": [ 2696279.944925712421536, 239537.641864290024387 ] } },
{ "type": "Feature", "properties": { "objectid": 586989003, "distance_to_nearest_park": 1131.9329878466353 }, "geometry": { "type": "Point", "coordinates": [ 2696266.66800928581506, 239016.467118129134178 ] } },
{ "type": "Feature", "properties": { "objectid": 586988882, "distance_to_nearest_park": 837.71133600105793 }, "geometry": { "type": "Point", "coordinates": [ 2696131.792274576611817, 238004.825347811070969 ] } },
{ "type": "Feature", "properties": { "objectid": 586988886, "distance_to_nearest_park": 134.01645327881423 }, "geometry": { "type": "Point", "coordinates": [ 2695303.679605305660516, 238450.980546414852142 ] } },
{ "type": "Feature", "properties": { "objectid": 586988887, "distance_to_nearest_park": 439.1375273748244 }, "geometry": { "type": "Point", "coordinates": [ 2697168.269417427945882, 238208.06800268322695 ] } },
{ "type": "Feature", "properties": { "objectid": 586988890, "distance_to_nearest_park": 443.00097762562251 }, "geometry": { "type": "Point", "coordinates": [ 2697160.657891740556806, 238190.350755746942014 ] } },
{ "type": "Feature", "properties": { "objectid": 586988422, "distance_to_nearest_park": 1397.6635206178435 }, "geometry": { "type": "Point", "coordinates": [ 2697350.641981323249638, 239624.186437787953764 ] } },
{ "type": "Feature", "properties": { "objectid": 586988974, "distance_to_nearest_park": 792.7081332761137 }, "geometry": { "type": "Point", "coordinates": [ 2696302.974700057413429, 239536.497019519010792 ] } },
{ "type": "Feature", "properties": { "objectid": 586988975, "distance_to_nearest_park": 962.0460338572359 }, "geometry": { "type": "Point", "coordinates": [ 2696237.064296605065465, 239307.877059441409074 ] } },
{ "type": "Feature", "properties": { "objectid": 586989087, "distance_to_nearest_park": 842.75148697128827 }, "geometry": { "type": "Point", "coordinates": [ 2696150.606077003292739, 236716.355951366043882 ] } },
{ "type": "Feature", "properties": { "objectid": 586991413, "distance_to_nearest_park": 701.40985378131575 }, "geometry": { "type": "Point", "coordinates": [ 2694084.342303118668497, 239625.134081213822355 ] } },
{ "type": "Feature", "properties": { "objectid": 586991204, "distance_to_nearest_park": 349.5229675804668 }, "geometry": { "type": "Point", "coordinates": [ 2694529.486943351570517, 238580.22496184107149 ] } },
{ "type": "Feature", "properties": { "objectid": 586990784, "distance_to_nearest_park": 1031.1994710950357 }, "geometry": { "type": "Point", "coordinates": [ 2695873.160420996602625, 237663.030989139922895 ] } },
{ "type": "Feature", "properties": { "objectid": 586989375, "distance_to_nearest_park": 464.46498081537135 }, "geometry": { "type": "Point", "coordinates": [ 2694295.176043382380158, 239454.928873688681051 ] } },
{ "type": "Feature", "properties": { "objectid": 586989630, "distance_to_nearest_park": 880.17658608961938 }, "geometry": { "type": "Point", "coordinates": [ 2695152.370642142370343, 237682.308098739886191 ] } },
{ "type": "Feature", "properties": { "objectid": 586990191, "distance_to_nearest_park": 653.88893616517225 }, "geometry": { "type": "Point", "coordinates": [ 2696594.573769078124315, 238299.420260631100973 ] } },
{ "type": "Feature", "properties": { "objectid": 586989995, "distance_to_nearest_park": 842.75148697128827 }, "geometry": { "type": "Point", "coordinates": [ 2696150.606077003292739, 236716.355951366043882 ] } },
{ "type": "Feature", "properties": { "objectid": 586991087, "distance_to_nearest_park": 324.50289022811467 }, "geometry": { "type": "Point", "coordinates": [ 2696603.061832451727241, 237782.165566588635556 ] } },
{ "type": "Feature", "properties": { "objectid": 586992627, "distance_to_nearest_park": 109.78348591601551 }, "geometry": { "type": "Point", "coordinates": [ 2694469.865387341938913, 239111.64979695569491 ] } },
{ "type": "Feature", "properties": { "objectid": 586994577, "distance_to_nearest_park": 958.76938444878488 }, "geometry": { "type": "Point", "coordinates": [ 2694721.833266828209162, 237702.469117218221072 ] } },
{ "type": "Feature", "properties": { "objectid": 586993430, "distance_to_nearest_park": 171.99966026999755 }, "geometry": { "type": "Point", "coordinates": [ 2696720.224911897908896, 237470.008234563661972 ] } },
{ "type": "Feature", "properties": { "objectid": 586993687, "distance_to_nearest_park": 1295.5188564877769 }, "geometry": { "type": "Point", "coordinates": [ 2695647.572003782726824, 236702.29921796330018 ] } },
{ "type": "Feature", "properties": { "objectid": 586994144, "distance_to_nearest_park": 171.99966026999755 }, "geometry": { "type": "Point", "coordinates": [ 2696720.224911897908896, 237470.008234563661972 ] } },
{ "type": "Feature", "properties": { "objectid": 586994164, "distance_to_nearest_park": 349.5229675804668 }, "geometry": { "type": "Point", "coordinates": [ 2694529.486943351570517, 238580.22496184107149 ] } },
{ "type": "Feature", "properties": { "objectid": 586996588, "distance_to_nearest_park": 430.70807786778687 }, "geometry": { "type": "Point", "coordinates": [ 2694789.36473099142313, 238306.504183532233583 ] } },
{ "type": "Feature", "properties": { "objectid": 586996158, "distance_to_nearest_park": 171.99966026999755 }, "geometry": { "type": "Point", "coordinates": [ 2696720.224911897908896, 237470.008234563661972 ] } },
{ "type": "Feature", "properties": { "objectid": 586996228, "distance_to_nearest_park": 880.17658608961938 }, "geometry": { "type": "Point", "coordinates": [ 2695152.370642142370343, 237682.308098739886191 ] } },
{ "type": "Feature", "properties": { "objectid": 586996696, "distance_to_nearest_park": 986.46978916283615 }, "geometry": { "type": "Point", "coordinates": [ 2694538.074660160578787, 237780.898067345144227 ] } },
{ "type": "Feature", "properties": { "objectid": 586996059, "distance_to_nearest_park": 298.83543122320901 }, "geometry": { "type": "Point", "coordinates": [ 2694817.960635470692068, 239243.222844557894859 ] } },
{ "type": "Feature", "properties": { "objectid": 586995944, "distance_to_nearest_park": 389.81333768961304 }, "geometry": { "type": "Point", "coordinates": [ 2696047.205728374421597, 239851.50454290365451 ] } },
{ "type": "Feature", "properties": { "objectid": 586997876, "distance_to_nearest_park": 1056.8850682378527 }, "geometry": { "type": "Point", "coordinates": [ 2694511.458065462298691, 237713.060428633762058 ] } },
{ "type": "Feature", "properties": { "objectid": 586998345, "distance_to_nearest_park": 376.08388748289343 }, "geometry": { "type": "Point", "coordinates": [ 2695014.332686146721244, 239269.760601790563669 ] } },
{ "type": "Feature", "properties": { "objectid": 586998346, "distance_to_nearest_park": 376.08388748289343 }, "geometry": { "type": "Point", "coordinates": [ 2695014.332686146721244, 239269.760601790563669 ] } },
{ "type": "Feature", "properties": { "objectid": 586997927, "distance_to_nearest_park": 1056.8850682378527 }, "geometry": { "type": "Point", "coordinates": [ 2694511.458065462298691, 237713.060428633762058 ] } },
{ "type": "Feature", "properties": { "objectid": 586997928, "distance_to_nearest_park": 1056.8850682378527 }, "geometry": { "type": "Point", "coordinates": [ 2694511.458065462298691, 237713.060428633762058 ] } },
{ "type": "Feature", "properties": { "objectid": 586997929, "distance_to_nearest_park": 1056.8850682378527 }, "geometry": { "type": "Point", "coordinates": [ 2694511.458065462298691, 237713.060428633762058 ] } },
{ "type": "Feature", "properties": { "objectid": 586997930, "distance_to_nearest_park": 1056.8850682378527 }, "geometry": { "type": "Point", "coordinates": [ 2694511.458065462298691, 237713.060428633762058 ] } },
{ "type": "Feature", "properties": { "objectid": 586998156, "distance_to_nearest_park": 354.72577458732519 }, "geometry": { "type": "Point", "coordinates": [ 2695011.342208154499531, 239247.442015773878666 ] } },
{ "type": "Feature", "properties": { "objectid": 586998159, "distance_to_nearest_park": 354.72577458732519 }, "geometry": { "type": "Point", "coordinates": [ 2695011.342208154499531, 239247.442015773878666 ] } },
{ "type": "Feature", "properties": { "objectid": 586998037, "distance_to_nearest_park": 349.5229675804668 }, "geometry": { "type": "Point", "coordinates": [ 2694529.486943351570517, 238580.22496184107149 ] } },
{ "type": "Feature", "properties": { "objectid": 586998053, "distance_to_nearest_park": 1056.8850682378527 }, "geometry": { "type": "Point", "coordinates": [ 2694511.458065462298691, 237713.060428633762058 ] } },
{ "type": "Feature", "properties": { "objectid": 587000050, "distance_to_nearest_park": 462.35560229520621 }, "geometry": { "type": "Point", "coordinates": [ 2695476.055941640399396, 239857.677539058291586 ] } },
{ "type": "Feature", "properties": { "objectid": 586999636, "distance_to_nearest_park": 630.68661044355588 }, "geometry": { "type": "Point", "coordinates": [ 2695700.771920015569776, 238986.346073118358618 ] } },
{ "type": "Feature", "properties": { "objectid": 587003185, "distance_to_nearest_park": 880.17658608961938 }, "geometry": { "type": "Point", "coordinates": [ 2695152.370642142370343, 237682.308098739886191 ] } },
{ "type": "Feature", "properties": { "objectid": 586999993, "distance_to_nearest_park": 549.30993930986904 }, "geometry": { "type": "Point", "coordinates": [ 2695709.961049773730338, 238301.470082843006821 ] } },
{ "type": "Feature", "properties": { "objectid": 587000048, "distance_to_nearest_park": 477.50702630640609 }, "geometry": { "type": "Point", "coordinates": [ 2695472.636016714852303, 239840.448415317718172 ] } },
{ "type": "Feature", "properties": { "objectid": 586999444, "distance_to_nearest_park": 675.76793024011465 }, "geometry": { "type": "Point", "coordinates": [ 2694057.31186781777069, 238404.565210451401072 ] } },
{ "type": "Feature", "properties": { "objectid": 586999295, "distance_to_nearest_park": 1000.7137125844569 }, "geometry": { "type": "Point", "coordinates": [ 2694263.344847138505429, 239995.186859529960202 ] } },
{ "type": "Feature", "properties": { "objectid": 586998845, "distance_to_nearest_park": 862.72056130094518 }, "geometry": { "type": "Point", "coordinates": [ 2694260.171612523961812, 239854.784846786904382 ] } },
{ "type": "Feature", "properties": { "objectid": 586998887, "distance_to_nearest_park": 880.17658608961938 }, "geometry": { "type": "Point", "coordinates": [ 2695152.370642142370343, 237682.308098739886191 ] } },
{ "type": "Feature", "properties": { "objectid": 586998911, "distance_to_nearest_park": 701.40985378131575 }, "geometry": { "type": "Point", "coordinates": [ 2694084.342303118668497, 239625.134081213822355 ] } },
{ "type": "Feature", "properties": { "objectid": 587001439, "distance_to_nearest_park": 349.5229675804668 }, "geometry": { "type": "Point", "coordinates": [ 2694529.486943351570517, 238580.22496184107149 ] } },
{ "type": "Feature", "properties": { "objectid": 587001900, "distance_to_nearest_park": 460.07964617597929 }, "geometry": { "type": "Point", "coordinates": [ 2694657.51119222631678, 238460.801135261455784 ] } },
{ "type": "Feature", "properties": { "objectid": 587002046, "distance_to_nearest_park": 171.99966026999755 }, "geometry": { "type": "Point", "coordinates": [ 2696720.224911897908896, 237470.008234563661972 ] } },
{ "type": "Feature", "properties": { "objectid": 587000532, "distance_to_nearest_park": 716.8434095742615 }, "geometry": { "type": "Point", "coordinates": [ 2696855.194148792419583, 238449.221378726535477 ] } },
{ "type": "Feature", "properties": { "objectid": 587001325, "distance_to_nearest_park": 991.8814155211752 }, "geometry": { "type": "Point", "coordinates": [ 2693814.894984952174127, 237566.174315943091642 ] } },
{ "type": "Feature", "properties": { "objectid": 587000611, "distance_to_nearest_park": 349.5229675804668 }, "geometry": { "type": "Point", "coordinates": [ 2694529.486943351570517, 238580.22496184107149 ] } },
{ "type": "Feature", "properties": { "objectid": 587003830, "distance_to_nearest_park": 468.83474217461753 }, "geometry": { "type": "Point", "coordinates": [ 2695666.919355298392475, 239747.029578113200841 ] } },
{ "type": "Feature", "properties": { "objectid": 587003678, "distance_to_nearest_park": 842.75148697128827 }, "geometry": { "type": "Point", "coordinates": [ 2696150.606077003292739, 236716.355951366043882 ] } },
{ "type": "Feature", "properties": { "objectid": 587003473, "distance_to_nearest_park": 880.17658608961938 }, "geometry": { "type": "Point", "coordinates": [ 2695152.370642142370343, 237682.308098739886191 ] } },
{ "type": "Feature", "properties": { "objectid": 587003533, "distance_to_nearest_park": 842.75148697128827 }, "geometry": { "type": "Point", "coordinates": [ 2696150.606077003292739, 236716.355951366043882 ] } },
{ "type": "Feature", "properties": { "objectid": 587003981, "distance_to_nearest_park": 171.99966026999755 }, "geometry": { "type": "Point", "coordinates": [ 2696720.224911897908896, 237470.008234563661972 ] } },
{ "type": "Feature", "properties": { "objectid": 587003345, "distance_to_nearest_park": 349.5229675804668 }, "geometry": { "type": "Point", "coordinates": [ 2694529.486943351570517, 238580.22496184107149 ] } },
{ "type": "Feature", "properties": { "objectid": 587002557, "distance_to_nearest_park": 349.5229675804668 }, "geometry": { "type": "Point", "coordinates": [ 2694529.486943351570517, 238580.22496184107149 ] } },
{ "type": "Feature", "properties": { "objectid": 587003042, "distance_to_nearest_park": 674.95350819803991 }, "geometry": { "type": "Point", "coordinates": [ 2695156.497935413382947, 239957.987343673361465 ] } },
{ "type": "Feature", "properties": { "objectid": 587003150, "distance_to_nearest_park": 463.60117890602089 }, "geometry": { "type": "Point", "coordinates": [ 2695746.546432232949883, 239738.072091798356269 ] } },
{ "type": "Feature", "properties": { "objectid": 587002862, "distance_to_nearest_park": 880.17658608961938 }, "geometry": { "type": "Point", "coordinates": [ 2695152.370642142370343, 237682.308098739886191 ] } },
{ "type": "Feature", "properties": { "objectid": 587004972, "distance_to_nearest_park": 430.70807786778687 }, "geometry": { "type": "Point", "coordinates": [ 2694789.36473099142313, 238306.504183532233583 ] } },
{ "type": "Feature", "properties": { "objectid": 587005079, "distance_to_nearest_park": 842.75148697128827 }, "geometry": { "type": "Point", "coordinates": [ 2696150.606077003292739, 236716.355951366043882 ] } },
{ "type": "Feature", "properties": { "objectid": 587004534, "distance_to_nearest_park": 171.99966026999755 }, "geometry": { "type": "Point", "coordinates": [ 2696720.224911897908896, 237470.008234563661972 ] } },
{ "type": "Feature", "properties": { "objectid": 587006766, "distance_to_nearest_park": 349.5229675804668 }, "geometry": { "type": "Point", "coordinates": [ 2694529.486943351570517, 238580.22496184107149 ] } },
{ "type": "Feature", "properties": { "objectid": 587007216, "distance_to_nearest_park": 880.17658608961938 }, "geometry": { "type": "Point", "coordinates": [ 2695152.370642142370343, 237682.308098739886191 ] } },
{ "type": "Feature", "properties": { "objectid": 587007290, "distance_to_nearest_park": 1299.6923703521738 }, "geometry": { "type": "Point", "coordinates": [ 2695548.381134393624961, 237138.169778343726648 ] } },
{ "type": "Feature", "properties": { "objectid": 587006709, "distance_to_nearest_park": 430.70807786778687 }, "geometry": { "type": "Point", "coordinates": [ 2694789.36473099142313, 238306.504183532233583 ] } },
{ "type": "Feature", "properties": { "objectid": 587005388, "distance_to_nearest_park": 349.5229675804668 }, "geometry": { "type": "Point", "coordinates": [ 2694529.486943351570517, 238580.22496184107149 ] } },
{ "type": "Feature", "properties": { "objectid": 587008820, "distance_to_nearest_park": 880.17658608961938 }, "geometry": { "type": "Point", "coordinates": [ 2695152.370642142370343, 237682.308098739886191 ] } },
{ "type": "Feature", "properties": { "objectid": 587007714, "distance_to_nearest_park": 836.9842451644098 }, "geometry": { "type": "Point", "coordinates": [ 2696287.556083432398736, 238277.63344245144981 ] } },
{ "type": "Feature", "properties": { "objectid": 587007726, "distance_to_nearest_park": 842.75148697128827 }, "geometry": { "type": "Point", "coordinates": [ 2696150.606077003292739, 236716.355951366043882 ] } },
{ "type": "Feature", "properties": { "objectid": 587009401, "distance_to_nearest_park": 880.17658608961938 }, "geometry": { "type": "Point", "coordinates": [ 2695152.370642142370343, 237682.308098739886191 ] } },
{ "type": "Feature", "properties": { "objectid": 587010174, "distance_to_nearest_park": 880.17658608961938 }, "geometry": { "type": "Point", "coordinates": [ 2695152.370642142370343, 237682.308098739886191 ] } },
{ "type": "Feature", "properties": { "objectid": 587011929, "distance_to_nearest_park": 737.22520454229209 }, "geometry": { "type": "Point", "coordinates": [ 2696258.349636458326131, 238050.093053857184714 ] } },
{ "type": "Feature", "properties": { "objectid": 587011778, "distance_to_nearest_park": 880.17658608961938 }, "geometry": { "type": "Point", "coordinates": [ 2695152.370642142370343, 237682.308098739886191 ] } },
{ "type": "Feature", "properties": { "objectid": 587014495, "distance_to_nearest_park": 569.42039732530043 }, "geometry": { "type": "Point", "coordinates": [ 2696562.359798246994615, 238174.198504878208041 ] } },
{ "type": "Feature", "properties": { "objectid": 587013885, "distance_to_nearest_park": 1019.2811681593738 }, "geometry": { "type": "Point", "coordinates": [ 2694626.748813922517002, 237683.643596185866045 ] } },
{ "type": "Feature", "properties": { "objectid": 587013904, "distance_to_nearest_park": 842.75148697128827 }, "geometry": { "type": "Point", "coordinates": [ 2696150.606077003292739, 236716.355951366043882 ] } },
{ "type": "Feature", "properties": { "objectid": 587014574, "distance_to_nearest_park": 430.70807786778687 }, "geometry": { "type": "Point", "coordinates": [ 2694789.36473099142313, 238306.504183532233583 ] } },
{ "type": "Feature", "properties": { "objectid": 587013754, "distance_to_nearest_park": 171.99966026999755 }, "geometry": { "type": "Point", "coordinates": [ 2696720.224911897908896, 237470.008234563661972 ] } },
{ "type": "Feature", "properties": { "objectid": 587013058, "distance_to_nearest_park": 171.99966026999755 }, "geometry": { "type": "Point", "coordinates": [ 2696720.224911897908896, 237470.008234563661972 ] } },
{ "type": "Feature", "properties": { "objectid": 587016032, "distance_to_nearest_park": 880.17658608961938 }, "geometry": { "type": "Point", "coordinates": [ 2695152.370642142370343, 237682.308098739886191 ] } },
{ "type": "Feature", "properties": { "objectid": 587015848, "distance_to_nearest_park": 421.43254187460292 }, "geometry": { "type": "Point", "coordinates": [ 2694733.665428232867271, 238426.956524788751267 ] } },
{ "type": "Feature", "properties": { "objectid": 587015861, "distance_to_nearest_park": 382.25299408505333 }, "geometry": { "type": "Point", "coordinates": [ 2695811.124546965584159, 239811.764721352257766 ] } },
{ "type": "Feature", "properties": { "objectid": 587015894, "distance_to_nearest_park": 842.75148697128827 }, "geometry": { "type": "Point", "coordinates": [ 2696150.606077003292739, 236716.355951366043882 ] } },
{ "type": "Feature", "properties": { "objectid": 587016338, "distance_to_nearest_park": 446.9440057388008 }, "geometry": { "type": "Point", "coordinates": [ 2694672.853111535310745, 239428.836746095301351 ] } },
{ "type": "Feature", "properties": { "objectid": 587015421, "distance_to_nearest_park": 846.92786576316746 }, "geometry": { "type": "Point", "coordinates": [ 2695013.435957359615713, 239854.29461546044331 ] } },
{ "type": "Feature", "properties": { "objectid": 587017399, "distance_to_nearest_park": 349.5229675804668 }, "geometry": { "type": "Point", "coordinates": [ 2694529.486943351570517, 238580.22496184107149 ] } },
{ "type": "Feature", "properties": { "objectid": 587011643, "distance_to_nearest_park": 880.17658608961938 }, "geometry": { "type": "Point", "coordinates": [ 2695152.370642142370343, 237682.308098739886191 ] } },
{ "type": "Feature", "properties": { "objectid": 587011895, "distance_to_nearest_park": 171.99966026999755 }, "geometry": { "type": "Point", "coordinates": [ 2696720.224911897908896, 237470.008234563661972 ] } },
{ "type": "Feature", "properties": { "objectid": 587018184, "distance_to_nearest_park": 171.99966026999755 }, "geometry": { "type": "Point", "coordinates": [ 2696720.224911897908896, 237470.008234563661972 ] } },
{ "type": "Feature", "properties": { "objectid": 587016472, "distance_to_nearest_park": 349.5229675804668 }, "geometry": { "type": "Point", "coordinates": [ 2694529.486943351570517, 238580.22496184107149 ] } },
{ "type": "Feature", "properties": { "objectid": 587016815, "distance_to_nearest_park": 1042.9488125412438 }, "geometry": { "type": "Point", "coordinates": [ 2695803.986384956166148, 237182.488953976804623 ] } },
{ "type": "Feature", "properties": { "objectid": 587018705, "distance_to_nearest_park": 171.99966026999755 }, "geometry": { "type": "Point", "coordinates": [ 2696720.224911897908896, 237470.008234563661972 ] } },
{ "type": "Feature", "properties": { "objectid": 587018921, "distance_to_nearest_park": 880.17658608961938 }, "geometry": { "type": "Point", "coordinates": [ 2695152.370642142370343, 237682.308098739886191 ] } },
{ "type": "Feature", "properties": { "objectid": 587018922, "distance_to_nearest_park": 1371.909136968857 }, "geometry": { "type": "Point", "coordinates": [ 2695474.921360549516976, 237194.686413409770466 ] } },
{ "type": "Feature", "properties": { "objectid": 587018932, "distance_to_nearest_park": 430.70807786778687 }, "geometry": { "type": "Point", "coordinates": [ 2694789.36473099142313, 238306.504183532233583 ] } },
{ "type": "Feature", "properties": { "objectid": 587018356, "distance_to_nearest_park": 298.83543122320901 }, "geometry": { "type": "Point", "coordinates": [ 2694817.960635470692068, 239243.222844557894859 ] } },
{ "type": "Feature", "properties": { "objectid": 587018358, "distance_to_nearest_park": 298.83543122320901 }, "geometry": { "type": "Point", "coordinates": [ 2694817.960635470692068, 239243.222844557894859 ] } },
{ "type": "Feature", "properties": { "objectid": 587020936, "distance_to_nearest_park": 349.5229675804668 }, "geometry": { "type": "Point", "coordinates": [ 2694529.486943351570517, 238580.22496184107149 ] } },
{ "type": "Feature", "properties": { "objectid": 587021190, "distance_to_nearest_park": 323.48815942470492 }, "geometry": { "type": "Point", "coordinates": [ 2694625.25472501758486, 239311.548360725311795 ] } },
{ "type": "Feature", "properties": { "objectid": 587021675, "distance_to_nearest_park": 701.40985378131575 }, "geometry": { "type": "Point", "coordinates": [ 2694084.342303118668497, 239625.134081213822355 ] } },
{ "type": "Feature", "properties": { "objectid": 587020464, "distance_to_nearest_park": 842.75148697128827 }, "geometry": { "type": "Point", "coordinates": [ 2696150.606077003292739, 236716.355951366043882 ] } },
{ "type": "Feature", "properties": { "objectid": 587022757, "distance_to_nearest_park": 836.81584149987623 }, "geometry": { "type": "Point", "coordinates": [ 2696036.191880917176604, 237440.777704252395779 ] } },
{ "type": "Feature", "properties": { "objectid": 587022805, "distance_to_nearest_park": 171.99966026999755 }, "geometry": { "type": "Point", "coordinates": [ 2696720.224911897908896, 237470.008234563661972 ] } },
{ "type": "Feature", "properties": { "objectid": 587022826, "distance_to_nearest_park": 880.17658608961938 }, "geometry": { "type": "Point", "coordinates": [ 2695152.370642142370343, 237682.308098739886191 ] } },
{ "type": "Feature", "properties": { "objectid": 587022827, "distance_to_nearest_park": 880.17658608961938 }, "geometry": { "type": "Point", "coordinates": [ 2695152.370642142370343, 237682.308098739886191 ] } },
{ "type": "Feature", "properties": { "objectid": 587021789, "distance_to_nearest_park": 653.88893616517225 }, "geometry": { "type": "Point", "coordinates": [ 2696594.573769078124315, 238299.420260631100973 ] } },
{ "type": "Feature", "properties": { "objectid": 587021790, "distance_to_nearest_park": 653.88893616517225 }, "geometry": { "type": "Point", "coordinates": [ 2696594.573769078124315, 238299.420260631100973 ] } },
{ "type": "Feature", "properties": { "objectid": 587022058, "distance_to_nearest_park": 1371.909136968857 }, "geometry": { "type": "Point", "coordinates": [ 2695474.921360549516976, 237194.686413409770466 ] } },
{ "type": "Feature", "properties": { "objectid": 587022077, "distance_to_nearest_park": 444.4013444349788 }, "geometry": { "type": "Point", "coordinates": [ 2695134.65018063178286, 239288.59987890458433 ] } },
{ "type": "Feature", "properties": { "objectid": 587022500, "distance_to_nearest_park": 701.40985378131575 }, "geometry": { "type": "Point", "coordinates": [ 2694084.342303118668497, 239625.134081213822355 ] } },
{ "type": "Feature", "properties": { "objectid": 587022610, "distance_to_nearest_park": 880.17658608961938 }, "geometry": { "type": "Point", "coordinates": [ 2695152.370642142370343, 237682.308098739886191 ] } },
{ "type": "Feature", "properties": { "objectid": 587019561, "distance_to_nearest_park": 109.78348591601551 }, "geometry": { "type": "Point", "coordinates": [ 2694469.865387341938913, 239111.64979695569491 ] } },
{ "type": "Feature", "properties": { "objectid": 587024529, "distance_to_nearest_park": 842.75148697128827 }, "geometry": { "type": "Point", "coordinates": [ 2696150.606077003292739, 236716.355951366043882 ] } },
{ "type": "Feature", "properties": { "objectid": 587025215, "distance_to_nearest_park": 105.99892621524626 }, "geometry": { "type": "Point", "coordinates": [ 2694681.892141377087682, 239073.045147002965678 ] } },
{ "type": "Feature", "properties": { "objectid": 587026854, "distance_to_nearest_park": 880.17658608961938 }, "geometry": { "type": "Point", "coordinates": [ 2695152.370642142370343, 237682.308098739886191 ] } },
{ "type": "Feature", "properties": { "objectid": 587026233, "distance_to_nearest_park": 842.75148697128827 }, "geometry": { "type": "Point", "coordinates": [ 2696150.606077003292739, 236716.355951366043882 ] } },
{ "type": "Feature", "properties": { "objectid": 587026885, "distance_to_nearest_park": 1075.582237072864 }, "geometry": { "type": "Point", "coordinates": [ 2695359.321724824607372, 237492.317559117800556 ] } },
{ "type": "Feature", "properties": { "objectid": 587026466, "distance_to_nearest_park": 148.89754922540214 }, "geometry": { "type": "Point", "coordinates": [ 2694827.9570701001212, 238740.225984945864184 ] } },
{ "type": "Feature", "properties": { "objectid": 587019819, "distance_to_nearest_park": 430.70807786778687 }, "geometry": { "type": "Point", "coordinates": [ 2694789.36473099142313, 238306.504183532233583 ] } },
{ "type": "Feature", "properties": { "objectid": 587020826, "distance_to_nearest_park": 701.40985378131575 }, "geometry": { "type": "Point", "coordinates": [ 2694084.342303118668497, 239625.134081213822355 ] } },
{ "type": "Feature", "properties": { "objectid": 587026796, "distance_to_nearest_park": 842.75148697128827 }, "geometry": { "type": "Point", "coordinates": [ 2696150.606077003292739, 236716.355951366043882 ] } },
{ "type": "Feature", "properties": { "objectid": 587026809, "distance_to_nearest_park": 430.70807786778687 }, "geometry": { "type": "Point", "coordinates": [ 2694789.36473099142313, 238306.504183532233583 ] } },
{ "type": "Feature", "properties": { "objectid": 587026283, "distance_to_nearest_park": 744.61275720410447 }, "geometry": { "type": "Point", "coordinates": [ 2696114.136612535919994, 237060.043425222975202 ] } },
{ "type": "Feature", "properties": { "objectid": 587025484, "distance_to_nearest_park": 1055.5221421602564 }, "geometry": { "type": "Point", "coordinates": [ 2694422.638115298002958, 237786.622497914679116 ] } },
{ "type": "Feature", "properties": { "objectid": 587025493, "distance_to_nearest_park": 697.70470770255133 }, "geometry": { "type": "Point", "coordinates": [ 2696197.62328452244401, 237568.704765368805965 ] } },
{ "type": "Feature", "properties": { "objectid": 587028274, "distance_to_nearest_park": 311.9476894729782 }, "geometry": { "type": "Point", "coordinates": [ 2695819.167310528922826, 239881.609063157986384 ] } },
{ "type": "Feature", "properties": { "objectid": 587027055, "distance_to_nearest_park": 349.5229675804668 }, "geometry": { "type": "Point", "coordinates": [ 2694529.486943351570517, 238580.22496184107149 ] } },
{ "type": "Feature", "properties": { "objectid": 587029982, "distance_to_nearest_park": 875.45284230295829 }, "geometry": { "type": "Point", "coordinates": [ 2695795.341748585924506, 239308.738816788740223 ] } },
{ "type": "Feature", "properties": { "objectid": 587029792, "distance_to_nearest_park": 171.99966026999755 }, "geometry": { "type": "Point", "coordinates": [ 2696720.224911897908896, 237470.008234563661972 ] } },
{ "type": "Feature", "properties": { "objectid": 587029133, "distance_to_nearest_park": 267.74622890189909 }, "geometry": { "type": "Point", "coordinates": [ 2693228.636586292646825, 237119.325517593766563 ] } },
{ "type": "Feature", "properties": { "objectid": 587029422, "distance_to_nearest_park": 1371.909136968857 }, "geometry": { "type": "Point", "coordinates": [ 2695474.921360549516976, 237194.686413409770466 ] } },
{ "type": "Feature", "properties": { "objectid": 587031531, "distance_to_nearest_park": 1288.6706838834641 }, "geometry": { "type": "Point", "coordinates": [ 2695558.575617819558829, 237230.307980575656984 ] } },
{ "type": "Feature", "properties": { "objectid": 587031560, "distance_to_nearest_park": 298.83543122320901 }, "geometry": { "type": "Point", "coordinates": [ 2694817.960635470692068, 239243.222844557894859 ] } },
{ "type": "Feature", "properties": { "objectid": 587031568, "distance_to_nearest_park": 1325.7079051908472 }, "geometry": { "type": "Point", "coordinates": [ 2695521.673720817547292, 237235.783747073204722 ] } },
{ "type": "Feature", "properties": { "objectid": 587031575, "distance_to_nearest_park": 991.8814155211752 }, "geometry": { "type": "Point", "coordinates": [ 2693814.894984952174127, 237566.174315943091642 ] } },
{ "type": "Feature", "properties": { "objectid": 587031577, "distance_to_nearest_park": 171.99966026999755 }, "geometry": { "type": "Point", "coordinates": [ 2696720.224911897908896, 237470.008234563661972 ] } },
{ "type": "Feature", "properties": { "objectid": 587031470, "distance_to_nearest_park": 842.75148697128827 }, "geometry": { "type": "Point", "coordinates": [ 2696150.606077003292739, 236716.355951366043882 ] } },
{ "type": "Feature", "properties": { "objectid": 587031370, "distance_to_nearest_park": 1235.9577267932918 }, "geometry": { "type": "Point", "coordinates": [ 2694147.783457961399108, 237528.556378126115305 ] } },
{ "type": "Feature", "properties": { "objectid": 587033505, "distance_to_nearest_park": 525.76871924895158 }, "geometry": { "type": "Point", "coordinates": [ 2695479.36772231105715, 239773.589353352726903 ] } },
{ "type": "Feature", "properties": { "objectid": 587033545, "distance_to_nearest_park": 690.95654942954366 }, "geometry": { "type": "Point", "coordinates": [ 2696389.932199676055461, 238172.406000444781967 ] } },
{ "type": "Feature", "properties": { "objectid": 587025383, "distance_to_nearest_park": 1711.0653137238687 }, "geometry": { "type": "Point", "coordinates": [ 2695184.23505436303094, 236788.181342460738961 ] } },
{ "type": "Feature", "properties": { "objectid": 587033890, "distance_to_nearest_park": 171.99966026999755 }, "geometry": { "type": "Point", "coordinates": [ 2696720.224911897908896, 237470.008234563661972 ] } },
{ "type": "Feature", "properties": { "objectid": 587035262, "distance_to_nearest_park": 1022.4678713946477 }, "geometry": { "type": "Point", "coordinates": [ 2697568.706517235375941, 239276.010157887649257 ] } },
{ "type": "Feature", "properties": { "objectid": 587035128, "distance_to_nearest_park": 551.70810002188375 }, "geometry": { "type": "Point", "coordinates": [ 2695655.687836438883096, 238917.235480455128709 ] } },
{ "type": "Feature", "properties": { "objectid": 587034491, "distance_to_nearest_park": 349.5229675804668 }, "geometry": { "type": "Point", "coordinates": [ 2694529.486943351570517, 238580.22496184107149 ] } },
{ "type": "Feature", "properties": { "objectid": 587036189, "distance_to_nearest_park": 234.35145525271889 }, "geometry": { "type": "Point", "coordinates": [ 2692939.950743324123323, 237409.712183571362402 ] } },
{ "type": "Feature", "properties": { "objectid": 587035973, "distance_to_nearest_park": 337.55877779983211 }, "geometry": { "type": "Point", "coordinates": [ 2694829.914216223172843, 238415.568282360676676 ] } },
{ "type": "Feature", "properties": { "objectid": 587036598, "distance_to_nearest_park": 523.83072623062958 }, "geometry": { "type": "Point", "coordinates": [ 2695891.88854978652671, 239668.727387977502076 ] } },
{ "type": "Feature", "properties": { "objectid": 587038619, "distance_to_nearest_park": 171.99966026999755 }, "geometry": { "type": "Point", "coordinates": [ 2696720.224911897908896, 237470.008234563661972 ] } },
{ "type": "Feature", "properties": { "objectid": 587038731, "distance_to_nearest_park": 171.99966026999755 }, "geometry": { "type": "Point", "coordinates": [ 2696720.224911897908896, 237470.008234563661972 ] } },
{ "type": "Feature", "properties": { "objectid": 587036023, "distance_to_nearest_park": 880.17658608961938 }, "geometry": { "type": "Point", "coordinates": [ 2695152.370642142370343, 237682.308098739886191 ] } },
{ "type": "Feature", "properties": { "objectid": 587040746, "distance_to_nearest_park": 1371.909136968857 }, "geometry": { "type": "Point", "coordinates": [ 2695474.921360549516976, 237194.686413409770466 ] } },
{ "type": "Feature", "properties": { "objectid": 587039794, "distance_to_nearest_park": 1069.9650424093425 }, "geometry": { "type": "Point", "coordinates": [ 2696255.17268870677799, 238863.793273465125822 ] } },
{ "type": "Feature", "properties": { "objectid": 587039688, "distance_to_nearest_park": 880.17658608961938 }, "geometry": { "type": "Point", "coordinates": [ 2695152.370642142370343, 237682.308098739886191 ] } },
{ "type": "Feature", "properties": { "objectid": 587042138, "distance_to_nearest_park": 1104.9018294114865 }, "geometry": { "type": "Point", "coordinates": [ 2696468.653088615275919, 239271.685191386204679 ] } },
{ "type": "Feature", "properties": { "objectid": 587042140, "distance_to_nearest_park": 1302.0421146931096 }, "geometry": { "type": "Point", "coordinates": [ 2696450.73874728474766, 239013.134855100506684 ] } },
{ "type": "Feature", "properties": { "objectid": 587042150, "distance_to_nearest_park": 1056.1279576428933 }, "geometry": { "type": "Point", "coordinates": [ 2696477.383218472823501, 239337.176737083907938 ] } },
{ "type": "Feature", "properties": { "objectid": 587042352, "distance_to_nearest_park": 1042.9488125412438 }, "geometry": { "type": "Point", "coordinates": [ 2695803.986384956166148, 237182.488953976804623 ] } },
{ "type": "Feature", "properties": { "objectid": 587042456, "distance_to_nearest_park": 171.99966026999755 }, "geometry": { "type": "Point", "coordinates": [ 2696720.224911897908896, 237470.008234563661972 ] } },
{ "type": "Feature", "properties": { "objectid": 587042030, "distance_to_nearest_park": 880.17658608961938 }, "geometry": { "type": "Point", "coordinates": [ 2695152.370642142370343, 237682.308098739886191 ] } },
{ "type": "Feature", "properties": { "objectid": 587041766, "distance_to_nearest_park": 681.83805846233679 }, "geometry": { "type": "Point", "coordinates": [ 2693536.353199053090066, 237404.947790700098267 ] } },
{ "type": "Feature", "properties": { "objectid": 587041992, "distance_to_nearest_park": 1371.909136968857 }, "geometry": { "type": "Point", "coordinates": [ 2695474.921360549516976, 237194.686413409770466 ] } },
{ "type": "Feature", "properties": { "objectid": 587041605, "distance_to_nearest_park": 460.07917831210318 }, "geometry": { "type": "Point", "coordinates": [ 2694671.58580768154934, 238459.027522074582521 ] } },
{ "type": "Feature", "properties": { "objectid": 587041611, "distance_to_nearest_park": 1711.0653137238687 }, "geometry": { "type": "Point", "coordinates": [ 2695184.23505436303094, 236788.181342460738961 ] } },
{ "type": "Feature", "properties": { "objectid": 587042024, "distance_to_nearest_park": 1336.5679660303642 }, "geometry": { "type": "Point", "coordinates": [ 2694242.011953307781368, 237567.034619691257831 ] } },
{ "type": "Feature", "properties": { "objectid": 587041420, "distance_to_nearest_park": 701.40985378131575 }, "geometry": { "type": "Point", "coordinates": [ 2694084.342303118668497, 239625.134081213822355 ] } },
{ "type": "Feature", "properties": { "objectid": 587044629, "distance_to_nearest_park": 349.5229675804668 }, "geometry": { "type": "Point", "coordinates": [ 2694529.486943351570517, 238580.22496184107149 ] } },
{ "type": "Feature", "properties": { "objectid": 587044017, "distance_to_nearest_park": 298.83543122320901 }, "geometry": { "type": "Point", "coordinates": [ 2694817.960635470692068, 239243.222844557894859 ] } },
{ "type": "Feature", "properties": { "objectid": 587043266, "distance_to_nearest_park": 1371.909136968857 }, "geometry": { "type": "Point", "coordinates": [ 2695474.921360549516976, 237194.686413409770466 ] } },
{ "type": "Feature", "properties": { "objectid": 587043310, "distance_to_nearest_park": 539.7522006673654 }, "geometry": { "type": "Point", "coordinates": [ 2695360.759143326431513, 239868.503576515096938 ] } },
{ "type": "Feature", "properties": { "objectid": 587043540, "distance_to_nearest_park": 1371.909136968857 }, "geometry": { "type": "Point", "coordinates": [ 2695474.921360549516976, 237194.686413409770466 ] } },
{ "type": "Feature", "properties": { "objectid": 587046334, "distance_to_nearest_park": 471.53302775064651 }, "geometry": { "type": "Point", "coordinates": [ 2695650.884009572211653, 239748.744987555284752 ] } },
{ "type": "Feature", "properties": { "objectid": 587045761, "distance_to_nearest_park": 446.9440057388008 }, "geometry": { "type": "Point", "coordinates": [ 2694672.853111535310745, 239428.836746095301351 ] } },
{ "type": "Feature", "properties": { "objectid": 587045983, "distance_to_nearest_park": 349.5229675804668 }, "geometry": { "type": "Point", "coordinates": [ 2694529.486943351570517, 238580.22496184107149 ] } },
{ "type": "Feature", "properties": { "objectid": 587046407, "distance_to_nearest_park": 880.17658608961938 }, "geometry": { "type": "Point", "coordinates": [ 2695152.370642142370343, 237682.308098739886191 ] } },
{ "type": "Feature", "properties": { "objectid": 587046280, "distance_to_nearest_park": 171.99966026999755 }, "geometry": { "type": "Point", "coordinates": [ 2696720.224911897908896, 237470.008234563661972 ] } },
{ "type": "Feature", "properties": { "objectid": 587045261, "distance_to_nearest_park": 912.30227505594894 }, "geometry": { "type": "Point", "coordinates": [ 2694825.539351911284029, 239873.560388493846403 ] } },
{ "type": "Feature", "properties": { "objectid": 587045262, "distance_to_nearest_park": 807.17956134669316 }, "geometry": { "type": "Point", "coordinates": [ 2694825.631615892518312, 239765.324700496217702 ] } },
{ "type": "Feature", "properties": { "objectid": 587044817, "distance_to_nearest_park": 1065.6645756406194 }, "geometry": { "type": "Point", "coordinates": [ 2694619.493719832506031, 237634.595904590620194 ] } },
{ "type": "Feature", "properties": { "objectid": 587045656, "distance_to_nearest_park": 701.40985378131575 }, "geometry": { "type": "Point", "coordinates": [ 2694084.342303118668497, 239625.134081213822355 ] } },
{ "type": "Feature", "properties": { "objectid": 587044940, "distance_to_nearest_park": 880.17658608961938 }, "geometry": { "type": "Point", "coordinates": [ 2695152.370642142370343, 237682.308098739886191 ] } },
{ "type": "Feature", "properties": { "objectid": 587045218, "distance_to_nearest_park": 1371.909136968857 }, "geometry": { "type": "Point", "coordinates": [ 2695474.921360549516976, 237194.686413409770466 ] } },
{ "type": "Feature", "properties": { "objectid": 587047694, "distance_to_nearest_park": 969.96974654085238 }, "geometry": { "type": "Point", "coordinates": [ 2695421.78301899926737, 237609.679482000676217 ] } },
{ "type": "Feature", "properties": { "objectid": 587047634, "distance_to_nearest_park": 887.06556411120323 }, "geometry": { "type": "Point", "coordinates": [ 2695870.908330843783915, 239304.400056490703719 ] } },
{ "type": "Feature", "properties": { "objectid": 587047636, "distance_to_nearest_park": 1049.3670094939794 }, "geometry": { "type": "Point", "coordinates": [ 2694707.454056507442147, 237609.479658375406871 ] } },
{ "type": "Feature", "properties": { "objectid": 587047141, "distance_to_nearest_park": 171.99966026999755 }, "geometry": { "type": "Point", "coordinates": [ 2696720.224911897908896, 237470.008234563661972 ] } },
{ "type": "Feature", "properties": { "objectid": 587047174, "distance_to_nearest_park": 899.00860661073114 }, "geometry": { "type": "Point", "coordinates": [ 2696158.440439671743661, 238204.957356641738443 ] } },
{ "type": "Feature", "properties": { "objectid": 587049453, "distance_to_nearest_park": 465.68639124684762 }, "geometry": { "type": "Point", "coordinates": [ 2695857.403736949898303, 239725.659571547759697 ] } },
{ "type": "Feature", "properties": { "objectid": 587049706, "distance_to_nearest_park": 688.39880009866579 }, "geometry": { "type": "Point", "coordinates": [ 2695771.588645522017032, 238990.978380864631617 ] } },
{ "type": "Feature", "properties": { "objectid": 587049723, "distance_to_nearest_park": 1051.1210385801655 }, "geometry": { "type": "Point", "coordinates": [ 2693599.802364477422088, 239671.063024381786818 ] } },
{ "type": "Feature", "properties": { "objectid": 587049762, "distance_to_nearest_park": 996.45946876908272 }, "geometry": { "type": "Point", "coordinates": [ 2693754.169555917847902, 239752.847978040925227 ] } },
{ "type": "Feature", "properties": { "objectid": 587049414, "distance_to_nearest_park": 171.99966026999755 }, "geometry": { "type": "Point", "coordinates": [ 2696720.224911897908896, 237470.008234563661972 ] } },
{ "type": "Feature", "properties": { "objectid": 587049049, "distance_to_nearest_park": 109.78348591601551 }, "geometry": { "type": "Point", "coordinates": [ 2694469.865387341938913, 239111.64979695569491 ] } },
{ "type": "Feature", "properties": { "objectid": 587048874, "distance_to_nearest_park": 92.399350282854726 }, "geometry": { "type": "Point", "coordinates": [ 2694597.780178971588612, 239081.874506317952182 ] } },
{ "type": "Feature", "properties": { "objectid": 587048740, "distance_to_nearest_park": 1279.4202119903675 }, "geometry": { "type": "Point", "coordinates": [ 2697022.970428387634456, 239666.287525629246375 ] } },
{ "type": "Feature", "properties": { "objectid": 587050608, "distance_to_nearest_park": 453.90112364407747 }, "geometry": { "type": "Point", "coordinates": [ 2695160.556959031149745, 239284.987375911703566 ] } },
{ "type": "Feature", "properties": { "objectid": 587052747, "distance_to_nearest_park": 825.68491006157353 }, "geometry": { "type": "Point", "coordinates": [ 2695116.589443741366267, 239712.641150346345967 ] } },
{ "type": "Feature", "properties": { "objectid": 587052751, "distance_to_nearest_park": 382.53778146123409 }, "geometry": { "type": "Point", "coordinates": [ 2695793.117164431139827, 239813.786513246246614 ] } },
{ "type": "Feature", "properties": { "objectid": 587052779, "distance_to_nearest_park": 430.70807786778687 }, "geometry": { "type": "Point", "coordinates": [ 2694789.36473099142313, 238306.504183532233583 ] } },
{ "type": "Feature", "properties": { "objectid": 587053102, "distance_to_nearest_park": 171.99966026999755 }, "geometry": { "type": "Point", "coordinates": [ 2696720.224911897908896, 237470.008234563661972 ] } },
{ "type": "Feature", "properties": { "objectid": 587053146, "distance_to_nearest_park": 1371.909136968857 }, "geometry": { "type": "Point", "coordinates": [ 2695474.921360549516976, 237194.686413409770466 ] } },
{ "type": "Feature", "properties": { "objectid": 587053148, "distance_to_nearest_park": 1371.909136968857 }, "geometry": { "type": "Point", "coordinates": [ 2695474.921360549516976, 237194.686413409770466 ] } },
{ "type": "Feature", "properties": { "objectid": 587051902, "distance_to_nearest_park": 475.24361761635652 }, "geometry": { "type": "Point", "coordinates": [ 2695914.508259052410722, 239719.684981633356074 ] } },
{ "type": "Feature", "properties": { "objectid": 587052435, "distance_to_nearest_park": 80.727781852741359 }, "geometry": { "type": "Point", "coordinates": [ 2694829.006249043624848, 239019.781501603545621 ] } },
{ "type": "Feature", "properties": { "objectid": 587052436, "distance_to_nearest_park": 80.727781852741359 }, "geometry": { "type": "Point", "coordinates": [ 2694829.006249043624848, 239019.781501603545621 ] } },
{ "type": "Feature", "properties": { "objectid": 587052437, "distance_to_nearest_park": 80.727781852741359 }, "geometry": { "type": "Point", "coordinates": [ 2694829.006249043624848, 239019.781501603545621 ] } },
{ "type": "Feature", "properties": { "objectid": 587052438, "distance_to_nearest_park": 80.727781852741359 }, "geometry": { "type": "Point", "coordinates": [ 2694829.006249043624848, 239019.781501603545621 ] } },
{ "type": "Feature", "properties": { "objectid": 587043861, "distance_to_nearest_park": 842.75148697128827 }, "geometry": { "type": "Point", "coordinates": [ 2696150.606077003292739, 236716.355951366043882 ] } },
{ "type": "Feature", "properties": { "objectid": 587054668, "distance_to_nearest_park": 465.48811328171098 }, "geometry": { "type": "Point", "coordinates": [ 2695698.720559801906347, 239743.226430980867008 ] } },
{ "type": "Feature", "properties": { "objectid": 587055152, "distance_to_nearest_park": 1208.2902639102781 }, "geometry": { "type": "Point", "coordinates": [ 2696630.141844391357154, 238939.694172224262729 ] } },
{ "type": "Feature", "properties": { "objectid": 587053916, "distance_to_nearest_park": 578.26537291238162 }, "geometry": { "type": "Point", "coordinates": [ 2694635.39556588511914, 239568.046521030832082 ] } },
{ "type": "Feature", "properties": { "objectid": 587053927, "distance_to_nearest_park": 880.17658608961938 }, "geometry": { "type": "Point", "coordinates": [ 2695152.370642142370343, 237682.308098739886191 ] } },
{ "type": "Feature", "properties": { "objectid": 587053703, "distance_to_nearest_park": 430.70807786778687 }, "geometry": { "type": "Point", "coordinates": [ 2694789.36473099142313, 238306.504183532233583 ] } },
{ "type": "Feature", "properties": { "objectid": 587054038, "distance_to_nearest_park": 701.40985378131575 }, "geometry": { "type": "Point", "coordinates": [ 2694084.342303118668497, 239625.134081213822355 ] } },
{ "type": "Feature", "properties": { "objectid": 587056532, "distance_to_nearest_park": 880.17658608961938 }, "geometry": { "type": "Point", "coordinates": [ 2695152.370642142370343, 237682.308098739886191 ] } },
{ "type": "Feature", "properties": { "objectid": 587056533, "distance_to_nearest_park": 880.17658608961938 }, "geometry": { "type": "Point", "coordinates": [ 2695152.370642142370343, 237682.308098739886191 ] } },
{ "type": "Feature", "properties": { "objectid": 587057001, "distance_to_nearest_park": 918.71173383724022 }, "geometry": { "type": "Point", "coordinates": [ 2695952.760761660989374, 237435.773954655072885 ] } },
{ "type": "Feature", "properties": { "objectid": 587056793, "distance_to_nearest_park": 1371.909136968857 }, "geometry": { "type": "Point", "coordinates": [ 2695474.921360549516976, 237194.686413409770466 ] } },
{ "type": "Feature", "properties": { "objectid": 587057024, "distance_to_nearest_park": 842.75148697128827 }, "geometry": { "type": "Point", "coordinates": [ 2696150.606077003292739, 236716.355951366043882 ] } },
{ "type": "Feature", "properties": { "objectid": 587055535, "distance_to_nearest_park": 880.17658608961938 }, "geometry": { "type": "Point", "coordinates": [ 2695152.370642142370343, 237682.308098739886191 ] } },
{ "type": "Feature", "properties": { "objectid": 587055599, "distance_to_nearest_park": 880.17658608961938 }, "geometry": { "type": "Point", "coordinates": [ 2695152.370642142370343, 237682.308098739886191 ] } },
{ "type": "Feature", "properties": { "objectid": 587058170, "distance_to_nearest_park": 1115.3263187517546 }, "geometry": { "type": "Point", "coordinates": [ 2696270.505296404007822, 238962.27846890850924 ] } },
{ "type": "Feature", "properties": { "objectid": 587058857, "distance_to_nearest_park": 701.40985378131575 }, "geometry": { "type": "Point", "coordinates": [ 2694084.342303118668497, 239625.134081213822355 ] } },
{ "type": "Feature", "properties": { "objectid": 587101275, "distance_to_nearest_park": 312.13156043837813 }, "geometry": { "type": "Point", "coordinates": [ 2694436.040273460093886, 238629.962629166664556 ] } },
{ "type": "Feature", "properties": { "objectid": 587057341, "distance_to_nearest_park": 880.17658608961938 }, "geometry": { "type": "Point", "coordinates": [ 2695152.370642142370343, 237682.308098739886191 ] } },
{ "type": "Feature", "properties": { "objectid": 587060526, "distance_to_nearest_park": 959.82266444266327 }, "geometry": { "type": "Point", "coordinates": [ 2695911.946664151735604, 237440.769691602879902 ] } },
{ "type": "Feature", "properties": { "objectid": 587060432, "distance_to_nearest_park": 1711.0653137238687 }, "geometry": { "type": "Point", "coordinates": [ 2695184.23505436303094, 236788.181342460738961 ] } },
{ "type": "Feature", "properties": { "objectid": 587059175, "distance_to_nearest_park": 701.40985378131575 }, "geometry": { "type": "Point", "coordinates": [ 2694084.342303118668497, 239625.134081213822355 ] } },
{ "type": "Feature", "properties": { "objectid": 587059741, "distance_to_nearest_park": 469.19141678059145 }, "geometry": { "type": "Point", "coordinates": [ 2695530.820794189814478, 238203.638737298344495 ] } },
{ "type": "Feature", "properties": { "objectid": 587059529, "distance_to_nearest_park": 450.18374696266653 }, "geometry": { "type": "Point", "coordinates": [ 2694343.541132859885693, 239450.516511125257239 ] } },
{ "type": "Feature", "properties": { "objectid": 587059338, "distance_to_nearest_park": 1482.1122203262225 }, "geometry": { "type": "Point", "coordinates": [ 2695431.538191711995751, 236752.440581399889197 ] } },
{ "type": "Feature", "properties": { "objectid": 587062226, "distance_to_nearest_park": 1482.1122203262225 }, "geometry": { "type": "Point", "coordinates": [ 2695431.538191711995751, 236752.440581399889197 ] } },
{ "type": "Feature", "properties": { "objectid": 587060746, "distance_to_nearest_park": 1251.6179847983367 }, "geometry": { "type": "Point", "coordinates": [ 2694144.225779894273728, 237563.802606987650506 ] } },
{ "type": "Feature", "properties": { "objectid": 587061453, "distance_to_nearest_park": 1482.1122203262225 }, "geometry": { "type": "Point", "coordinates": [ 2695431.538191711995751, 236752.440581399889197 ] } },
{ "type": "Feature", "properties": { "objectid": 587105252, "distance_to_nearest_park": 1178.4777095132636 }, "geometry": { "type": "Point", "coordinates": [ 2695256.843671006150544, 237381.433801824547118 ] } },
{ "type": "Feature", "properties": { "objectid": 587061161, "distance_to_nearest_park": 880.17658608961938 }, "geometry": { "type": "Point", "coordinates": [ 2695152.370642142370343, 237682.308098739886191 ] } },
{ "type": "Feature", "properties": { "objectid": 587063589, "distance_to_nearest_park": 1482.1122203262225 }, "geometry": { "type": "Point", "coordinates": [ 2695431.538191711995751, 236752.440581399889197 ] } },
{ "type": "Feature", "properties": { "objectid": 587064036, "distance_to_nearest_park": 1711.0653137238687 }, "geometry": { "type": "Point", "coordinates": [ 2695184.23505436303094, 236788.181342460738961 ] } },
{ "type": "Feature", "properties": { "objectid": 587063831, "distance_to_nearest_park": 1352.6184648313454 }, "geometry": { "type": "Point", "coordinates": [ 2695347.909153165761381, 237212.457502066507004 ] } },
{ "type": "Feature", "properties": { "objectid": 587063170, "distance_to_nearest_park": 880.17658608961938 }, "geometry": { "type": "Point", "coordinates": [ 2695152.370642142370343, 237682.308098739886191 ] } },
{ "type": "Feature", "properties": { "objectid": 587121925, "distance_to_nearest_park": 676.55569270649619 }, "geometry": { "type": "Point", "coordinates": [ 2695413.038650139700621, 239387.157274840195896 ] } },
{ "type": "Feature", "properties": { "objectid": 587062863, "distance_to_nearest_park": 1043.3952885835622 }, "geometry": { "type": "Point", "coordinates": [ 2693425.1405093614012, 238654.628838987235213 ] } },
{ "type": "Feature", "properties": { "objectid": 587065988, "distance_to_nearest_park": 567.17032696226795 }, "geometry": { "type": "Point", "coordinates": [ 2696078.358312520664185, 239669.471858296426944 ] } },
{ "type": "Feature", "properties": { "objectid": 587065656, "distance_to_nearest_park": 1105.3507092417456 }, "geometry": { "type": "Point", "coordinates": [ 2694612.003540494013578, 237593.558973468199838 ] } },
{ "type": "Feature", "properties": { "objectid": 587065712, "distance_to_nearest_park": 1711.0653137238687 }, "geometry": { "type": "Point", "coordinates": [ 2695184.23505436303094, 236788.181342460738961 ] } },
{ "type": "Feature", "properties": { "objectid": 587065716, "distance_to_nearest_park": 430.70807786778687 }, "geometry": { "type": "Point", "coordinates": [ 2694789.36473099142313, 238306.504183532233583 ] } },
{ "type": "Feature", "properties": { "objectid": 587065717, "distance_to_nearest_park": 430.70807786778687 }, "geometry": { "type": "Point", "coordinates": [ 2694789.36473099142313, 238306.504183532233583 ] } },
{ "type": "Feature", "properties": { "objectid": 587065718, "distance_to_nearest_park": 430.70807786778687 }, "geometry": { "type": "Point", "coordinates": [ 2694789.36473099142313, 238306.504183532233583 ] } },
{ "type": "Feature", "properties": { "objectid": 587065719, "distance_to_nearest_park": 430.70807786778687 }, "geometry": { "type": "Point", "coordinates": [ 2694789.36473099142313, 238306.504183532233583 ] } },
{ "type": "Feature", "properties": { "objectid": 587065720, "distance_to_nearest_park": 430.70807786778687 }, "geometry": { "type": "Point", "coordinates": [ 2694789.36473099142313, 238306.504183532233583 ] } },
{ "type": "Feature", "properties": { "objectid": 587064932, "distance_to_nearest_park": 446.9440057388008 }, "geometry": { "type": "Point", "coordinates": [ 2694672.853111535310745, 239428.836746095301351 ] } },
{ "type": "Feature", "properties": { "objectid": 587064950, "distance_to_nearest_park": 1628.6038331185314 }, "geometry": { "type": "Point", "coordinates": [ 2695273.009780776686966, 236773.659650363377295 ] } },
{ "type": "Feature", "properties": { "objectid": 587064763, "distance_to_nearest_park": 1371.909136968857 }, "geometry": { "type": "Point", "coordinates": [ 2695474.921360549516976, 237194.686413409770466 ] } },
{ "type": "Feature", "properties": { "objectid": 587065069, "distance_to_nearest_park": 1100.9295364234063 }, "geometry": { "type": "Point", "coordinates": [ 2696261.169337154831737, 238945.968551184661919 ] } },
{ "type": "Feature", "properties": { "objectid": 587064701, "distance_to_nearest_park": 701.40985378131575 }, "geometry": { "type": "Point", "coordinates": [ 2694084.342303118668497, 239625.134081213822355 ] } },
{ "type": "Feature", "properties": { "objectid": 587067446, "distance_to_nearest_park": 842.75148697128827 }, "geometry": { "type": "Point", "coordinates": [ 2696150.606077003292739, 236716.355951366043882 ] } },
{ "type": "Feature", "properties": { "objectid": 587067517, "distance_to_nearest_park": 1042.9488125412438 }, "geometry": { "type": "Point", "coordinates": [ 2695803.986384956166148, 237182.488953976804623 ] } },
{ "type": "Feature", "properties": { "objectid": 587066026, "distance_to_nearest_park": 842.75148697128827 }, "geometry": { "type": "Point", "coordinates": [ 2696150.606077003292739, 236716.355951366043882 ] } },
{ "type": "Feature", "properties": { "objectid": 587066329, "distance_to_nearest_park": 163.72262410902269 }, "geometry": { "type": "Point", "coordinates": [ 2694312.7005584849976, 239134.736749644973315 ] } },
{ "type": "Feature", "properties": { "objectid": 587066872, "distance_to_nearest_park": 1482.1122203262225 }, "geometry": { "type": "Point", "coordinates": [ 2695431.538191711995751, 236752.440581399889197 ] } },
{ "type": "Feature", "properties": { "objectid": 587069350, "distance_to_nearest_park": 880.17658608961938 }, "geometry": { "type": "Point", "coordinates": [ 2695152.370642142370343, 237682.308098739886191 ] } },
{ "type": "Feature", "properties": { "objectid": 587069351, "distance_to_nearest_park": 880.17658608961938 }, "geometry": { "type": "Point", "coordinates": [ 2695152.370642142370343, 237682.308098739886191 ] } },
{ "type": "Feature", "properties": { "objectid": 587068925, "distance_to_nearest_park": 880.17658608961938 }, "geometry": { "type": "Point", "coordinates": [ 2695152.370642142370343, 237682.308098739886191 ] } },
{ "type": "Feature", "properties": { "objectid": 587068929, "distance_to_nearest_park": 1711.0653137238687 }, "geometry": { "type": "Point", "coordinates": [ 2695184.23505436303094, 236788.181342460738961 ] } },
{ "type": "Feature", "properties": { "objectid": 587069266, "distance_to_nearest_park": 446.9440057388008 }, "geometry": { "type": "Point", "coordinates": [ 2694672.853111535310745, 239428.836746095301351 ] } },
{ "type": "Feature", "properties": { "objectid": 587068850, "distance_to_nearest_park": 1371.909136968857 }, "geometry": { "type": "Point", "coordinates": [ 2695474.921360549516976, 237194.686413409770466 ] } },
{ "type": "Feature", "properties": { "objectid": 587069084, "distance_to_nearest_park": 1042.9488125412438 }, "geometry": { "type": "Point", "coordinates": [ 2695803.986384956166148, 237182.488953976804623 ] } },
{ "type": "Feature", "properties": { "objectid": 587068289, "distance_to_nearest_park": 520.01186774129894 }, "geometry": { "type": "Point", "coordinates": [ 2695811.268832129426301, 239673.281964879482985 ] } },
{ "type": "Feature", "properties": { "objectid": 587068370, "distance_to_nearest_park": 704.27766072097745 }, "geometry": { "type": "Point", "coordinates": [ 2695371.044812823645771, 239451.522750267584343 ] } },
{ "type": "Feature", "properties": { "objectid": 587067950, "distance_to_nearest_park": 880.17658608961938 }, "geometry": { "type": "Point", "coordinates": [ 2695152.370642142370343, 237682.308098739886191 ] } },
{ "type": "Feature", "properties": { "objectid": 587067951, "distance_to_nearest_park": 880.17658608961938 }, "geometry": { "type": "Point", "coordinates": [ 2695152.370642142370343, 237682.308098739886191 ] } },
{ "type": "Feature", "properties": { "objectid": 587070662, "distance_to_nearest_park": 880.17658608961938 }, "geometry": { "type": "Point", "coordinates": [ 2695152.370642142370343, 237682.308098739886191 ] } },
{ "type": "Feature", "properties": { "objectid": 587070468, "distance_to_nearest_park": 1082.4409051135176 }, "geometry": { "type": "Point", "coordinates": [ 2695826.977102494332939, 236829.658460692327935 ] } },
{ "type": "Feature", "properties": { "objectid": 587070563, "distance_to_nearest_park": 932.20970017657419 }, "geometry": { "type": "Point", "coordinates": [ 2696073.810539879836142, 238174.042666290799389 ] } },
{ "type": "Feature", "properties": { "objectid": 587070584, "distance_to_nearest_park": 291.85159885978669 }, "geometry": { "type": "Point", "coordinates": [ 2695002.650936743244529, 239180.494486617564689 ] } },
{ "type": "Feature", "properties": { "objectid": 587070145, "distance_to_nearest_park": 765.94541390565564 }, "geometry": { "type": "Point", "coordinates": [ 2696105.847059524618089, 236998.573862424644176 ] } },
{ "type": "Feature", "properties": { "objectid": 587070150, "distance_to_nearest_park": 349.5229675804668 }, "geometry": { "type": "Point", "coordinates": [ 2694529.486943351570517, 238580.22496184107149 ] } },
{ "type": "Feature", "properties": { "objectid": 587070158, "distance_to_nearest_park": 880.17658608961938 }, "geometry": { "type": "Point", "coordinates": [ 2695152.370642142370343, 237682.308098739886191 ] } },
{ "type": "Feature", "properties": { "objectid": 587072888, "distance_to_nearest_park": 319.64964837238273 }, "geometry": { "type": "Point", "coordinates": [ 2695024.209579942747951, 239200.807160304480931 ] } },
{ "type": "Feature", "properties": { "objectid": 587071557, "distance_to_nearest_park": 880.17658608961938 }, "geometry": { "type": "Point", "coordinates": [ 2695152.370642142370343, 237682.308098739886191 ] } },
{ "type": "Feature", "properties": { "objectid": 587071805, "distance_to_nearest_park": 880.17658608961938 }, "geometry": { "type": "Point", "coordinates": [ 2695152.370642142370343, 237682.308098739886191 ] } },
{ "type": "Feature", "properties": { "objectid": 587072095, "distance_to_nearest_park": 1067.444308200169 }, "geometry": { "type": "Point", "coordinates": [ 2695907.523185779806226, 236684.792331714415923 ] } },
{ "type": "Feature", "properties": { "objectid": 587071502, "distance_to_nearest_park": 701.40985378131575 }, "geometry": { "type": "Point", "coordinates": [ 2694084.342303118668497, 239625.134081213822355 ] } },
{ "type": "Feature", "properties": { "objectid": 587074018, "distance_to_nearest_park": 349.5229675804668 }, "geometry": { "type": "Point", "coordinates": [ 2694529.486943351570517, 238580.22496184107149 ] } },
{ "type": "Feature", "properties": { "objectid": 587074039, "distance_to_nearest_park": 880.17658608961938 }, "geometry": { "type": "Point", "coordinates": [ 2695152.370642142370343, 237682.308098739886191 ] } },
{ "type": "Feature", "properties": { "objectid": 587074044, "distance_to_nearest_park": 1711.0653137238687 }, "geometry": { "type": "Point", "coordinates": [ 2695184.23505436303094, 236788.181342460738961 ] } },
{ "type": "Feature", "properties": { "objectid": 587074545, "distance_to_nearest_park": 349.5229675804668 }, "geometry": { "type": "Point", "coordinates": [ 2694529.486943351570517, 238580.22496184107149 ] } },
{ "type": "Feature", "properties": { "objectid": 587074583, "distance_to_nearest_park": 171.99966026999755 }, "geometry": { "type": "Point", "coordinates": [ 2696720.224911897908896, 237470.008234563661972 ] } },
{ "type": "Feature", "properties": { "objectid": 587073775, "distance_to_nearest_park": 298.83543122320901 }, "geometry": { "type": "Point", "coordinates": [ 2694817.960635470692068, 239243.222844557894859 ] } },
{ "type": "Feature", "properties": { "objectid": 587073786, "distance_to_nearest_park": 695.14789264181024 }, "geometry": { "type": "Point", "coordinates": [ 2695164.381627694703639, 239890.068733650288777 ] } },
{ "type": "Feature", "properties": { "objectid": 587073593, "distance_to_nearest_park": 521.52135447785986 }, "geometry": { "type": "Point", "coordinates": [ 2694023.819181818980724, 238647.757108321646228 ] } },
{ "type": "Feature", "properties": { "objectid": 587073650, "distance_to_nearest_park": 1040.152042932255 }, "geometry": { "type": "Point", "coordinates": [ 2696790.721419524401426, 239734.525405566033442 ] } },
{ "type": "Feature", "properties": { "objectid": 587073298, "distance_to_nearest_park": 676.6824332107368 }, "geometry": { "type": "Point", "coordinates": [ 2696196.831972889602184, 237433.474422955157934 ] } },
{ "type": "Feature", "properties": { "objectid": 587076431, "distance_to_nearest_park": 349.5229675804668 }, "geometry": { "type": "Point", "coordinates": [ 2694529.486943351570517, 238580.22496184107149 ] } },
{ "type": "Feature", "properties": { "objectid": 587075866, "distance_to_nearest_park": 358.3714498621087 }, "geometry": { "type": "Point", "coordinates": [ 2694629.711371141951531, 238567.130411359656136 ] } },
{ "type": "Feature", "properties": { "objectid": 587076300, "distance_to_nearest_park": 701.40985378131575 }, "geometry": { "type": "Point", "coordinates": [ 2694084.342303118668497, 239625.134081213822355 ] } },
{ "type": "Feature", "properties": { "objectid": 587076535, "distance_to_nearest_park": 1124.1608749885634 }, "geometry": { "type": "Point", "coordinates": [ 2695756.396830930840224, 237513.45905394674628 ] } },
{ "type": "Feature", "properties": { "objectid": 587075901, "distance_to_nearest_park": 446.9440057388008 }, "geometry": { "type": "Point", "coordinates": [ 2694672.853111535310745, 239428.836746095301351 ] } },
{ "type": "Feature", "properties": { "objectid": 587075580, "distance_to_nearest_park": 446.9440057388008 }, "geometry": { "type": "Point", "coordinates": [ 2694672.853111535310745, 239428.836746095301351 ] } },
{ "type": "Feature", "properties": { "objectid": 587075604, "distance_to_nearest_park": 430.70807786778687 }, "geometry": { "type": "Point", "coordinates": [ 2694789.36473099142313, 238306.504183532233583 ] } },
{ "type": "Feature", "properties": { "objectid": 587075733, "distance_to_nearest_park": 202.68313325942358 }, "geometry": { "type": "Point", "coordinates": [ 2694954.264289004728198, 238469.146628800226608 ] } },
{ "type": "Feature", "properties": { "objectid": 587075282, "distance_to_nearest_park": 757.86698697099132 }, "geometry": { "type": "Point", "coordinates": [ 2694371.293036918155849, 238188.914538636629004 ] } },
{ "type": "Feature", "properties": { "objectid": 587075303, "distance_to_nearest_park": 880.17658608961938 }, "geometry": { "type": "Point", "coordinates": [ 2695152.370642142370343, 237682.308098739886191 ] } },
{ "type": "Feature", "properties": { "objectid": 587078051, "distance_to_nearest_park": 334.900414200451 }, "geometry": { "type": "Point", "coordinates": [ 2694786.535790244117379, 238546.222000374662457 ] } },
{ "type": "Feature", "properties": { "objectid": 587077867, "distance_to_nearest_park": 701.40985378131575 }, "geometry": { "type": "Point", "coordinates": [ 2694084.342303118668497, 239625.134081213822355 ] } },
{ "type": "Feature", "properties": { "objectid": 587076943, "distance_to_nearest_park": 171.99966026999755 }, "geometry": { "type": "Point", "coordinates": [ 2696720.224911897908896, 237470.008234563661972 ] } },
{ "type": "Feature", "properties": { "objectid": 587076716, "distance_to_nearest_park": 105.99892621524626 }, "geometry": { "type": "Point", "coordinates": [ 2694681.892141377087682, 239073.045147002965678 ] } },
{ "type": "Feature", "properties": { "objectid": 587076972, "distance_to_nearest_park": 531.69803604495451 }, "geometry": { "type": "Point", "coordinates": [ 2694764.352458946872503, 238184.047475716070039 ] } },
{ "type": "Feature", "properties": { "objectid": 587076979, "distance_to_nearest_park": 1657.3129719757101 }, "geometry": { "type": "Point", "coordinates": [ 2695242.325791097711772, 236777.496261441177921 ] } },
{ "type": "Feature", "properties": { "objectid": 587076805, "distance_to_nearest_park": 884.77404776053663 }, "geometry": { "type": "Point", "coordinates": [ 2696346.875256611499935, 239455.060476185608422 ] } },
{ "type": "Feature", "properties": { "objectid": 587076817, "distance_to_nearest_park": 842.75148697128827 }, "geometry": { "type": "Point", "coordinates": [ 2696150.606077003292739, 236716.355951366043882 ] } },
{ "type": "Feature", "properties": { "objectid": 587080167, "distance_to_nearest_park": 601.47801304339896 }, "geometry": { "type": "Point", "coordinates": [ 2696519.574550169054419, 238179.499654542654753 ] } },
{ "type": "Feature", "properties": { "objectid": 587079961, "distance_to_nearest_park": 787.36618117858518 }, "geometry": { "type": "Point", "coordinates": [ 2695044.987333152443171, 239935.397620726114837 ] } },
{ "type": "Feature", "properties": { "objectid": 587080077, "distance_to_nearest_park": 1105.3507092417456 }, "geometry": { "type": "Point", "coordinates": [ 2694612.003540494013578, 237593.558973468199838 ] } },
{ "type": "Feature", "properties": { "objectid": 587079651, "distance_to_nearest_park": 842.75148697128827 }, "geometry": { "type": "Point", "coordinates": [ 2696150.606077003292739, 236716.355951366043882 ] } },
{ "type": "Feature", "properties": { "objectid": 587078431, "distance_to_nearest_park": 1133.0646438427532 }, "geometry": { "type": "Point", "coordinates": [ 2695713.8798608193174, 237213.733782741823234 ] } },
{ "type": "Feature", "properties": { "objectid": 587078471, "distance_to_nearest_park": 398.34061914792881 }, "geometry": { "type": "Point", "coordinates": [ 2697277.27499437937513, 238449.257364989083726 ] } },
{ "type": "Feature", "properties": { "objectid": 587078960, "distance_to_nearest_park": 298.83543122320901 }, "geometry": { "type": "Point", "coordinates": [ 2694817.960635470692068, 239243.222844557894859 ] } },
{ "type": "Feature", "properties": { "objectid": 587078517, "distance_to_nearest_park": 880.17658608961938 }, "geometry": { "type": "Point", "coordinates": [ 2695152.370642142370343, 237682.308098739886191 ] } },
{ "type": "Feature", "properties": { "objectid": 587079038, "distance_to_nearest_park": 171.99966026999755 }, "geometry": { "type": "Point", "coordinates": [ 2696720.224911897908896, 237470.008234563661972 ] } },
{ "type": "Feature", "properties": { "objectid": 587081112, "distance_to_nearest_park": 468.07841843243074 }, "geometry": { "type": "Point", "coordinates": [ 2695873.169623569119722, 239723.571934610459721 ] } },
{ "type": "Feature", "properties": { "objectid": 587081449, "distance_to_nearest_park": 570.22394531377222 }, "geometry": { "type": "Point", "coordinates": [ 2695398.049013265874237, 239782.862437958858209 ] } },
{ "type": "Feature", "properties": { "objectid": 587081715, "distance_to_nearest_park": 92.399350282854726 }, "geometry": { "type": "Point", "coordinates": [ 2694597.780178971588612, 239081.874506317952182 ] } },
{ "type": "Feature", "properties": { "objectid": 587080986, "distance_to_nearest_park": 319.64964837238273 }, "geometry": { "type": "Point", "coordinates": [ 2695024.209579942747951, 239200.807160304480931 ] } },
{ "type": "Feature", "properties": { "objectid": 587080294, "distance_to_nearest_park": 1221.9430102825654 }, "geometry": { "type": "Point", "coordinates": [ 2693867.77267690282315, 237876.768093293503625 ] } },
{ "type": "Feature", "properties": { "objectid": 587080566, "distance_to_nearest_park": 905.34337557220158 }, "geometry": { "type": "Point", "coordinates": [ 2693391.06955338222906, 237931.67833712536958 ] } },
{ "type": "Feature", "properties": { "objectid": 587080610, "distance_to_nearest_park": 939.17425212313265 }, "geometry": { "type": "Point", "coordinates": [ 2693658.455012239981443, 238435.148629940173123 ] } },
{ "type": "Feature", "properties": { "objectid": 587080626, "distance_to_nearest_park": 952.98431017056191 }, "geometry": { "type": "Point", "coordinates": [ 2693543.704932892229408, 237804.95212025026558 ] } },
{ "type": "Feature", "properties": { "objectid": 587082208, "distance_to_nearest_park": 1711.0653137238687 }, "geometry": { "type": "Point", "coordinates": [ 2695184.23505436303094, 236788.181342460738961 ] } },
{ "type": "Feature", "properties": { "objectid": 587081989, "distance_to_nearest_park": 1371.909136968857 }, "geometry": { "type": "Point", "coordinates": [ 2695474.921360549516976, 237194.686413409770466 ] } },
{ "type": "Feature", "properties": { "objectid": 587082261, "distance_to_nearest_park": 880.17658608961938 }, "geometry": { "type": "Point", "coordinates": [ 2695152.370642142370343, 237682.308098739886191 ] } },
{ "type": "Feature", "properties": { "objectid": 587082502, "distance_to_nearest_park": 880.17658608961938 }, "geometry": { "type": "Point", "coordinates": [ 2695152.370642142370343, 237682.308098739886191 ] } },
{ "type": "Feature", "properties": { "objectid": 587082503, "distance_to_nearest_park": 1711.0653137238687 }, "geometry": { "type": "Point", "coordinates": [ 2695184.23505436303094, 236788.181342460738961 ] } },
{ "type": "Feature", "properties": { "objectid": 587082805, "distance_to_nearest_park": 755.84333711599129 }, "geometry": { "type": "Point", "coordinates": [ 2696266.777520534582436, 238106.82904895482352 ] } },
{ "type": "Feature", "properties": { "objectid": 587085157, "distance_to_nearest_park": 171.99966026999755 }, "geometry": { "type": "Point", "coordinates": [ 2696720.224911897908896, 237470.008234563661972 ] } },
{ "type": "Feature", "properties": { "objectid": 587085480, "distance_to_nearest_park": 349.5229675804668 }, "geometry": { "type": "Point", "coordinates": [ 2694529.486943351570517, 238580.22496184107149 ] } },
{ "type": "Feature", "properties": { "objectid": 587085501, "distance_to_nearest_park": 171.99966026999755 }, "geometry": { "type": "Point", "coordinates": [ 2696720.224911897908896, 237470.008234563661972 ] } },
{ "type": "Feature", "properties": { "objectid": 587061678, "distance_to_nearest_park": 105.99892621524626 }, "geometry": { "type": "Point", "coordinates": [ 2694681.892141377087682, 239073.045147002965678 ] } },
{ "type": "Feature", "properties": { "objectid": 587087234, "distance_to_nearest_park": 1371.909136968857 }, "geometry": { "type": "Point", "coordinates": [ 2695474.921360549516976, 237194.686413409770466 ] } },
{ "type": "Feature", "properties": { "objectid": 587086091, "distance_to_nearest_park": 224.45144088211379 }, "geometry": { "type": "Point", "coordinates": [ 2694658.367025183513761, 239205.739433293492766 ] } },
{ "type": "Feature", "properties": { "objectid": 587086210, "distance_to_nearest_park": 1082.3656871396338 }, "geometry": { "type": "Point", "coordinates": [ 2694165.554072916507721, 240059.375518175627803 ] } },
{ "type": "Feature", "properties": { "objectid": 587088323, "distance_to_nearest_park": 458.6060812357245 }, "geometry": { "type": "Point", "coordinates": [ 2694311.222138909157366, 239452.848460183624411 ] } },
{ "type": "Feature", "properties": { "objectid": 587088988, "distance_to_nearest_park": 701.28207973880069 }, "geometry": { "type": "Point", "coordinates": [ 2695887.02488428261131, 239490.737942895939341 ] } },
{ "type": "Feature", "properties": { "objectid": 587089015, "distance_to_nearest_park": 171.99966026999755 }, "geometry": { "type": "Point", "coordinates": [ 2696720.224911897908896, 237470.008234563661972 ] } },
{ "type": "Feature", "properties": { "objectid": 587088828, "distance_to_nearest_park": 880.17658608961938 }, "geometry": { "type": "Point", "coordinates": [ 2695152.370642142370343, 237682.308098739886191 ] } },
{ "type": "Feature", "properties": { "objectid": 587088870, "distance_to_nearest_park": 553.82718943149735 }, "geometry": { "type": "Point", "coordinates": [ 2696583.482929958961904, 238171.175588743790286 ] } },
{ "type": "Feature", "properties": { "objectid": 587088146, "distance_to_nearest_park": 1371.909136968857 }, "geometry": { "type": "Point", "coordinates": [ 2695474.921360549516976, 237194.686413409770466 ] } },
{ "type": "Feature", "properties": { "objectid": 587090460, "distance_to_nearest_park": 359.732862296701 }, "geometry": { "type": "Point", "coordinates": [ 2692971.972475204616785, 237580.477794902661117 ] } },
{ "type": "Feature", "properties": { "objectid": 587090690, "distance_to_nearest_park": 691.72450136046552 }, "geometry": { "type": "Point", "coordinates": [ 2695151.856450053863227, 239925.051511852507247 ] } },
{ "type": "Feature", "properties": { "objectid": 587090141, "distance_to_nearest_park": 171.99966026999755 }, "geometry": { "type": "Point", "coordinates": [ 2696720.224911897908896, 237470.008234563661972 ] } },
{ "type": "Feature", "properties": { "objectid": 587089176, "distance_to_nearest_park": 298.83543122320901 }, "geometry": { "type": "Point", "coordinates": [ 2694817.960635470692068, 239243.222844557894859 ] } },
{ "type": "Feature", "properties": { "objectid": 587092462, "distance_to_nearest_park": 956.4706887787338 }, "geometry": { "type": "Point", "coordinates": [ 2696363.471185753121972, 238509.463237059098901 ] } },
{ "type": "Feature", "properties": { "objectid": 587092465, "distance_to_nearest_park": 912.45288821115389 }, "geometry": { "type": "Point", "coordinates": [ 2695942.001632439438254, 237315.192668973031687 ] } },
{ "type": "Feature", "properties": { "objectid": 587091878, "distance_to_nearest_park": 842.75148697128827 }, "geometry": { "type": "Point", "coordinates": [ 2696150.606077003292739, 236716.355951366043882 ] } },
{ "type": "Feature", "properties": { "objectid": 587092340, "distance_to_nearest_park": 880.17658608961938 }, "geometry": { "type": "Point", "coordinates": [ 2695152.370642142370343, 237682.308098739886191 ] } },
{ "type": "Feature", "properties": { "objectid": 587091556, "distance_to_nearest_park": 446.9440057388008 }, "geometry": { "type": "Point", "coordinates": [ 2694672.853111535310745, 239428.836746095301351 ] } },
{ "type": "Feature", "properties": { "objectid": 587090898, "distance_to_nearest_park": 1105.3507092417456 }, "geometry": { "type": "Point", "coordinates": [ 2694612.003540494013578, 237593.558973468199838 ] } },
{ "type": "Feature", "properties": { "objectid": 587094430, "distance_to_nearest_park": 1482.1122203262225 }, "geometry": { "type": "Point", "coordinates": [ 2695431.538191711995751, 236752.440581399889197 ] } },
{ "type": "Feature", "properties": { "objectid": 587093812, "distance_to_nearest_park": 109.78348591601551 }, "geometry": { "type": "Point", "coordinates": [ 2694469.865387341938913, 239111.64979695569491 ] } },
{ "type": "Feature", "properties": { "objectid": 587094064, "distance_to_nearest_park": 105.99892621524626 }, "geometry": { "type": "Point", "coordinates": [ 2694681.892141377087682, 239073.045147002965678 ] } },
{ "type": "Feature", "properties": { "objectid": 587094065, "distance_to_nearest_park": 105.99892621524626 }, "geometry": { "type": "Point", "coordinates": [ 2694681.892141377087682, 239073.045147002965678 ] } },
{ "type": "Feature", "properties": { "objectid": 587094323, "distance_to_nearest_park": 430.70807786778687 }, "geometry": { "type": "Point", "coordinates": [ 2694789.36473099142313, 238306.504183532233583 ] } },
{ "type": "Feature", "properties": { "objectid": 587094361, "distance_to_nearest_park": 1042.9488125412438 }, "geometry": { "type": "Point", "coordinates": [ 2695803.986384956166148, 237182.488953976804623 ] } },
{ "type": "Feature", "properties": { "objectid": 587094375, "distance_to_nearest_park": 899.98295869375113 }, "geometry": { "type": "Point", "coordinates": [ 2695971.341024218592793, 237433.404629493132234 ] } },
{ "type": "Feature", "properties": { "objectid": 587093493, "distance_to_nearest_park": 349.5229675804668 }, "geometry": { "type": "Point", "coordinates": [ 2694529.486943351570517, 238580.22496184107149 ] } },
{ "type": "Feature", "properties": { "objectid": 587092900, "distance_to_nearest_park": 842.75148697128827 }, "geometry": { "type": "Point", "coordinates": [ 2696150.606077003292739, 236716.355951366043882 ] } },
{ "type": "Feature", "properties": { "objectid": 587096201, "distance_to_nearest_park": 926.66664645307208 }, "geometry": { "type": "Point", "coordinates": [ 2695580.288221430964768, 237703.623650234512752 ] } },
{ "type": "Feature", "properties": { "objectid": 587095157, "distance_to_nearest_park": 1156.2769597979434 }, "geometry": { "type": "Point", "coordinates": [ 2696270.80493029858917, 239066.517017755657434 ] } },
{ "type": "Feature", "properties": { "objectid": 587095160, "distance_to_nearest_park": 701.40985378131575 }, "geometry": { "type": "Point", "coordinates": [ 2694084.342303118668497, 239625.134081213822355 ] } },
{ "type": "Feature", "properties": { "objectid": 587095238, "distance_to_nearest_park": 1139.7012220527947 }, "geometry": { "type": "Point", "coordinates": [ 2696268.459856975823641, 239031.826282026973786 ] } },
{ "type": "Feature", "properties": { "objectid": 587097603, "distance_to_nearest_park": 825.96262242960177 }, "geometry": { "type": "Point", "coordinates": [ 2695734.290149357635528, 239305.851160012040054 ] } },
{ "type": "Feature", "properties": { "objectid": 587097173, "distance_to_nearest_park": 880.17658608961938 }, "geometry": { "type": "Point", "coordinates": [ 2695152.370642142370343, 237682.308098739886191 ] } },
{ "type": "Feature", "properties": { "objectid": 587097407, "distance_to_nearest_park": 171.99966026999755 }, "geometry": { "type": "Point", "coordinates": [ 2696720.224911897908896, 237470.008234563661972 ] } },
{ "type": "Feature", "properties": { "objectid": 587096243, "distance_to_nearest_park": 385.79582700047956 }, "geometry": { "type": "Point", "coordinates": [ 2694255.466187298763543, 238619.199381942715263 ] } },
{ "type": "Feature", "properties": { "objectid": 587096245, "distance_to_nearest_park": 349.5229675804668 }, "geometry": { "type": "Point", "coordinates": [ 2694529.486943351570517, 238580.22496184107149 ] } },
{ "type": "Feature", "properties": { "objectid": 587096592, "distance_to_nearest_park": 1228.1589060995266 }, "geometry": { "type": "Point", "coordinates": [ 2694260.758552563842386, 237702.426733187166974 ] } },
{ "type": "Feature", "properties": { "objectid": 587097067, "distance_to_nearest_park": 985.34370635611708 }, "geometry": { "type": "Point", "coordinates": [ 2696320.771004439797252, 239322.365491854492575 ] } },
{ "type": "Feature", "properties": { "objectid": 587096822, "distance_to_nearest_park": 755.84333711599129 }, "geometry": { "type": "Point", "coordinates": [ 2696266.777520534582436, 238106.82904895482352 ] } },
{ "type": "Feature", "properties": { "objectid": 587096866, "distance_to_nearest_park": 880.17658608961938 }, "geometry": { "type": "Point", "coordinates": [ 2695152.370642142370343, 237682.308098739886191 ] } },
{ "type": "Feature", "properties": { "objectid": 587099383, "distance_to_nearest_park": 880.17658608961938 }, "geometry": { "type": "Point", "coordinates": [ 2695152.370642142370343, 237682.308098739886191 ] } },
{ "type": "Feature", "properties": { "objectid": 587084275, "distance_to_nearest_park": 517.49393085679446 }, "geometry": { "type": "Point", "coordinates": [ 2695392.269243803806603, 239865.055929937312612 ] } },
{ "type": "Feature", "properties": { "objectid": 587084303, "distance_to_nearest_park": 701.40985378131575 }, "geometry": { "type": "Point", "coordinates": [ 2694084.342303118668497, 239625.134081213822355 ] } },
{ "type": "Feature", "properties": { "objectid": 587099423, "distance_to_nearest_park": 880.17658608961938 }, "geometry": { "type": "Point", "coordinates": [ 2695152.370642142370343, 237682.308098739886191 ] } },
{ "type": "Feature", "properties": { "objectid": 587098738, "distance_to_nearest_park": 311.9476894729782 }, "geometry": { "type": "Point", "coordinates": [ 2695819.167310528922826, 239881.609063157986384 ] } },
{ "type": "Feature", "properties": { "objectid": 587098565, "distance_to_nearest_park": 229.75665844925922 }, "geometry": { "type": "Point", "coordinates": [ 2697470.992794807069004, 238423.256942345498828 ] } },
{ "type": "Feature", "properties": { "objectid": 587098842, "distance_to_nearest_park": 842.75148697128827 }, "geometry": { "type": "Point", "coordinates": [ 2696150.606077003292739, 236716.355951366043882 ] } },
{ "type": "Feature", "properties": { "objectid": 587100767, "distance_to_nearest_park": 958.20770890820143 }, "geometry": { "type": "Point", "coordinates": [ 2693489.277462973725051, 238734.133211876323912 ] } },
{ "type": "Feature", "properties": { "objectid": 587100781, "distance_to_nearest_park": 880.17658608961938 }, "geometry": { "type": "Point", "coordinates": [ 2695152.370642142370343, 237682.308098739886191 ] } },
{ "type": "Feature", "properties": { "objectid": 587100408, "distance_to_nearest_park": 598.21230760773358 }, "geometry": { "type": "Point", "coordinates": [ 2695654.61714501073584, 239001.389511933462927 ] } },
{ "type": "Feature", "properties": { "objectid": 587100429, "distance_to_nearest_park": 616.89804589037431 }, "geometry": { "type": "Point", "coordinates": [ 2692636.65898789698258, 238122.787173300981522 ] } },
{ "type": "Feature", "properties": { "objectid": 587100444, "distance_to_nearest_park": 105.99892621524626 }, "geometry": { "type": "Point", "coordinates": [ 2694681.892141377087682, 239073.045147002965678 ] } },
{ "type": "Feature", "properties": { "objectid": 587099984, "distance_to_nearest_park": 437.37609630576173 }, "geometry": { "type": "Point", "coordinates": [ 2694994.926728408783674, 238154.007275193056557 ] } },
{ "type": "Feature", "properties": { "objectid": 587101139, "distance_to_nearest_park": 435.27772364448401 }, "geometry": { "type": "Point", "coordinates": [ 2695480.987907660193741, 239890.257538598263636 ] } },
{ "type": "Feature", "properties": { "objectid": 587100741, "distance_to_nearest_park": 299.68355981864221 }, "geometry": { "type": "Point", "coordinates": [ 2695485.191895022522658, 238410.757477251259843 ] } },
{ "type": "Feature", "properties": { "objectid": 587103037, "distance_to_nearest_park": 349.5229675804668 }, "geometry": { "type": "Point", "coordinates": [ 2694529.486943351570517, 238580.22496184107149 ] } },
{ "type": "Feature", "properties": { "objectid": 587101687, "distance_to_nearest_park": 500.62421925636636 }, "geometry": { "type": "Point", "coordinates": [ 2694317.495151799637824, 239497.129557016800391 ] } },
{ "type": "Feature", "properties": { "objectid": 587101688, "distance_to_nearest_park": 505.979950753384 }, "geometry": { "type": "Point", "coordinates": [ 2694301.449084077961743, 239499.209966451569926 ] } },
{ "type": "Feature", "properties": { "objectid": 587103316, "distance_to_nearest_park": 349.5229675804668 }, "geometry": { "type": "Point", "coordinates": [ 2694529.486943351570517, 238580.22496184107149 ] } },
{ "type": "Feature", "properties": { "objectid": 587102258, "distance_to_nearest_park": 744.1217039389021 }, "geometry": { "type": "Point", "coordinates": [ 2696261.619418433867395, 238072.420030528097413 ] } },
{ "type": "Feature", "properties": { "objectid": 587103362, "distance_to_nearest_park": 784.75561359970277 }, "geometry": { "type": "Point", "coordinates": [ 2694876.629710052162409, 237827.27719787452952 ] } },
{ "type": "Feature", "properties": { "objectid": 587103241, "distance_to_nearest_park": 952.9299903463052 }, "geometry": { "type": "Point", "coordinates": [ 2694854.116834076121449, 237657.881142992089735 ] } },
{ "type": "Feature", "properties": { "objectid": 587101872, "distance_to_nearest_park": 842.75148697128827 }, "geometry": { "type": "Point", "coordinates": [ 2696150.606077003292739, 236716.355951366043882 ] } },
{ "type": "Feature", "properties": { "objectid": 587108445, "distance_to_nearest_park": 907.91005617103087 }, "geometry": { "type": "Point", "coordinates": [ 2695996.972534131724387, 237658.652833953441586 ] } },
{ "type": "Feature", "properties": { "objectid": 587107999, "distance_to_nearest_park": 92.399350282854726 }, "geometry": { "type": "Point", "coordinates": [ 2694597.780178971588612, 239081.874506317952182 ] } },
{ "type": "Feature", "properties": { "objectid": 587108491, "distance_to_nearest_park": 1371.909136968857 }, "geometry": { "type": "Point", "coordinates": [ 2695474.921360549516976, 237194.686413409770466 ] } },
{ "type": "Feature", "properties": { "objectid": 587108493, "distance_to_nearest_park": 1130.3793276215749 }, "geometry": { "type": "Point", "coordinates": [ 2694517.555473050568253, 237619.942974108096678 ] } },
{ "type": "Feature", "properties": { "objectid": 587109187, "distance_to_nearest_park": 447.65751420322056 }, "geometry": { "type": "Point", "coordinates": [ 2694521.174081552308053, 239446.616729607601883 ] } },
{ "type": "Feature", "properties": { "objectid": 587110712, "distance_to_nearest_park": 1711.0653137238687 }, "geometry": { "type": "Point", "coordinates": [ 2695184.23505436303094, 236788.181342460738961 ] } },
{ "type": "Feature", "properties": { "objectid": 587108546, "distance_to_nearest_park": 1711.0653137238687 }, "geometry": { "type": "Point", "coordinates": [ 2695184.23505436303094, 236788.181342460738961 ] } },
{ "type": "Feature", "properties": { "objectid": 587107393, "distance_to_nearest_park": 880.17658608961938 }, "geometry": { "type": "Point", "coordinates": [ 2695152.370642142370343, 237682.308098739886191 ] } },
{ "type": "Feature", "properties": { "objectid": 587109514, "distance_to_nearest_park": 1042.9488125412438 }, "geometry": { "type": "Point", "coordinates": [ 2695803.986384956166148, 237182.488953976804623 ] } },
{ "type": "Feature", "properties": { "objectid": 587107440, "distance_to_nearest_park": 333.54431218872429 }, "geometry": { "type": "Point", "coordinates": [ 2695026.034247557632625, 239215.073858677846147 ] } },
{ "type": "Feature", "properties": { "objectid": 587107482, "distance_to_nearest_park": 1276.740527596389 }, "geometry": { "type": "Point", "coordinates": [ 2694149.280182179994881, 237601.852439247944858 ] } },
{ "type": "Feature", "properties": { "objectid": 587108879, "distance_to_nearest_park": 427.23943845554123 }, "geometry": { "type": "Point", "coordinates": [ 2695357.865819798782468, 239117.309267169097438 ] } },
{ "type": "Feature", "properties": { "objectid": 587112166, "distance_to_nearest_park": 1371.909136968857 }, "geometry": { "type": "Point", "coordinates": [ 2695474.921360549516976, 237194.686413409770466 ] } },
{ "type": "Feature", "properties": { "objectid": 587113343, "distance_to_nearest_park": 92.399350282854726 }, "geometry": { "type": "Point", "coordinates": [ 2694597.780178971588612, 239081.874506317952182 ] } },
{ "type": "Feature", "properties": { "objectid": 587113827, "distance_to_nearest_park": 171.99966026999755 }, "geometry": { "type": "Point", "coordinates": [ 2696720.224911897908896, 237470.008234563661972 ] } },
{ "type": "Feature", "properties": { "objectid": 587113372, "distance_to_nearest_park": 701.40985378131575 }, "geometry": { "type": "Point", "coordinates": [ 2694084.342303118668497, 239625.134081213822355 ] } },
{ "type": "Feature", "properties": { "objectid": 587111985, "distance_to_nearest_park": 630.68661044355588 }, "geometry": { "type": "Point", "coordinates": [ 2695700.771920015569776, 238986.346073118358618 ] } },
{ "type": "Feature", "properties": { "objectid": 587111086, "distance_to_nearest_park": 675.90333240052689 }, "geometry": { "type": "Point", "coordinates": [ 2695679.226561740972102, 238058.943614027550211 ] } },
{ "type": "Feature", "properties": { "objectid": 587112517, "distance_to_nearest_park": 991.8814155211752 }, "geometry": { "type": "Point", "coordinates": [ 2693814.894984952174127, 237566.174315943091642 ] } },
{ "type": "Feature", "properties": { "objectid": 587112761, "distance_to_nearest_park": 171.99966026999755 }, "geometry": { "type": "Point", "coordinates": [ 2696720.224911897908896, 237470.008234563661972 ] } },
{ "type": "Feature", "properties": { "objectid": 587111390, "distance_to_nearest_park": 1307.6072304305806 }, "geometry": { "type": "Point", "coordinates": [ 2695539.704331133980304, 237233.033507905842271 ] } },
{ "type": "Feature", "properties": { "objectid": 587112559, "distance_to_nearest_park": 683.22150344901786 }, "geometry": { "type": "Point", "coordinates": [ 2694354.975360486190766, 238267.154676478850888 ] } },
{ "type": "Feature", "properties": { "objectid": 587112352, "distance_to_nearest_park": 349.5229675804668 }, "geometry": { "type": "Point", "coordinates": [ 2694529.486943351570517, 238580.22496184107149 ] } },
{ "type": "Feature", "properties": { "objectid": 587112588, "distance_to_nearest_park": 701.40985378131575 }, "geometry": { "type": "Point", "coordinates": [ 2694084.342303118668497, 239625.134081213822355 ] } },
{ "type": "Feature", "properties": { "objectid": 587114452, "distance_to_nearest_park": 842.75148697128827 }, "geometry": { "type": "Point", "coordinates": [ 2696150.606077003292739, 236716.355951366043882 ] } },
{ "type": "Feature", "properties": { "objectid": 587111430, "distance_to_nearest_park": 1371.909136968857 }, "geometry": { "type": "Point", "coordinates": [ 2695474.921360549516976, 237194.686413409770466 ] } },
{ "type": "Feature", "properties": { "objectid": 587104108, "distance_to_nearest_park": 570.2721077125675 }, "geometry": { "type": "Point", "coordinates": [ 2693154.321944891940802, 237693.690580376831349 ] } },
{ "type": "Feature", "properties": { "objectid": 587105251, "distance_to_nearest_park": 1162.6267919074116 }, "geometry": { "type": "Point", "coordinates": [ 2695279.631590637844056, 237398.138363940757699 ] } },
{ "type": "Feature", "properties": { "objectid": 587105254, "distance_to_nearest_park": 1168.6133567110969 }, "geometry": { "type": "Point", "coordinates": [ 2695309.204630626831204, 237393.904753624403384 ] } },
{ "type": "Feature", "properties": { "objectid": 587106182, "distance_to_nearest_park": 880.17658608961938 }, "geometry": { "type": "Point", "coordinates": [ 2695152.370642142370343, 237682.308098739886191 ] } },
{ "type": "Feature", "properties": { "objectid": 587107127, "distance_to_nearest_park": 109.78348591601551 }, "geometry": { "type": "Point", "coordinates": [ 2694469.865387341938913, 239111.64979695569491 ] } },
{ "type": "Feature", "properties": { "objectid": 587104604, "distance_to_nearest_park": 109.78348591601551 }, "geometry": { "type": "Point", "coordinates": [ 2694469.865387341938913, 239111.64979695569491 ] } },
{ "type": "Feature", "properties": { "objectid": 587105322, "distance_to_nearest_park": 430.70807786778687 }, "geometry": { "type": "Point", "coordinates": [ 2694789.36473099142313, 238306.504183532233583 ] } },
{ "type": "Feature", "properties": { "objectid": 587105323, "distance_to_nearest_park": 430.70807786778687 }, "geometry": { "type": "Point", "coordinates": [ 2694789.36473099142313, 238306.504183532233583 ] } },
{ "type": "Feature", "properties": { "objectid": 587105540, "distance_to_nearest_park": 880.17658608961938 }, "geometry": { "type": "Point", "coordinates": [ 2695152.370642142370343, 237682.308098739886191 ] } },
{ "type": "Feature", "properties": { "objectid": 587105544, "distance_to_nearest_park": 171.99966026999755 }, "geometry": { "type": "Point", "coordinates": [ 2696720.224911897908896, 237470.008234563661972 ] } },
{ "type": "Feature", "properties": { "objectid": 587104863, "distance_to_nearest_park": 742.76258558027962 }, "geometry": { "type": "Point", "coordinates": [ 2696271.526877547148615, 238088.382305249542696 ] } },
{ "type": "Feature", "properties": { "objectid": 587106485, "distance_to_nearest_park": 298.83543122320901 }, "geometry": { "type": "Point", "coordinates": [ 2694817.960635470692068, 239243.222844557894859 ] } },
{ "type": "Feature", "properties": { "objectid": 587104881, "distance_to_nearest_park": 92.399350282854726 }, "geometry": { "type": "Point", "coordinates": [ 2694597.780178971588612, 239081.874506317952182 ] } },
{ "type": "Feature", "properties": { "objectid": 587105122, "distance_to_nearest_park": 701.40985378131575 }, "geometry": { "type": "Point", "coordinates": [ 2694084.342303118668497, 239625.134081213822355 ] } },
{ "type": "Feature", "properties": { "objectid": 587104690, "distance_to_nearest_park": 880.17658608961938 }, "geometry": { "type": "Point", "coordinates": [ 2695152.370642142370343, 237682.308098739886191 ] } },
{ "type": "Feature", "properties": { "objectid": 587104692, "distance_to_nearest_park": 880.17658608961938 }, "geometry": { "type": "Point", "coordinates": [ 2695152.370642142370343, 237682.308098739886191 ] } },
{ "type": "Feature", "properties": { "objectid": 587106075, "distance_to_nearest_park": 1381.2120651129628 }, "geometry": { "type": "Point", "coordinates": [ 2695532.628220955841243, 236767.436703667830443 ] } },
{ "type": "Feature", "properties": { "objectid": 587105861, "distance_to_nearest_park": 298.83543122320901 }, "geometry": { "type": "Point", "coordinates": [ 2694817.960635470692068, 239243.222844557894859 ] } },
{ "type": "Feature", "properties": { "objectid": 587119573, "distance_to_nearest_park": 842.75148697128827 }, "geometry": { "type": "Point", "coordinates": [ 2696150.606077003292739, 236716.355951366043882 ] } },
{ "type": "Feature", "properties": { "objectid": 587118421, "distance_to_nearest_park": 109.78348591601551 }, "geometry": { "type": "Point", "coordinates": [ 2694469.865387341938913, 239111.64979695569491 ] } },
{ "type": "Feature", "properties": { "objectid": 587119829, "distance_to_nearest_park": 842.75148697128827 }, "geometry": { "type": "Point", "coordinates": [ 2696150.606077003292739, 236716.355951366043882 ] } },
{ "type": "Feature", "properties": { "objectid": 587120557, "distance_to_nearest_park": 349.5229675804668 }, "geometry": { "type": "Point", "coordinates": [ 2694529.486943351570517, 238580.22496184107149 ] } },
{ "type": "Feature", "properties": { "objectid": 587121931, "distance_to_nearest_park": 689.77806190737408 }, "geometry": { "type": "Point", "coordinates": [ 2695415.121880746912211, 239402.160483341023792 ] } },
{ "type": "Feature", "properties": { "objectid": 587118520, "distance_to_nearest_park": 171.99966026999755 }, "geometry": { "type": "Point", "coordinates": [ 2696720.224911897908896, 237470.008234563661972 ] } },
{ "type": "Feature", "properties": { "objectid": 587121287, "distance_to_nearest_park": 880.17658608961938 }, "geometry": { "type": "Point", "coordinates": [ 2695152.370642142370343, 237682.308098739886191 ] } },
{ "type": "Feature", "properties": { "objectid": 587118987, "distance_to_nearest_park": 1371.909136968857 }, "geometry": { "type": "Point", "coordinates": [ 2695474.921360549516976, 237194.686413409770466 ] } },
{ "type": "Feature", "properties": { "objectid": 587119686, "distance_to_nearest_park": 349.5229675804668 }, "geometry": { "type": "Point", "coordinates": [ 2694529.486943351570517, 238580.22496184107149 ] } },
{ "type": "Feature", "properties": { "objectid": 587121304, "distance_to_nearest_park": 105.99892621524626 }, "geometry": { "type": "Point", "coordinates": [ 2694681.892141377087682, 239073.045147002965678 ] } },
{ "type": "Feature", "properties": { "objectid": 587118319, "distance_to_nearest_park": 880.17658608961938 }, "geometry": { "type": "Point", "coordinates": [ 2695152.370642142370343, 237682.308098739886191 ] } },
{ "type": "Feature", "properties": { "objectid": 587118336, "distance_to_nearest_park": 1292.5389041269411 }, "geometry": { "type": "Point", "coordinates": [ 2697660.963033427018672, 239657.017505330877611 ] } },
{ "type": "Feature", "properties": { "objectid": 587119484, "distance_to_nearest_park": 109.78348591601551 }, "geometry": { "type": "Point", "coordinates": [ 2694469.865387341938913, 239111.64979695569491 ] } },
{ "type": "Feature", "properties": { "objectid": 587121432, "distance_to_nearest_park": 561.05887646188944 }, "geometry": { "type": "Point", "coordinates": [ 2695517.052696774713695, 238080.41820037557045 ] } },
{ "type": "Feature", "properties": { "objectid": 587121433, "distance_to_nearest_park": 1066.9418739376206 }, "geometry": { "type": "Point", "coordinates": [ 2694704.615009157452732, 237591.538837896572659 ] } },
{ "type": "Feature", "properties": { "objectid": 587119983, "distance_to_nearest_park": 171.99966026999755 }, "geometry": { "type": "Point", "coordinates": [ 2696720.224911897908896, 237470.008234563661972 ] } },
{ "type": "Feature", "properties": { "objectid": 587118382, "distance_to_nearest_park": 1371.909136968857 }, "geometry": { "type": "Point", "coordinates": [ 2695474.921360549516976, 237194.686413409770466 ] } },
{ "type": "Feature", "properties": { "objectid": 587119767, "distance_to_nearest_park": 1081.8221790740079 }, "geometry": { "type": "Point", "coordinates": [ 2693830.403898541815579, 237678.147073220956372 ] } },
{ "type": "Feature", "properties": { "objectid": 587123254, "distance_to_nearest_park": 828.62062706193296 }, "geometry": { "type": "Point", "coordinates": [ 2695046.772430094424635, 239826.847170727327466 ] } },
{ "type": "Feature", "properties": { "objectid": 587123038, "distance_to_nearest_park": 1129.1953830490095 }, "geometry": { "type": "Point", "coordinates": [ 2693248.936300922650844, 239394.743925310467603 ] } },
{ "type": "Feature", "properties": { "objectid": 587123039, "distance_to_nearest_park": 1026.1676155881444 }, "geometry": { "type": "Point", "coordinates": [ 2693453.331881702877581, 239367.567405329289613 ] } },
{ "type": "Feature", "properties": { "objectid": 587125201, "distance_to_nearest_park": 171.99966026999755 }, "geometry": { "type": "Point", "coordinates": [ 2696720.224911897908896, 237470.008234563661972 ] } },
{ "type": "Feature", "properties": { "objectid": 587125667, "distance_to_nearest_park": 880.17658608961938 }, "geometry": { "type": "Point", "coordinates": [ 2695152.370642142370343, 237682.308098739886191 ] } },
{ "type": "Feature", "properties": { "objectid": 587122177, "distance_to_nearest_park": 1711.0653137238687 }, "geometry": { "type": "Point", "coordinates": [ 2695184.23505436303094, 236788.181342460738961 ] } },
{ "type": "Feature", "properties": { "objectid": 587122178, "distance_to_nearest_park": 490.61857516607893 }, "geometry": { "type": "Point", "coordinates": [ 2695388.956184240058064, 238097.063774264475796 ] } },
{ "type": "Feature", "properties": { "objectid": 587122479, "distance_to_nearest_park": 1184.1498989787747 }, "geometry": { "type": "Point", "coordinates": [ 2693390.650558935012668, 238395.960539949213853 ] } },
{ "type": "Feature", "properties": { "objectid": 587123418, "distance_to_nearest_park": 842.75148697128827 }, "geometry": { "type": "Point", "coordinates": [ 2696150.606077003292739, 236716.355951366043882 ] } },
{ "type": "Feature", "properties": { "objectid": 587122737, "distance_to_nearest_park": 171.99966026999755 }, "geometry": { "type": "Point", "coordinates": [ 2696720.224911897908896, 237470.008234563661972 ] } },
{ "type": "Feature", "properties": { "objectid": 587123431, "distance_to_nearest_park": 963.25710255456772 }, "geometry": { "type": "Point", "coordinates": [ 2695924.036933694034815, 237535.150452444737311 ] } },
{ "type": "Feature", "properties": { "objectid": 587123671, "distance_to_nearest_park": 1042.9488125412438 }, "geometry": { "type": "Point", "coordinates": [ 2695803.986384956166148, 237182.488953976804623 ] } },
{ "type": "Feature", "properties": { "objectid": 587125316, "distance_to_nearest_park": 331.69901235745652 }, "geometry": { "type": "Point", "coordinates": [ 2695939.249020012095571, 239870.196944183902815 ] } },
{ "type": "Feature", "properties": { "objectid": 587122509, "distance_to_nearest_park": 842.75148697128827 }, "geometry": { "type": "Point", "coordinates": [ 2696150.606077003292739, 236716.355951366043882 ] } },
{ "type": "Feature", "properties": { "objectid": 587124644, "distance_to_nearest_park": 880.17658608961938 }, "geometry": { "type": "Point", "coordinates": [ 2695152.370642142370343, 237682.308098739886191 ] } },
{ "type": "Feature", "properties": { "objectid": 587125121, "distance_to_nearest_park": 483.609708553622 }, "geometry": { "type": "Point", "coordinates": [ 2695238.266650049481541, 239274.514154792675981 ] } },
{ "type": "Feature", "properties": { "objectid": 587125354, "distance_to_nearest_park": 171.99966026999755 }, "geometry": { "type": "Point", "coordinates": [ 2696720.224911897908896, 237470.008234563661972 ] } },
{ "type": "Feature", "properties": { "objectid": 587126086, "distance_to_nearest_park": 766.29258380107615 }, "geometry": { "type": "Point", "coordinates": [ 2695914.153980869799852, 238224.379370670212666 ] } },
{ "type": "Feature", "properties": { "objectid": 587126566, "distance_to_nearest_park": 421.43254187460292 }, "geometry": { "type": "Point", "coordinates": [ 2694733.665428232867271, 238426.956524788751267 ] } },
{ "type": "Feature", "properties": { "objectid": 587127275, "distance_to_nearest_park": 483.609708553622 }, "geometry": { "type": "Point", "coordinates": [ 2695238.266650049481541, 239274.514154792675981 ] } },
{ "type": "Feature", "properties": { "objectid": 587129223, "distance_to_nearest_park": 1711.0653137238687 }, "geometry": { "type": "Point", "coordinates": [ 2695184.23505436303094, 236788.181342460738961 ] } },
{ "type": "Feature", "properties": { "objectid": 587127147, "distance_to_nearest_park": 421.24059568988338 }, "geometry": { "type": "Point", "coordinates": [ 2695056.67107757460326, 239298.701073002797784 ] } },
{ "type": "Feature", "properties": { "objectid": 587128824, "distance_to_nearest_park": 349.5229675804668 }, "geometry": { "type": "Point", "coordinates": [ 2694529.486943351570517, 238580.22496184107149 ] } },
{ "type": "Feature", "properties": { "objectid": 587127881, "distance_to_nearest_park": 1352.8066053323037 }, "geometry": { "type": "Point", "coordinates": [ 2697568.491895017214119, 239606.915549788012868 ] } },
{ "type": "Feature", "properties": { "objectid": 587127667, "distance_to_nearest_park": 171.99966026999755 }, "geometry": { "type": "Point", "coordinates": [ 2696720.224911897908896, 237470.008234563661972 ] } },
{ "type": "Feature", "properties": { "objectid": 587128151, "distance_to_nearest_park": 676.53069239343893 }, "geometry": { "type": "Point", "coordinates": [ 2696183.157693127170205, 237335.766966984432656 ] } },
{ "type": "Feature", "properties": { "objectid": 587116581, "distance_to_nearest_park": 960.13912022385296 }, "geometry": { "type": "Point", "coordinates": [ 2695330.765084011014551, 237605.183834019117057 ] } },
{ "type": "Feature", "properties": { "objectid": 587118207, "distance_to_nearest_park": 1711.0653137238687 }, "geometry": { "type": "Point", "coordinates": [ 2695184.23505436303094, 236788.181342460738961 ] } },
{ "type": "Feature", "properties": { "objectid": 587116130, "distance_to_nearest_park": 1004.5026983733843 }, "geometry": { "type": "Point", "coordinates": [ 2695466.278149726800621, 237584.38248634088086 ] } },
{ "type": "Feature", "properties": { "objectid": 587115204, "distance_to_nearest_park": 1711.0653137238687 }, "geometry": { "type": "Point", "coordinates": [ 2695184.23505436303094, 236788.181342460738961 ] } },
{ "type": "Feature", "properties": { "objectid": 587115444, "distance_to_nearest_park": 360.54317883731846 }, "geometry": { "type": "Point", "coordinates": [ 2694091.049435789231211, 239166.866855672269594 ] } },
{ "type": "Feature", "properties": { "objectid": 587116873, "distance_to_nearest_park": 701.40985378131575 }, "geometry": { "type": "Point", "coordinates": [ 2694084.342303118668497, 239625.134081213822355 ] } },
{ "type": "Feature", "properties": { "objectid": 587115948, "distance_to_nearest_park": 446.9440057388008 }, "geometry": { "type": "Point", "coordinates": [ 2694672.853111535310745, 239428.836746095301351 ] } },
{ "type": "Feature", "properties": { "objectid": 587117580, "distance_to_nearest_park": 1711.0653137238687 }, "geometry": { "type": "Point", "coordinates": [ 2695184.23505436303094, 236788.181342460738961 ] } },
{ "type": "Feature", "properties": { "objectid": 587117147, "distance_to_nearest_park": 991.8814155211752 }, "geometry": { "type": "Point", "coordinates": [ 2693814.894984952174127, 237566.174315943091642 ] } },
{ "type": "Feature", "properties": { "objectid": 587117148, "distance_to_nearest_park": 171.99966026999755 }, "geometry": { "type": "Point", "coordinates": [ 2696720.224911897908896, 237470.008234563661972 ] } },
{ "type": "Feature", "properties": { "objectid": 587117377, "distance_to_nearest_park": 842.75148697128827 }, "geometry": { "type": "Point", "coordinates": [ 2696150.606077003292739, 236716.355951366043882 ] } },
{ "type": "Feature", "properties": { "objectid": 587116233, "distance_to_nearest_park": 462.52882565803071 }, "geometry": { "type": "Point", "coordinates": [ 2695809.567108723800629, 239731.177821347140707 ] } },
{ "type": "Feature", "properties": { "objectid": 587116017, "distance_to_nearest_park": 701.40985378131575 }, "geometry": { "type": "Point", "coordinates": [ 2694084.342303118668497, 239625.134081213822355 ] } },
{ "type": "Feature", "properties": { "objectid": 587116496, "distance_to_nearest_park": 960.51972251839106 }, "geometry": { "type": "Point", "coordinates": [ 2695913.68538622604683, 237457.949453127308516 ] } },
{ "type": "Feature", "properties": { "objectid": 587115805, "distance_to_nearest_park": 448.15409193033253 }, "geometry": { "type": "Point", "coordinates": [ 2695479.50795474043116, 239873.814288195600966 ] } },
{ "type": "Feature", "properties": { "objectid": 587098072, "distance_to_nearest_park": 105.99892621524626 }, "geometry": { "type": "Point", "coordinates": [ 2694681.892141377087682, 239073.045147002965678 ] } },
{ "type": "Feature", "properties": { "objectid": 587098073, "distance_to_nearest_park": 105.99892621524626 }, "geometry": { "type": "Point", "coordinates": [ 2694681.892141377087682, 239073.045147002965678 ] } },
{ "type": "Feature", "properties": { "objectid": 587131933, "distance_to_nearest_park": 842.75148697128827 }, "geometry": { "type": "Point", "coordinates": [ 2696150.606077003292739, 236716.355951366043882 ] } },
{ "type": "Feature", "properties": { "objectid": 587134797, "distance_to_nearest_park": 171.99966026999755 }, "geometry": { "type": "Point", "coordinates": [ 2696720.224911897908896, 237470.008234563661972 ] } },
{ "type": "Feature", "properties": { "objectid": 587134329, "distance_to_nearest_park": 758.66084135512926 }, "geometry": { "type": "Point", "coordinates": [ 2695053.000112616922706, 240006.334089490410406 ] } },
{ "type": "Feature", "properties": { "objectid": 587131962, "distance_to_nearest_park": 880.17658608961938 }, "geometry": { "type": "Point", "coordinates": [ 2695152.370642142370343, 237682.308098739886191 ] } },
{ "type": "Feature", "properties": { "objectid": 587131982, "distance_to_nearest_park": 680.86176893353525 }, "geometry": { "type": "Point", "coordinates": [ 2695181.257421358022839, 239888.377694803115446 ] } },
{ "type": "Feature", "properties": { "objectid": 587134179, "distance_to_nearest_park": 298.83543122320901 }, "geometry": { "type": "Point", "coordinates": [ 2694817.960635470692068, 239243.222844557894859 ] } },
{ "type": "Feature", "properties": { "objectid": 587132772, "distance_to_nearest_park": 324.50289022811467 }, "geometry": { "type": "Point", "coordinates": [ 2696603.061832451727241, 237782.165566588635556 ] } },
{ "type": "Feature", "properties": { "objectid": 587127959, "distance_to_nearest_park": 1711.0653137238687 }, "geometry": { "type": "Point", "coordinates": [ 2695184.23505436303094, 236788.181342460738961 ] } },
{ "type": "Feature", "properties": { "objectid": 587131395, "distance_to_nearest_park": 701.40985378131575 }, "geometry": { "type": "Point", "coordinates": [ 2694084.342303118668497, 239625.134081213822355 ] } },
{ "type": "Feature", "properties": { "objectid": 587133534, "distance_to_nearest_park": 349.5229675804668 }, "geometry": { "type": "Point", "coordinates": [ 2694529.486943351570517, 238580.22496184107149 ] } },
{ "type": "Feature", "properties": { "objectid": 587132113, "distance_to_nearest_park": 846.83062601665119 }, "geometry": { "type": "Point", "coordinates": [ 2694999.261888994835317, 239888.135734842624515 ] } },
{ "type": "Feature", "properties": { "objectid": 587132116, "distance_to_nearest_park": 847.24516856712728 }, "geometry": { "type": "Point", "coordinates": [ 2694992.314965250901878, 239905.060410834557842 ] } },
{ "type": "Feature", "properties": { "objectid": 587134045, "distance_to_nearest_park": 701.40985378131575 }, "geometry": { "type": "Point", "coordinates": [ 2694084.342303118668497, 239625.134081213822355 ] } },
{ "type": "Feature", "properties": { "objectid": 587131466, "distance_to_nearest_park": 795.87179179222892 }, "geometry": { "type": "Point", "coordinates": [ 2694951.331812182907015, 239724.917581426154356 ] } },
{ "type": "Feature", "properties": { "objectid": 587131684, "distance_to_nearest_park": 171.99966026999755 }, "geometry": { "type": "Point", "coordinates": [ 2696720.224911897908896, 237470.008234563661972 ] } },
{ "type": "Feature", "properties": { "objectid": 587130491, "distance_to_nearest_park": 437.82778429495295 }, "geometry": { "type": "Point", "coordinates": [ 2695173.87810633983463, 238124.63986741375993 ] } },
{ "type": "Feature", "properties": { "objectid": 587130933, "distance_to_nearest_park": 572.83792057507503 }, "geometry": { "type": "Point", "coordinates": [ 2694087.216393191833049, 238513.315890567289898 ] } },
{ "type": "Feature", "properties": { "objectid": 587131152, "distance_to_nearest_park": 880.17658608961938 }, "geometry": { "type": "Point", "coordinates": [ 2695152.370642142370343, 237682.308098739886191 ] } },
{ "type": "Feature", "properties": { "objectid": 587130162, "distance_to_nearest_park": 1371.909136968857 }, "geometry": { "type": "Point", "coordinates": [ 2695474.921360549516976, 237194.686413409770466 ] } },
{ "type": "Feature", "properties": { "objectid": 587130858, "distance_to_nearest_park": 412.54127682864845 }, "geometry": { "type": "Point", "coordinates": [ 2695030.764331722166389, 239302.313684763619676 ] } },
{ "type": "Feature", "properties": { "objectid": 587130860, "distance_to_nearest_park": 429.1114905369887 }, "geometry": { "type": "Point", "coordinates": [ 2695082.567139959894121, 239295.452613556117285 ] } },
{ "type": "Feature", "properties": { "objectid": 587130881, "distance_to_nearest_park": 249.12457842584357 }, "geometry": { "type": "Point", "coordinates": [ 2694996.66992225125432, 239135.857317929592682 ] } },
{ "type": "Feature", "properties": { "objectid": 587138356, "distance_to_nearest_park": 1371.909136968857 }, "geometry": { "type": "Point", "coordinates": [ 2695474.921360549516976, 237194.686413409770466 ] } },
{ "type": "Feature", "properties": { "objectid": 587135547, "distance_to_nearest_park": 1164.8725117128342 }, "geometry": { "type": "Point", "coordinates": [ 2695796.036373168230057, 236689.533297213492915 ] } },
{ "type": "Feature", "properties": { "objectid": 587132069, "distance_to_nearest_park": 1085.782333263101 }, "geometry": { "type": "Point", "coordinates": [ 2695153.378396947402507, 237476.06515819838387 ] } },
{ "type": "Feature", "properties": { "objectid": 587136751, "distance_to_nearest_park": 430.70807786778687 }, "geometry": { "type": "Point", "coordinates": [ 2694789.36473099142313, 238306.504183532233583 ] } },
{ "type": "Feature", "properties": { "objectid": 587135571, "distance_to_nearest_park": 1209.9949652924724 }, "geometry": { "type": "Point", "coordinates": [ 2696622.274906999431551, 239254.70310929074185 ] } },
{ "type": "Feature", "properties": { "objectid": 587136310, "distance_to_nearest_park": 842.75148697128827 }, "geometry": { "type": "Point", "coordinates": [ 2696150.606077003292739, 236716.355951366043882 ] } },
{ "type": "Feature", "properties": { "objectid": 587136311, "distance_to_nearest_park": 842.75148697128827 }, "geometry": { "type": "Point", "coordinates": [ 2696150.606077003292739, 236716.355951366043882 ] } },
{ "type": "Feature", "properties": { "objectid": 587138203, "distance_to_nearest_park": 299.68793615695137 }, "geometry": { "type": "Point", "coordinates": [ 2695943.286271726712584, 239904.572948387329234 ] } },
{ "type": "Feature", "properties": { "objectid": 587136076, "distance_to_nearest_park": 540.92448971831607 }, "geometry": { "type": "Point", "coordinates": [ 2695620.491205212660134, 239685.532735207554651 ] } },
{ "type": "Feature", "properties": { "objectid": 587137274, "distance_to_nearest_park": 492.00090480454531 }, "geometry": { "type": "Point", "coordinates": [ 2695911.649004432372749, 239702.472271181643009 ] } },
{ "type": "Feature", "properties": { "objectid": 587137278, "distance_to_nearest_park": 390.87087551268729 }, "geometry": { "type": "Point", "coordinates": [ 2695909.222935894038528, 239804.079575532028684 ] } },
{ "type": "Feature", "properties": { "objectid": 587136091, "distance_to_nearest_park": 765.99322219340706 }, "geometry": { "type": "Point", "coordinates": [ 2695050.140307452529669, 239989.121478411660064 ] } },
{ "type": "Feature", "properties": { "objectid": 587137280, "distance_to_nearest_park": 459.175867198128 }, "geometry": { "type": "Point", "coordinates": [ 2695916.548330632504076, 239736.144731864507776 ] } },
{ "type": "Feature", "properties": { "objectid": 587137065, "distance_to_nearest_park": 1298.8653876381334 }, "geometry": { "type": "Point", "coordinates": [ 2697665.409111625980586, 239620.34005411848193 ] } },
{ "type": "Feature", "properties": { "objectid": 587138484, "distance_to_nearest_park": 701.40985378131575 }, "geometry": { "type": "Point", "coordinates": [ 2694084.342303118668497, 239625.134081213822355 ] } },
{ "type": "Feature", "properties": { "objectid": 587136132, "distance_to_nearest_park": 1042.9488125412438 }, "geometry": { "type": "Point", "coordinates": [ 2695803.986384956166148, 237182.488953976804623 ] } },
{ "type": "Feature", "properties": { "objectid": 587138742, "distance_to_nearest_park": 692.3793479887687 }, "geometry": { "type": "Point", "coordinates": [ 2693872.365233793389052, 238562.047230519732693 ] } },
{ "type": "Feature", "properties": { "objectid": 587138516, "distance_to_nearest_park": 1078.5770970122574 }, "geometry": { "type": "Point", "coordinates": [ 2694507.959841926116496, 237688.904835353576345 ] } },
{ "type": "Feature", "properties": { "objectid": 587135461, "distance_to_nearest_park": 109.78348591601551 }, "geometry": { "type": "Point", "coordinates": [ 2694469.865387341938913, 239111.64979695569491 ] } },
{ "type": "Feature", "properties": { "objectid": 587138795, "distance_to_nearest_park": 546.89471261569406 }, "geometry": { "type": "Point", "coordinates": [ 2695606.23329799156636, 239684.020450582116609 ] } },
{ "type": "Feature", "properties": { "objectid": 587138796, "distance_to_nearest_park": 540.48743152764894 }, "geometry": { "type": "Point", "coordinates": [ 2695620.760701543651521, 239685.905093778157607 ] } },
{ "type": "Feature", "properties": { "objectid": 587138798, "distance_to_nearest_park": 1256.3414353272951 }, "geometry": { "type": "Point", "coordinates": [ 2694255.888459025416523, 237667.6622259891883 ] } },
{ "type": "Feature", "properties": { "objectid": 587137151, "distance_to_nearest_park": 349.5229675804668 }, "geometry": { "type": "Point", "coordinates": [ 2694529.486943351570517, 238580.22496184107149 ] } },
{ "type": "Feature", "properties": { "objectid": 587135254, "distance_to_nearest_park": 880.17658608961938 }, "geometry": { "type": "Point", "coordinates": [ 2695152.370642142370343, 237682.308098739886191 ] } },
{ "type": "Feature", "properties": { "objectid": 587140951, "distance_to_nearest_park": 464.15974979018483 }, "geometry": { "type": "Point", "coordinates": [ 2695186.463745742570609, 239281.374900040013017 ] } },
{ "type": "Feature", "properties": { "objectid": 587140952, "distance_to_nearest_park": 464.15974979018483 }, "geometry": { "type": "Point", "coordinates": [ 2695186.463745742570609, 239281.374900040013017 ] } },
{ "type": "Feature", "properties": { "objectid": 587141666, "distance_to_nearest_park": 1037.8565152068115 }, "geometry": { "type": "Point", "coordinates": [ 2695570.712547450326383, 237580.890707879851107 ] } },
{ "type": "Feature", "properties": { "objectid": 587142376, "distance_to_nearest_park": 701.40985378131575 }, "geometry": { "type": "Point", "coordinates": [ 2694084.342303118668497, 239625.134081213822355 ] } },
{ "type": "Feature", "properties": { "objectid": 587140788, "distance_to_nearest_park": 1016.7282547956604 }, "geometry": { "type": "Point", "coordinates": [ 2693819.301335414405912, 237597.64517835676088 ] } },
{ "type": "Feature", "properties": { "objectid": 587141762, "distance_to_nearest_park": 701.40985378131575 }, "geometry": { "type": "Point", "coordinates": [ 2694084.342303118668497, 239625.134081213822355 ] } },
{ "type": "Feature", "properties": { "objectid": 587139654, "distance_to_nearest_park": 105.99892621524626 }, "geometry": { "type": "Point", "coordinates": [ 2694681.892141377087682, 239073.045147002965678 ] } },
{ "type": "Feature", "properties": { "objectid": 587139655, "distance_to_nearest_park": 105.99892621524626 }, "geometry": { "type": "Point", "coordinates": [ 2694681.892141377087682, 239073.045147002965678 ] } },
{ "type": "Feature", "properties": { "objectid": 587140633, "distance_to_nearest_park": 333.54431218872429 }, "geometry": { "type": "Point", "coordinates": [ 2695026.034247557632625, 239215.073858677846147 ] } },
{ "type": "Feature", "properties": { "objectid": 587139694, "distance_to_nearest_park": 880.17658608961938 }, "geometry": { "type": "Point", "coordinates": [ 2695152.370642142370343, 237682.308098739886191 ] } },
{ "type": "Feature", "properties": { "objectid": 587140167, "distance_to_nearest_park": 430.70807786778687 }, "geometry": { "type": "Point", "coordinates": [ 2694789.36473099142313, 238306.504183532233583 ] } },
{ "type": "Feature", "properties": { "objectid": 587139267, "distance_to_nearest_park": 880.17658608961938 }, "geometry": { "type": "Point", "coordinates": [ 2695152.370642142370343, 237682.308098739886191 ] } },
{ "type": "Feature", "properties": { "objectid": 587139490, "distance_to_nearest_park": 880.17658608961938 }, "geometry": { "type": "Point", "coordinates": [ 2695152.370642142370343, 237682.308098739886191 ] } },
{ "type": "Feature", "properties": { "objectid": 587139494, "distance_to_nearest_park": 299.33716624454513 }, "geometry": { "type": "Point", "coordinates": [ 2695889.756674169562757, 239893.888331693509826 ] } },
{ "type": "Feature", "properties": { "objectid": 587141640, "distance_to_nearest_park": 524.16156578606399 }, "geometry": { "type": "Point", "coordinates": [ 2696626.26820921478793, 238165.874549571162788 ] } },
{ "type": "Feature", "properties": { "objectid": 587139986, "distance_to_nearest_park": 1371.909136968857 }, "geometry": { "type": "Point", "coordinates": [ 2695474.921360549516976, 237194.686413409770466 ] } },
{ "type": "Feature", "properties": { "objectid": 587140950, "distance_to_nearest_park": 464.15974979018483 }, "geometry": { "type": "Point", "coordinates": [ 2695186.463745742570609, 239281.374900040013017 ] } },
{ "type": "Feature", "properties": { "objectid": 587148335, "distance_to_nearest_park": 1469.9527455194475 }, "geometry": { "type": "Point", "coordinates": [ 2695233.161850949749351, 237089.551471731276251 ] } },
{ "type": "Feature", "properties": { "objectid": 587148605, "distance_to_nearest_park": 430.70807786778687 }, "geometry": { "type": "Point", "coordinates": [ 2694789.36473099142313, 238306.504183532233583 ] } },
{ "type": "Feature", "properties": { "objectid": 587150083, "distance_to_nearest_park": 880.17658608961938 }, "geometry": { "type": "Point", "coordinates": [ 2695152.370642142370343, 237682.308098739886191 ] } },
{ "type": "Feature", "properties": { "objectid": 587148184, "distance_to_nearest_park": 1371.909136968857 }, "geometry": { "type": "Point", "coordinates": [ 2695474.921360549516976, 237194.686413409770466 ] } },
{ "type": "Feature", "properties": { "objectid": 587150282, "distance_to_nearest_park": 959.47594835064842 }, "geometry": { "type": "Point", "coordinates": [ 2695907.823141863569617, 237409.306693734106375 ] } },
{ "type": "Feature", "properties": { "objectid": 587149599, "distance_to_nearest_park": 404.74062065973504 }, "geometry": { "type": "Point", "coordinates": [ 2692533.353287920355797, 237886.524071162071778 ] } },
{ "type": "Feature", "properties": { "objectid": 587147508, "distance_to_nearest_park": 847.95869838141562 }, "geometry": { "type": "Point", "coordinates": [ 2694985.971199952531606, 239920.545040654571494 ] } },
{ "type": "Feature", "properties": { "objectid": 587147509, "distance_to_nearest_park": 516.56391164267291 }, "geometry": { "type": "Point", "coordinates": [ 2696582.518503521103412, 236745.459046268835664 ] } },
{ "type": "Feature", "properties": { "objectid": 587147980, "distance_to_nearest_park": 620.05407960960247 }, "geometry": { "type": "Point", "coordinates": [ 2696495.918803845532238, 238182.8125580122869 ] } },
{ "type": "Feature", "properties": { "objectid": 587146844, "distance_to_nearest_park": 171.99966026999755 }, "geometry": { "type": "Point", "coordinates": [ 2696720.224911897908896, 237470.008234563661972 ] } },
{ "type": "Feature", "properties": { "objectid": 587148303, "distance_to_nearest_park": 961.25815430188311 }, "geometry": { "type": "Point", "coordinates": [ 2695942.43683552229777, 237653.405262051091995 ] } },
{ "type": "Feature", "properties": { "objectid": 587149966, "distance_to_nearest_park": 430.70807786778687 }, "geometry": { "type": "Point", "coordinates": [ 2694789.36473099142313, 238306.504183532233583 ] } },
{ "type": "Feature", "properties": { "objectid": 587152392, "distance_to_nearest_park": 280.39344777659016 }, "geometry": { "type": "Point", "coordinates": [ 2695019.221130383200943, 239160.57239616359584 ] } },
{ "type": "Feature", "properties": { "objectid": 587150737, "distance_to_nearest_park": 1042.9488125412438 }, "geometry": { "type": "Point", "coordinates": [ 2695803.986384956166148, 237182.488953976804623 ] } },
{ "type": "Feature", "properties": { "objectid": 587152663, "distance_to_nearest_park": 312.70321444086591 }, "geometry": { "type": "Point", "coordinates": [ 2695837.185349931009114, 239879.223165339644765 ] } },
{ "type": "Feature", "properties": { "objectid": 587152902, "distance_to_nearest_park": 659.22419537349936 }, "geometry": { "type": "Point", "coordinates": [ 2695161.118019406218082, 239991.651426744501805 ] } },
{ "type": "Feature", "properties": { "objectid": 587153167, "distance_to_nearest_park": 506.0037978962892 }, "geometry": { "type": "Point", "coordinates": [ 2695580.240633551497012, 239738.287025434197858 ] } },
{ "type": "Feature", "properties": { "objectid": 587153168, "distance_to_nearest_park": 489.10845780583702 }, "geometry": { "type": "Point", "coordinates": [ 2695581.677735909353942, 239756.186781720054569 ] } },
{ "type": "Feature", "properties": { "objectid": 587153169, "distance_to_nearest_park": 473.27608486458575 }, "geometry": { "type": "Point", "coordinates": [ 2695584.569308274425566, 239772.307079137914116 ] } },
{ "type": "Feature", "properties": { "objectid": 587137192, "distance_to_nearest_park": 701.40985378131575 }, "geometry": { "type": "Point", "coordinates": [ 2694084.342303118668497, 239625.134081213822355 ] } },
{ "type": "Feature", "properties": { "objectid": 587151118, "distance_to_nearest_park": 430.70807786778687 }, "geometry": { "type": "Point", "coordinates": [ 2694789.36473099142313, 238306.504183532233583 ] } },
{ "type": "Feature", "properties": { "objectid": 587153763, "distance_to_nearest_park": 171.99966026999755 }, "geometry": { "type": "Point", "coordinates": [ 2696720.224911897908896, 237470.008234563661972 ] } },
{ "type": "Feature", "properties": { "objectid": 587150645, "distance_to_nearest_park": 982.99301890634956 }, "geometry": { "type": "Point", "coordinates": [ 2693085.739163218066096, 239279.175354200386209 ] } },
{ "type": "Feature", "properties": { "objectid": 587150646, "distance_to_nearest_park": 1023.5619088281197 }, "geometry": { "type": "Point", "coordinates": [ 2693084.53018930926919, 239033.1441207768803 ] } },
{ "type": "Feature", "properties": { "objectid": 587151153, "distance_to_nearest_park": 359.732862296701 }, "geometry": { "type": "Point", "coordinates": [ 2692971.972475204616785, 237580.477794902661117 ] } },
{ "type": "Feature", "properties": { "objectid": 587154567, "distance_to_nearest_park": 1344.305969931461 }, "geometry": { "type": "Point", "coordinates": [ 2695516.566556790377945, 236999.112639591679908 ] } },
{ "type": "Feature", "properties": { "objectid": 587157942, "distance_to_nearest_park": 543.21747914289369 }, "geometry": { "type": "Point", "coordinates": [ 2695416.029804433695972, 239218.50975787139032 ] } },
{ "type": "Feature", "properties": { "objectid": 587154617, "distance_to_nearest_park": 1035.9467370440718 }, "geometry": { "type": "Point", "coordinates": [ 2694514.406527054030448, 237736.835454833286349 ] } },
{ "type": "Feature", "properties": { "objectid": 587154619, "distance_to_nearest_park": 1000.6081273640114 }, "geometry": { "type": "Point", "coordinates": [ 2694536.022756178397685, 237764.802557217597496 ] } },
{ "type": "Feature", "properties": { "objectid": 587154621, "distance_to_nearest_park": 1022.6678578077872 }, "geometry": { "type": "Point", "coordinates": [ 2694516.490496785379946, 237751.838586891244631 ] } },
{ "type": "Feature", "properties": { "objectid": 587157027, "distance_to_nearest_park": 1371.909136968857 }, "geometry": { "type": "Point", "coordinates": [ 2695474.921360549516976, 237194.686413409770466 ] } },
{ "type": "Feature", "properties": { "objectid": 587157742, "distance_to_nearest_park": 526.28066970546297 }, "geometry": { "type": "Point", "coordinates": [ 2696114.634096749592572, 239732.85769546154188 ] } },
{ "type": "Feature", "properties": { "objectid": 587157746, "distance_to_nearest_park": 454.1808902349419 }, "geometry": { "type": "Point", "coordinates": [ 2696044.874554017093033, 239778.183646782068536 ] } },
{ "type": "Feature", "properties": { "objectid": 587157747, "distance_to_nearest_park": 404.79478458162936 }, "geometry": { "type": "Point", "coordinates": [ 2696044.939093578141183, 239833.215919511334505 ] } },
{ "type": "Feature", "properties": { "objectid": 587157748, "distance_to_nearest_park": 439.37121455009304 }, "geometry": { "type": "Point", "coordinates": [ 2696047.442803602665663, 239795.75225901111844 ] } },
{ "type": "Feature", "properties": { "objectid": 587157749, "distance_to_nearest_park": 487.3084697831539 }, "geometry": { "type": "Point", "coordinates": [ 2696126.261435367166996, 239785.678904946078546 ] } },
{ "type": "Feature", "properties": { "objectid": 587157750, "distance_to_nearest_park": 569.34715806507859 }, "geometry": { "type": "Point", "coordinates": [ 2696137.581520047504455, 239696.359639016707661 ] } },
{ "type": "Feature", "properties": { "objectid": 587157781, "distance_to_nearest_park": 546.71222104215872 }, "geometry": { "type": "Point", "coordinates": [ 2696030.575044306460768, 239673.169056988117518 ] } },
{ "type": "Feature", "properties": { "objectid": 587155417, "distance_to_nearest_park": 435.93814540695968 }, "geometry": { "type": "Point", "coordinates": [ 2695108.754102719947696, 239291.848283844126854 ] } },
{ "type": "Feature", "properties": { "objectid": 587157810, "distance_to_nearest_park": 207.89361183490058 }, "geometry": { "type": "Point", "coordinates": [ 2692924.677981390152127, 237241.623550184536725 ] } },
{ "type": "Feature", "properties": { "objectid": 587154950, "distance_to_nearest_park": 215.07682495405237 }, "geometry": { "type": "Point", "coordinates": [ 2692936.214775395113975, 237355.301533732097596 ] } },
{ "type": "Feature", "properties": { "objectid": 587154473, "distance_to_nearest_park": 880.17658608961938 }, "geometry": { "type": "Point", "coordinates": [ 2695152.370642142370343, 237682.308098739886191 ] } },
{ "type": "Feature", "properties": { "objectid": 587156875, "distance_to_nearest_park": 701.40985378131575 }, "geometry": { "type": "Point", "coordinates": [ 2694084.342303118668497, 239625.134081213822355 ] } },
{ "type": "Feature", "properties": { "objectid": 587155451, "distance_to_nearest_park": 828.97869172512162 }, "geometry": { "type": "Point", "coordinates": [ 2694870.647999747656286, 237782.640061558166053 ] } },
{ "type": "Feature", "properties": { "objectid": 587143345, "distance_to_nearest_park": 109.78348591601551 }, "geometry": { "type": "Point", "coordinates": [ 2694469.865387341938913, 239111.64979695569491 ] } },
{ "type": "Feature", "properties": { "objectid": 587143574, "distance_to_nearest_park": 171.99966026999755 }, "geometry": { "type": "Point", "coordinates": [ 2696720.224911897908896, 237470.008234563661972 ] } },
{ "type": "Feature", "properties": { "objectid": 587142855, "distance_to_nearest_park": 842.75148697128827 }, "geometry": { "type": "Point", "coordinates": [ 2696150.606077003292739, 236716.355951366043882 ] } },
{ "type": "Feature", "properties": { "objectid": 587144813, "distance_to_nearest_park": 171.99966026999755 }, "geometry": { "type": "Point", "coordinates": [ 2696720.224911897908896, 237470.008234563661972 ] } },
{ "type": "Feature", "properties": { "objectid": 587146007, "distance_to_nearest_park": 880.17658608961938 }, "geometry": { "type": "Point", "coordinates": [ 2695152.370642142370343, 237682.308098739886191 ] } },
{ "type": "Feature", "properties": { "objectid": 587143401, "distance_to_nearest_park": 1371.909136968857 }, "geometry": { "type": "Point", "coordinates": [ 2695474.921360549516976, 237194.686413409770466 ] } },
{ "type": "Feature", "properties": { "objectid": 587143880, "distance_to_nearest_park": 1371.909136968857 }, "geometry": { "type": "Point", "coordinates": [ 2695474.921360549516976, 237194.686413409770466 ] } },
{ "type": "Feature", "properties": { "objectid": 587144592, "distance_to_nearest_park": 880.17658608961938 }, "geometry": { "type": "Point", "coordinates": [ 2695152.370642142370343, 237682.308098739886191 ] } },
{ "type": "Feature", "properties": { "objectid": 587143172, "distance_to_nearest_park": 1346.0181944561268 }, "geometry": { "type": "Point", "coordinates": [ 2695318.055666418280452, 237216.682835923711536 ] } },
{ "type": "Feature", "properties": { "objectid": 587145321, "distance_to_nearest_park": 1105.3507092417456 }, "geometry": { "type": "Point", "coordinates": [ 2694612.003540494013578, 237593.558973468199838 ] } },
{ "type": "Feature", "properties": { "objectid": 587144143, "distance_to_nearest_park": 1207.2692478026963 }, "geometry": { "type": "Point", "coordinates": [ 2693998.468436321243644, 237828.84913109469926 ] } },
{ "type": "Feature", "properties": { "objectid": 587145149, "distance_to_nearest_park": 464.37831102052127 }, "geometry": { "type": "Point", "coordinates": [ 2695715.036108863074332, 239741.519287213624921 ] } },
{ "type": "Feature", "properties": { "objectid": 587143980, "distance_to_nearest_park": 1105.3507092417456 }, "geometry": { "type": "Point", "coordinates": [ 2694612.003540494013578, 237593.558973468199838 ] } },
{ "type": "Feature", "properties": { "objectid": 587143978, "distance_to_nearest_park": 1105.3507092417456 }, "geometry": { "type": "Point", "coordinates": [ 2694612.003540494013578, 237593.558973468199838 ] } },
{ "type": "Feature", "properties": { "objectid": 587143979, "distance_to_nearest_park": 1105.3507092417456 }, "geometry": { "type": "Point", "coordinates": [ 2694612.003540494013578, 237593.558973468199838 ] } },
{ "type": "Feature", "properties": { "objectid": 587143981, "distance_to_nearest_park": 1105.3507092417456 }, "geometry": { "type": "Point", "coordinates": [ 2694612.003540494013578, 237593.558973468199838 ] } },
{ "type": "Feature", "properties": { "objectid": 587143982, "distance_to_nearest_park": 1105.3507092417456 }, "geometry": { "type": "Point", "coordinates": [ 2694612.003540494013578, 237593.558973468199838 ] } },
{ "type": "Feature", "properties": { "objectid": 587143031, "distance_to_nearest_park": 662.95947876141656 }, "geometry": { "type": "Point", "coordinates": [ 2694573.739975595381111, 238209.431274745467817 ] } },
{ "type": "Feature", "properties": { "objectid": 587143278, "distance_to_nearest_park": 1105.3507092417456 }, "geometry": { "type": "Point", "coordinates": [ 2694612.003540494013578, 237593.558973468199838 ] } },
{ "type": "Feature", "properties": { "objectid": 587144483, "distance_to_nearest_park": 701.40985378131575 }, "geometry": { "type": "Point", "coordinates": [ 2694084.342303118668497, 239625.134081213822355 ] } },
{ "type": "Feature", "properties": { "objectid": 587146146, "distance_to_nearest_park": 171.99966026999755 }, "geometry": { "type": "Point", "coordinates": [ 2696720.224911897908896, 237470.008234563661972 ] } },
{ "type": "Feature", "properties": { "objectid": 587144028, "distance_to_nearest_park": 880.17658608961938 }, "geometry": { "type": "Point", "coordinates": [ 2695152.370642142370343, 237682.308098739886191 ] } },
{ "type": "Feature", "properties": { "objectid": 587145455, "distance_to_nearest_park": 1083.6164446322682 }, "geometry": { "type": "Point", "coordinates": [ 2695738.277411443646997, 237605.129722769284854 ] } },
{ "type": "Feature", "properties": { "objectid": 587164565, "distance_to_nearest_park": 246.25268098940194 }, "geometry": { "type": "Point", "coordinates": [ 2694206.04271592060104, 238860.466103351558559 ] } },
{ "type": "Feature", "properties": { "objectid": 587146305, "distance_to_nearest_park": 1142.433552655948 }, "geometry": { "type": "Point", "coordinates": [ 2694275.790338479913771, 237811.470329335599672 ] } },
{ "type": "Feature", "properties": { "objectid": 587163413, "distance_to_nearest_park": 298.83543122320901 }, "geometry": { "type": "Point", "coordinates": [ 2694817.960635470692068, 239243.222844557894859 ] } },
{ "type": "Feature", "properties": { "objectid": 587163658, "distance_to_nearest_park": 92.399350282854726 }, "geometry": { "type": "Point", "coordinates": [ 2694597.780178971588612, 239081.874506317952182 ] } },
{ "type": "Feature", "properties": { "objectid": 587163893, "distance_to_nearest_park": 701.40985378131575 }, "geometry": { "type": "Point", "coordinates": [ 2694084.342303118668497, 239625.134081213822355 ] } },
{ "type": "Feature", "properties": { "objectid": 587164624, "distance_to_nearest_park": 1711.0653137238687 }, "geometry": { "type": "Point", "coordinates": [ 2695184.23505436303094, 236788.181342460738961 ] } },
{ "type": "Feature", "properties": { "objectid": 587162485, "distance_to_nearest_park": 171.99966026999755 }, "geometry": { "type": "Point", "coordinates": [ 2696720.224911897908896, 237470.008234563661972 ] } },
{ "type": "Feature", "properties": { "objectid": 587162747, "distance_to_nearest_park": 996.71843242979139 }, "geometry": { "type": "Point", "coordinates": [ 2694486.48997050896287, 237808.904215462855063 ] } },
{ "type": "Feature", "properties": { "objectid": 587164835, "distance_to_nearest_park": 605.2594052716463 }, "geometry": { "type": "Point", "coordinates": [ 2693522.799325021449476, 237312.347776913025882 ] } },
{ "type": "Feature", "properties": { "objectid": 587162754, "distance_to_nearest_park": 880.17658608961938 }, "geometry": { "type": "Point", "coordinates": [ 2695152.370642142370343, 237682.308098739886191 ] } },
{ "type": "Feature", "properties": { "objectid": 587162044, "distance_to_nearest_park": 497.30917642679191 }, "geometry": { "type": "Point", "coordinates": [ 2696581.24930934747681, 238094.577525405300548 ] } },
{ "type": "Feature", "properties": { "objectid": 587162323, "distance_to_nearest_park": 249.12457842584357 }, "geometry": { "type": "Point", "coordinates": [ 2694996.66992225125432, 239135.857317929592682 ] } },
{ "type": "Feature", "properties": { "objectid": 587165024, "distance_to_nearest_park": 349.5229675804668 }, "geometry": { "type": "Point", "coordinates": [ 2694529.486943351570517, 238580.22496184107149 ] } },
{ "type": "Feature", "properties": { "objectid": 587161874, "distance_to_nearest_park": 298.83543122320901 }, "geometry": { "type": "Point", "coordinates": [ 2694817.960635470692068, 239243.222844557894859 ] } },
{ "type": "Feature", "properties": { "objectid": 587164256, "distance_to_nearest_park": 171.99966026999755 }, "geometry": { "type": "Point", "coordinates": [ 2696720.224911897908896, 237470.008234563661972 ] } },
{ "type": "Feature", "properties": { "objectid": 587162356, "distance_to_nearest_park": 166.08745202723603 }, "geometry": { "type": "Point", "coordinates": [ 2692868.707306938245893, 237400.337935107992962 ] } },
{ "type": "Feature", "properties": { "objectid": 587162833, "distance_to_nearest_park": 298.83543122320901 }, "geometry": { "type": "Point", "coordinates": [ 2694817.960635470692068, 239243.222844557894859 ] } },
{ "type": "Feature", "properties": { "objectid": 587164284, "distance_to_nearest_park": 880.17658608961938 }, "geometry": { "type": "Point", "coordinates": [ 2695152.370642142370343, 237682.308098739886191 ] } },
{ "type": "Feature", "properties": { "objectid": 587164287, "distance_to_nearest_park": 1574.2456449731892 }, "geometry": { "type": "Point", "coordinates": [ 2695331.586193656548858, 236765.540113788767485 ] } },
{ "type": "Feature", "properties": { "objectid": 587167874, "distance_to_nearest_park": 880.17658608961938 }, "geometry": { "type": "Point", "coordinates": [ 2695152.370642142370343, 237682.308098739886191 ] } },
{ "type": "Feature", "properties": { "objectid": 587169300, "distance_to_nearest_park": 109.78348591601551 }, "geometry": { "type": "Point", "coordinates": [ 2694469.865387341938913, 239111.64979695569491 ] } },
{ "type": "Feature", "properties": { "objectid": 587169301, "distance_to_nearest_park": 92.399350282854726 }, "geometry": { "type": "Point", "coordinates": [ 2694597.780178971588612, 239081.874506317952182 ] } },
{ "type": "Feature", "properties": { "objectid": 587169302, "distance_to_nearest_park": 92.399350282854726 }, "geometry": { "type": "Point", "coordinates": [ 2694597.780178971588612, 239081.874506317952182 ] } },
{ "type": "Feature", "properties": { "objectid": 587169303, "distance_to_nearest_park": 92.399350282854726 }, "geometry": { "type": "Point", "coordinates": [ 2694597.780178971588612, 239081.874506317952182 ] } },
{ "type": "Feature", "properties": { "objectid": 587169305, "distance_to_nearest_park": 701.40985378131575 }, "geometry": { "type": "Point", "coordinates": [ 2694084.342303118668497, 239625.134081213822355 ] } },
{ "type": "Feature", "properties": { "objectid": 587169325, "distance_to_nearest_park": 1711.0653137238687 }, "geometry": { "type": "Point", "coordinates": [ 2695184.23505436303094, 236788.181342460738961 ] } },
{ "type": "Feature", "properties": { "objectid": 587167447, "distance_to_nearest_park": 171.99966026999755 }, "geometry": { "type": "Point", "coordinates": [ 2696720.224911897908896, 237470.008234563661972 ] } },
{ "type": "Feature", "properties": { "objectid": 587168388, "distance_to_nearest_park": 92.399350282854726 }, "geometry": { "type": "Point", "coordinates": [ 2694597.780178971588612, 239081.874506317952182 ] } },
{ "type": "Feature", "properties": { "objectid": 587168639, "distance_to_nearest_park": 1711.0653137238687 }, "geometry": { "type": "Point", "coordinates": [ 2695184.23505436303094, 236788.181342460738961 ] } },
{ "type": "Feature", "properties": { "objectid": 587166736, "distance_to_nearest_park": 1711.0653137238687 }, "geometry": { "type": "Point", "coordinates": [ 2695184.23505436303094, 236788.181342460738961 ] } },
{ "type": "Feature", "properties": { "objectid": 587168410, "distance_to_nearest_park": 355.81123187762739 }, "geometry": { "type": "Point", "coordinates": [ 2693224.83143602265045, 237220.527917862171307 ] } },
{ "type": "Feature", "properties": { "objectid": 587169362, "distance_to_nearest_park": 1238.5284423795656 }, "geometry": { "type": "Point", "coordinates": [ 2695653.88964722212404, 236859.558182132575894 ] } },
{ "type": "Feature", "properties": { "objectid": 587161934, "distance_to_nearest_park": 968.91567782783989 }, "geometry": { "type": "Point", "coordinates": [ 2696565.630980568472296, 238634.946582636854146 ] } },
{ "type": "Feature", "properties": { "objectid": 587167032, "distance_to_nearest_park": 821.899179351312 }, "geometry": { "type": "Point", "coordinates": [ 2696034.357475715689361, 237321.916505045286613 ] } },
{ "type": "Feature", "properties": { "objectid": 587166110, "distance_to_nearest_park": 880.17658608961938 }, "geometry": { "type": "Point", "coordinates": [ 2695152.370642142370343, 237682.308098739886191 ] } },
{ "type": "Feature", "properties": { "objectid": 587169235, "distance_to_nearest_park": 440.68099905687103 }, "geometry": { "type": "Point", "coordinates": [ 2695492.239063289482147, 238209.065152410621522 ] } },
{ "type": "Feature", "properties": { "objectid": 587165672, "distance_to_nearest_park": 842.75148697128827 }, "geometry": { "type": "Point", "coordinates": [ 2696150.606077003292739, 236716.355951366043882 ] } },
{ "type": "Feature", "properties": { "objectid": 587167142, "distance_to_nearest_park": 880.17658608961938 }, "geometry": { "type": "Point", "coordinates": [ 2695152.370642142370343, 237682.308098739886191 ] } },
{ "type": "Feature", "properties": { "objectid": 587169293, "distance_to_nearest_park": 92.399350282854726 }, "geometry": { "type": "Point", "coordinates": [ 2694597.780178971588612, 239081.874506317952182 ] } },
{ "type": "Feature", "properties": { "objectid": 587169299, "distance_to_nearest_park": 109.78348591601551 }, "geometry": { "type": "Point", "coordinates": [ 2694469.865387341938913, 239111.64979695569491 ] } },
{ "type": "Feature", "properties": { "objectid": 587172899, "distance_to_nearest_park": 1711.0653137238687 }, "geometry": { "type": "Point", "coordinates": [ 2695184.23505436303094, 236788.181342460738961 ] } },
{ "type": "Feature", "properties": { "objectid": 587170526, "distance_to_nearest_park": 701.40985378131575 }, "geometry": { "type": "Point", "coordinates": [ 2694084.342303118668497, 239625.134081213822355 ] } },
{ "type": "Feature", "properties": { "objectid": 587171968, "distance_to_nearest_park": 880.17658608961938 }, "geometry": { "type": "Point", "coordinates": [ 2695152.370642142370343, 237682.308098739886191 ] } },
{ "type": "Feature", "properties": { "objectid": 587171969, "distance_to_nearest_park": 880.17658608961938 }, "geometry": { "type": "Point", "coordinates": [ 2695152.370642142370343, 237682.308098739886191 ] } },
{ "type": "Feature", "properties": { "objectid": 587171970, "distance_to_nearest_park": 880.17658608961938 }, "geometry": { "type": "Point", "coordinates": [ 2695152.370642142370343, 237682.308098739886191 ] } },
{ "type": "Feature", "properties": { "objectid": 587172681, "distance_to_nearest_park": 77.848461411960898 }, "geometry": { "type": "Point", "coordinates": [ 2694746.521828124299645, 239030.480329704703763 ] } },
{ "type": "Feature", "properties": { "objectid": 587172682, "distance_to_nearest_park": 77.848461411960898 }, "geometry": { "type": "Point", "coordinates": [ 2694746.521828124299645, 239030.480329704703763 ] } },
{ "type": "Feature", "properties": { "objectid": 587172683, "distance_to_nearest_park": 77.848461411960898 }, "geometry": { "type": "Point", "coordinates": [ 2694746.521828124299645, 239030.480329704703763 ] } },
{ "type": "Feature", "properties": { "objectid": 587172684, "distance_to_nearest_park": 77.848461411960898 }, "geometry": { "type": "Point", "coordinates": [ 2694746.521828124299645, 239030.480329704703763 ] } },
{ "type": "Feature", "properties": { "objectid": 587171515, "distance_to_nearest_park": 842.75148697128827 }, "geometry": { "type": "Point", "coordinates": [ 2696150.606077003292739, 236716.355951366043882 ] } },
{ "type": "Feature", "properties": { "objectid": 587171596, "distance_to_nearest_park": 1091.7104566859582 }, "geometry": { "type": "Point", "coordinates": [ 2694921.340770709794015, 237498.407897329801926 ] } },
{ "type": "Feature", "properties": { "objectid": 587172783, "distance_to_nearest_park": 171.99966026999755 }, "geometry": { "type": "Point", "coordinates": [ 2696720.224911897908896, 237470.008234563661972 ] } },
{ "type": "Feature", "properties": { "objectid": 587171144, "distance_to_nearest_park": 310.49491420323011 }, "geometry": { "type": "Point", "coordinates": [ 2695855.365849785972387, 239880.850890437461203 ] } },
{ "type": "Feature", "properties": { "objectid": 587164116, "distance_to_nearest_park": 1371.909136968857 }, "geometry": { "type": "Point", "coordinates": [ 2695474.921360549516976, 237194.686413409770466 ] } },
{ "type": "Feature", "properties": { "objectid": 587161027, "distance_to_nearest_park": 701.40985378131575 }, "geometry": { "type": "Point", "coordinates": [ 2694084.342303118668497, 239625.134081213822355 ] } },
{ "type": "Feature", "properties": { "objectid": 587159404, "distance_to_nearest_park": 171.99966026999755 }, "geometry": { "type": "Point", "coordinates": [ 2696720.224911897908896, 237470.008234563661972 ] } },
{ "type": "Feature", "properties": { "objectid": 587159893, "distance_to_nearest_park": 430.70807786778687 }, "geometry": { "type": "Point", "coordinates": [ 2694789.36473099142313, 238306.504183532233583 ] } },
{ "type": "Feature", "properties": { "objectid": 587159894, "distance_to_nearest_park": 430.70807786778687 }, "geometry": { "type": "Point", "coordinates": [ 2694789.36473099142313, 238306.504183532233583 ] } },
{ "type": "Feature", "properties": { "objectid": 587158464, "distance_to_nearest_park": 939.42787631674594 }, "geometry": { "type": "Point", "coordinates": [ 2694717.030449046287686, 239920.668121147755301 ] } },
{ "type": "Feature", "properties": { "objectid": 587158220, "distance_to_nearest_park": 686.19112328066137 }, "geometry": { "type": "Point", "coordinates": [ 2695225.356487773824483, 239513.571551906381501 ] } },
{ "type": "Feature", "properties": { "objectid": 587158954, "distance_to_nearest_park": 1407.0205124979123 }, "geometry": { "type": "Point", "coordinates": [ 2695447.62004367634654, 237045.193217867810745 ] } },
{ "type": "Feature", "properties": { "objectid": 587160160, "distance_to_nearest_park": 559.83238741667139 }, "geometry": { "type": "Point", "coordinates": [ 2696062.333586995024234, 239670.822876333695604 ] } },
{ "type": "Feature", "properties": { "objectid": 587160161, "distance_to_nearest_park": 574.52874418697945 }, "geometry": { "type": "Point", "coordinates": [ 2696094.372333277482539, 239668.484975400206167 ] } },
{ "type": "Feature", "properties": { "objectid": 587160163, "distance_to_nearest_park": 553.21057148595514 }, "geometry": { "type": "Point", "coordinates": [ 2696046.31956963473931, 239671.809779962175526 ] } },
{ "type": "Feature", "properties": { "objectid": 587160172, "distance_to_nearest_park": 587.67271132757389 }, "geometry": { "type": "Point", "coordinates": [ 2696117.196726467460394, 239664.782845428446308 ] } },
{ "type": "Feature", "properties": { "objectid": 587160173, "distance_to_nearest_park": 603.19846261076657 }, "geometry": { "type": "Point", "coordinates": [ 2696142.564310383517295, 239660.426642553095007 ] } },
{ "type": "Feature", "properties": { "objectid": 587160195, "distance_to_nearest_park": 498.46406518113071 }, "geometry": { "type": "Point", "coordinates": [ 2696033.247038631234318, 239725.362475546862697 ] } },
{ "type": "Feature", "properties": { "objectid": 587161664, "distance_to_nearest_park": 544.12568234911635 }, "geometry": { "type": "Point", "coordinates": [ 2695606.266211575362831, 238976.644614445831394 ] } },
{ "type": "Feature", "properties": { "objectid": 587160026, "distance_to_nearest_park": 842.75148697128827 }, "geometry": { "type": "Point", "coordinates": [ 2696150.606077003292739, 236716.355951366043882 ] } },
{ "type": "Feature", "properties": { "objectid": 587176690, "distance_to_nearest_park": 1091.9613847625299 }, "geometry": { "type": "Point", "coordinates": [ 2695417.045128404628485, 237484.537657746957848 ] } },
{ "type": "Feature", "properties": { "objectid": 587177891, "distance_to_nearest_park": 789.40710206024949 }, "geometry": { "type": "Point", "coordinates": [ 2696500.720541802700609, 239735.467091977887321 ] } },
{ "type": "Feature", "properties": { "objectid": 587178136, "distance_to_nearest_park": 1038.4175763548883 }, "geometry": { "type": "Point", "coordinates": [ 2693617.297363677993417, 238327.526532059418969 ] } },
{ "type": "Feature", "properties": { "objectid": 587178141, "distance_to_nearest_park": 1100.8092693312151 }, "geometry": { "type": "Point", "coordinates": [ 2693459.369811858981848, 238443.528463274094975 ] } },
{ "type": "Feature", "properties": { "objectid": 587178768, "distance_to_nearest_park": 430.70807786778687 }, "geometry": { "type": "Point", "coordinates": [ 2694789.36473099142313, 238306.504183532233583 ] } },
{ "type": "Feature", "properties": { "objectid": 587175285, "distance_to_nearest_park": 880.17658608961938 }, "geometry": { "type": "Point", "coordinates": [ 2695152.370642142370343, 237682.308098739886191 ] } },
{ "type": "Feature", "properties": { "objectid": 587178168, "distance_to_nearest_park": 901.6880038839837 }, "geometry": { "type": "Point", "coordinates": [ 2693567.446154784876853, 237655.134655913774623 ] } },
{ "type": "Feature", "properties": { "objectid": 587178175, "distance_to_nearest_park": 754.31073145905748 }, "geometry": { "type": "Point", "coordinates": [ 2693374.85407395567745, 237700.149432221020106 ] } },
{ "type": "Feature", "properties": { "objectid": 587177497, "distance_to_nearest_park": 109.78348591601551 }, "geometry": { "type": "Point", "coordinates": [ 2694469.865387341938913, 239111.64979695569491 ] } },
{ "type": "Feature", "properties": { "objectid": 587178229, "distance_to_nearest_park": 758.69468369852598 }, "geometry": { "type": "Point", "coordinates": [ 2693309.61664380505681, 237801.739062374865171 ] } },
{ "type": "Feature", "properties": { "objectid": 587178231, "distance_to_nearest_park": 1069.5397517544495 }, "geometry": { "type": "Point", "coordinates": [ 2693599.979861756786704, 237932.696684139635181 ] } },
{ "type": "Feature", "properties": { "objectid": 587178923, "distance_to_nearest_park": 744.16715795786536 }, "geometry": { "type": "Point", "coordinates": [ 2695582.020966785494238, 239343.651510816504015 ] } },
{ "type": "Feature", "properties": { "objectid": 587175850, "distance_to_nearest_park": 1088.3498120201248 }, "geometry": { "type": "Point", "coordinates": [ 2694148.370828799437732, 237900.665488164377166 ] } },
{ "type": "Feature", "properties": { "objectid": 587177291, "distance_to_nearest_park": 1371.909136968857 }, "geometry": { "type": "Point", "coordinates": [ 2695474.921360549516976, 237194.686413409770466 ] } },
{ "type": "Feature", "properties": { "objectid": 587177314, "distance_to_nearest_park": 842.75148697128827 }, "geometry": { "type": "Point", "coordinates": [ 2696150.606077003292739, 236716.355951366043882 ] } },
{ "type": "Feature", "properties": { "objectid": 587178272, "distance_to_nearest_park": 1094.3105249860939 }, "geometry": { "type": "Point", "coordinates": [ 2696259.970011927187443, 238929.533495510666398 ] } },
{ "type": "Feature", "properties": { "objectid": 587178273, "distance_to_nearest_park": 1087.9008687952021 }, "geometry": { "type": "Point", "coordinates": [ 2696258.77068446809426, 238913.098439897061326 ] } },
{ "type": "Feature", "properties": { "objectid": 587178274, "distance_to_nearest_park": 1081.7042894814281 }, "geometry": { "type": "Point", "coordinates": [ 2696257.571354779414833, 238896.663384357787436 ] } },
{ "type": "Feature", "properties": { "objectid": 587178275, "distance_to_nearest_park": 1075.724469255691 }, "geometry": { "type": "Point", "coordinates": [ 2696256.37202285695821, 238880.228328874276485 ] } },
{ "type": "Feature", "properties": { "objectid": 587176849, "distance_to_nearest_park": 1191.1001703254049 }, "geometry": { "type": "Point", "coordinates": [ 2697603.506089315284044, 239446.500201325194212 ] } },
{ "type": "Feature", "properties": { "objectid": 587176851, "distance_to_nearest_park": 903.08160605363048 }, "geometry": { "type": "Point", "coordinates": [ 2695532.135483095888048, 237710.226577646710211 ] } },
{ "type": "Feature", "properties": { "objectid": 587178076, "distance_to_nearest_park": 875.66145021922762 }, "geometry": { "type": "Point", "coordinates": [ 2693578.142943637445569, 238725.80378824219224 ] } },
{ "type": "Feature", "properties": { "objectid": 587176658, "distance_to_nearest_park": 430.70807786778687 }, "geometry": { "type": "Point", "coordinates": [ 2694789.36473099142313, 238306.504183532233583 ] } },
{ "type": "Feature", "properties": { "objectid": 587178086, "distance_to_nearest_park": 880.17658608961938 }, "geometry": { "type": "Point", "coordinates": [ 2695152.370642142370343, 237682.308098739886191 ] } },
{ "type": "Feature", "properties": { "objectid": 587178708, "distance_to_nearest_park": 997.1178487764297 }, "geometry": { "type": "Point", "coordinates": [ 2695906.947260188404471, 237658.557515610125847 ] } },
{ "type": "Feature", "properties": { "objectid": 587176670, "distance_to_nearest_park": 1190.9321575757588 }, "geometry": { "type": "Point", "coordinates": [ 2695541.198524496052414, 237411.288204305485124 ] } },
{ "type": "Feature", "properties": { "objectid": 587171188, "distance_to_nearest_park": 92.399350282854726 }, "geometry": { "type": "Point", "coordinates": [ 2694597.780178971588612, 239081.874506317952182 ] } },
{ "type": "Feature", "properties": { "objectid": 587175093, "distance_to_nearest_park": 92.399350282854726 }, "geometry": { "type": "Point", "coordinates": [ 2694597.780178971588612, 239081.874506317952182 ] } },
{ "type": "Feature", "properties": { "objectid": 587175096, "distance_to_nearest_park": 92.399350282854726 }, "geometry": { "type": "Point", "coordinates": [ 2694597.780178971588612, 239081.874506317952182 ] } },
{ "type": "Feature", "properties": { "objectid": 587175097, "distance_to_nearest_park": 92.399350282854726 }, "geometry": { "type": "Point", "coordinates": [ 2694597.780178971588612, 239081.874506317952182 ] } },
{ "type": "Feature", "properties": { "objectid": 587174327, "distance_to_nearest_park": 842.75148697128827 }, "geometry": { "type": "Point", "coordinates": [ 2696150.606077003292739, 236716.355951366043882 ] } },
{ "type": "Feature", "properties": { "objectid": 587174371, "distance_to_nearest_park": 171.99966026999755 }, "geometry": { "type": "Point", "coordinates": [ 2696720.224911897908896, 237470.008234563661972 ] } },
{ "type": "Feature", "properties": { "objectid": 587174168, "distance_to_nearest_park": 79.361836523018383 }, "geometry": { "type": "Point", "coordinates": [ 2694808.455187336541712, 239022.458238947234349 ] } },
{ "type": "Feature", "properties": { "objectid": 587174169, "distance_to_nearest_park": 79.361836523018383 }, "geometry": { "type": "Point", "coordinates": [ 2694808.455187336541712, 239022.458238947234349 ] } },
{ "type": "Feature", "properties": { "objectid": 587174170, "distance_to_nearest_park": 79.361836523018383 }, "geometry": { "type": "Point", "coordinates": [ 2694808.455187336541712, 239022.458238947234349 ] } },
{ "type": "Feature", "properties": { "objectid": 587174171, "distance_to_nearest_park": 79.361836523018383 }, "geometry": { "type": "Point", "coordinates": [ 2694808.455187336541712, 239022.458238947234349 ] } },
{ "type": "Feature", "properties": { "objectid": 587173433, "distance_to_nearest_park": 880.17658608961938 }, "geometry": { "type": "Point", "coordinates": [ 2695152.370642142370343, 237682.308098739886191 ] } },
{ "type": "Feature", "properties": { "objectid": 587174671, "distance_to_nearest_park": 1105.3507092417456 }, "geometry": { "type": "Point", "coordinates": [ 2694612.003540494013578, 237593.558973468199838 ] } },
{ "type": "Feature", "properties": { "objectid": 587186259, "distance_to_nearest_park": 462.92470019869569 }, "geometry": { "type": "Point", "coordinates": [ 2695825.322284039575607, 239729.454278820368927 ] } },
{ "type": "Feature", "properties": { "objectid": 587182908, "distance_to_nearest_park": 92.399350282854726 }, "geometry": { "type": "Point", "coordinates": [ 2694597.780178971588612, 239081.874506317952182 ] } },
{ "type": "Feature", "properties": { "objectid": 587185297, "distance_to_nearest_park": 1711.0653137238687 }, "geometry": { "type": "Point", "coordinates": [ 2695184.23505436303094, 236788.181342460738961 ] } },
{ "type": "Feature", "properties": { "objectid": 587182931, "distance_to_nearest_park": 229.19985730466743 }, "geometry": { "type": "Point", "coordinates": [ 2692950.850307269021869, 237353.543348342966055 ] } },
{ "type": "Feature", "properties": { "objectid": 587183452, "distance_to_nearest_park": 298.83543122320901 }, "geometry": { "type": "Point", "coordinates": [ 2694817.960635470692068, 239243.222844557894859 ] } },
{ "type": "Feature", "properties": { "objectid": 587183922, "distance_to_nearest_park": 880.17658608961938 }, "geometry": { "type": "Point", "coordinates": [ 2695152.370642142370343, 237682.308098739886191 ] } },
{ "type": "Feature", "properties": { "objectid": 587184889, "distance_to_nearest_park": 472.34959983498334 }, "geometry": { "type": "Point", "coordinates": [ 2695397.29521050164476, 239932.624843329685973 ] } },
{ "type": "Feature", "properties": { "objectid": 587184893, "distance_to_nearest_park": 842.75148697128827 }, "geometry": { "type": "Point", "coordinates": [ 2696150.606077003292739, 236716.355951366043882 ] } },
{ "type": "Feature", "properties": { "objectid": 587186512, "distance_to_nearest_park": 842.75148697128827 }, "geometry": { "type": "Point", "coordinates": [ 2696150.606077003292739, 236716.355951366043882 ] } },
{ "type": "Feature", "properties": { "objectid": 587184674, "distance_to_nearest_park": 1042.9488125412438 }, "geometry": { "type": "Point", "coordinates": [ 2695803.986384956166148, 237182.488953976804623 ] } },
{ "type": "Feature", "properties": { "objectid": 587185170, "distance_to_nearest_park": 1482.1122203262225 }, "geometry": { "type": "Point", "coordinates": [ 2695431.538191711995751, 236752.440581399889197 ] } },
{ "type": "Feature", "properties": { "objectid": 587185949, "distance_to_nearest_park": 899.98295869375113 }, "geometry": { "type": "Point", "coordinates": [ 2695971.341024218592793, 237433.404629493132234 ] } },
{ "type": "Feature", "properties": { "objectid": 587184488, "distance_to_nearest_park": 398.66250431090435 }, "geometry": { "type": "Point", "coordinates": [ 2693479.85656008683145, 236978.357468015950872 ] } },
{ "type": "Feature", "properties": { "objectid": 587186001, "distance_to_nearest_park": 171.99966026999755 }, "geometry": { "type": "Point", "coordinates": [ 2696720.224911897908896, 237470.008234563661972 ] } },
{ "type": "Feature", "properties": { "objectid": 587185466, "distance_to_nearest_park": 478.00735332457242 }, "geometry": { "type": "Point", "coordinates": [ 2694544.757464456371963, 238451.661638069344917 ] } },
{ "type": "Feature", "properties": { "objectid": 587184281, "distance_to_nearest_park": 842.75148697128827 }, "geometry": { "type": "Point", "coordinates": [ 2696150.606077003292739, 236716.355951366043882 ] } },
{ "type": "Feature", "properties": { "objectid": 587188373, "distance_to_nearest_park": 732.6186979160276 }, "geometry": { "type": "Point", "coordinates": [ 2696119.921766721177846, 237101.759624053316657 ] } },
{ "type": "Feature", "properties": { "objectid": 587189814, "distance_to_nearest_park": 1105.3507092417456 }, "geometry": { "type": "Point", "coordinates": [ 2694612.003540494013578, 237593.558973468199838 ] } },
{ "type": "Feature", "properties": { "objectid": 587190286, "distance_to_nearest_park": 1458.6126589773348 }, "geometry": { "type": "Point", "coordinates": [ 2695394.101149189751595, 237062.571994954458205 ] } },
{ "type": "Feature", "properties": { "objectid": 587160729, "distance_to_nearest_park": 444.4013444349788 }, "geometry": { "type": "Point", "coordinates": [ 2695134.65018063178286, 239288.59987890458433 ] } },
{ "type": "Feature", "properties": { "objectid": 587189854, "distance_to_nearest_park": 648.92279308067543 }, "geometry": { "type": "Point", "coordinates": [ 2694484.361101876478642, 238282.976680160878459 ] } },
{ "type": "Feature", "properties": { "objectid": 587189177, "distance_to_nearest_park": 1371.909136968857 }, "geometry": { "type": "Point", "coordinates": [ 2695474.921360549516976, 237194.686413409770466 ] } },
{ "type": "Feature", "properties": { "objectid": 587188945, "distance_to_nearest_park": 1711.0653137238687 }, "geometry": { "type": "Point", "coordinates": [ 2695184.23505436303094, 236788.181342460738961 ] } },
{ "type": "Feature", "properties": { "objectid": 587188947, "distance_to_nearest_park": 624.91989983419069 }, "geometry": { "type": "Point", "coordinates": [ 2695610.813436657190323, 238067.866528681712225 ] } },
{ "type": "Feature", "properties": { "objectid": 587189109, "distance_to_nearest_park": 776.39243064603158 }, "geometry": { "type": "Point", "coordinates": [ 2693636.863352819811553, 238932.703324840666028 ] } },
{ "type": "Feature", "properties": { "objectid": 587188014, "distance_to_nearest_park": 77.426132715347237 }, "geometry": { "type": "Point", "coordinates": [ 2694726.261676148977131, 239032.801233689504443 ] } },
{ "type": "Feature", "properties": { "objectid": 587188015, "distance_to_nearest_park": 77.426132715347237 }, "geometry": { "type": "Point", "coordinates": [ 2694726.261676148977131, 239032.801233689504443 ] } },
{ "type": "Feature", "properties": { "objectid": 587188016, "distance_to_nearest_park": 77.426132715347237 }, "geometry": { "type": "Point", "coordinates": [ 2694726.261676148977131, 239032.801233689504443 ] } },
{ "type": "Feature", "properties": { "objectid": 587188017, "distance_to_nearest_park": 77.426132715347237 }, "geometry": { "type": "Point", "coordinates": [ 2694726.261676148977131, 239032.801233689504443 ] } },
{ "type": "Feature", "properties": { "objectid": 587189217, "distance_to_nearest_park": 880.17658608961938 }, "geometry": { "type": "Point", "coordinates": [ 2695152.370642142370343, 237682.308098739886191 ] } },
{ "type": "Feature", "properties": { "objectid": 587186817, "distance_to_nearest_park": 1371.909136968857 }, "geometry": { "type": "Point", "coordinates": [ 2695474.921360549516976, 237194.686413409770466 ] } },
{ "type": "Feature", "properties": { "objectid": 587186818, "distance_to_nearest_park": 1371.909136968857 }, "geometry": { "type": "Point", "coordinates": [ 2695474.921360549516976, 237194.686413409770466 ] } },
{ "type": "Feature", "properties": { "objectid": 587187077, "distance_to_nearest_park": 880.17658608961938 }, "geometry": { "type": "Point", "coordinates": [ 2695152.370642142370343, 237682.308098739886191 ] } },
{ "type": "Feature", "properties": { "objectid": 587187795, "distance_to_nearest_park": 820.60552957760638 }, "geometry": { "type": "Point", "coordinates": [ 2696030.944394201505929, 237285.372216750227381 ] } },
{ "type": "Feature", "properties": { "objectid": 587188995, "distance_to_nearest_park": 696.28681105185763 }, "geometry": { "type": "Point", "coordinates": [ 2695268.019328388851136, 239502.79805793313426 ] } },
{ "type": "Feature", "properties": { "objectid": 587189369, "distance_to_nearest_park": 621.27364600141527 }, "geometry": { "type": "Point", "coordinates": [ 2695691.984703552909195, 238149.699482603697106 ] } },
{ "type": "Feature", "properties": { "objectid": 587189487, "distance_to_nearest_park": 368.21088311551 }, "geometry": { "type": "Point", "coordinates": [ 2696051.16606083419174, 239878.953955366741866 ] } },
{ "type": "Feature", "properties": { "objectid": 587189135, "distance_to_nearest_park": 249.12457842584357 }, "geometry": { "type": "Point", "coordinates": [ 2694996.66992225125432, 239135.857317929592682 ] } },
{ "type": "Feature", "properties": { "objectid": 587189737, "distance_to_nearest_park": 842.75148697128827 }, "geometry": { "type": "Point", "coordinates": [ 2696150.606077003292739, 236716.355951366043882 ] } },
{ "type": "Feature", "properties": { "objectid": 587186816, "distance_to_nearest_park": 462.66538951675278 }, "geometry": { "type": "Point", "coordinates": [ 2695793.811935882549733, 239732.901373910164693 ] } },
{ "type": "Feature", "properties": { "objectid": 587188056, "distance_to_nearest_park": 227.56028619353285 }, "geometry": { "type": "Point", "coordinates": [ 2692938.114026218187064, 237395.809765967045678 ] } },
{ "type": "Feature", "properties": { "objectid": 587188290, "distance_to_nearest_park": 531.6886054986312 }, "geometry": { "type": "Point", "coordinates": [ 2697349.056354170665145, 238706.843976723146625 ] } },
{ "type": "Feature", "properties": { "objectid": 587188820, "distance_to_nearest_park": 1711.0653137238687 }, "geometry": { "type": "Point", "coordinates": [ 2695184.23505436303094, 236788.181342460738961 ] } },
{ "type": "Feature", "properties": { "objectid": 587192188, "distance_to_nearest_park": 880.17658608961938 }, "geometry": { "type": "Point", "coordinates": [ 2695152.370642142370343, 237682.308098739886191 ] } },
{ "type": "Feature", "properties": { "objectid": 587190206, "distance_to_nearest_park": 862.72056130094518 }, "geometry": { "type": "Point", "coordinates": [ 2694260.171612523961812, 239854.784846786904382 ] } },
{ "type": "Feature", "properties": { "objectid": 587193875, "distance_to_nearest_park": 1275.5802120306755 }, "geometry": { "type": "Point", "coordinates": [ 2694123.024321590550244, 237712.965215973177692 ] } },
{ "type": "Feature", "properties": { "objectid": 587194201, "distance_to_nearest_park": 1206.2655676025593 }, "geometry": { "type": "Point", "coordinates": [ 2693949.889321322087198, 237735.222002368653193 ] } },
{ "type": "Feature", "properties": { "objectid": 587190824, "distance_to_nearest_park": 1371.909136968857 }, "geometry": { "type": "Point", "coordinates": [ 2695474.921360549516976, 237194.686413409770466 ] } },
{ "type": "Feature", "properties": { "objectid": 587192514, "distance_to_nearest_park": 1029.4312238492662 }, "geometry": { "type": "Point", "coordinates": [ 2695292.52017808938399, 237532.266058930661529 ] } },
{ "type": "Feature", "properties": { "objectid": 587193880, "distance_to_nearest_park": 1283.8120088057212 }, "geometry": { "type": "Point", "coordinates": [ 2694115.853662082925439, 237661.004667258297559 ] } },
{ "type": "Feature", "properties": { "objectid": 587191335, "distance_to_nearest_park": 592.86385498261814 }, "geometry": { "type": "Point", "coordinates": [ 2695243.595211001113057, 239962.003014665329829 ] } },
{ "type": "Feature", "properties": { "objectid": 587192297, "distance_to_nearest_park": 171.99966026999755 }, "geometry": { "type": "Point", "coordinates": [ 2696720.224911897908896, 237470.008234563661972 ] } },
{ "type": "Feature", "properties": { "objectid": 587190410, "distance_to_nearest_park": 430.70807786778687 }, "geometry": { "type": "Point", "coordinates": [ 2694789.36473099142313, 238306.504183532233583 ] } },
{ "type": "Feature", "properties": { "objectid": 587193778, "distance_to_nearest_park": 195.92945085700816 }, "geometry": { "type": "Point", "coordinates": [ 2692917.89063058886677, 237348.934111165814102 ] } },
{ "type": "Feature", "properties": { "objectid": 587191035, "distance_to_nearest_park": 1711.0653137238687 }, "geometry": { "type": "Point", "coordinates": [ 2695184.23505436303094, 236788.181342460738961 ] } },
{ "type": "Feature", "properties": { "objectid": 587192957, "distance_to_nearest_park": 158.88424107754039 }, "geometry": { "type": "Point", "coordinates": [ 2692877.144201695453376, 237361.225578392099123 ] } },
{ "type": "Feature", "properties": { "objectid": 587193792, "distance_to_nearest_park": 250.41975393217874 }, "geometry": { "type": "Point", "coordinates": [ 2692944.464834961108863, 237437.541629106912296 ] } },
{ "type": "Feature", "properties": { "objectid": 587193796, "distance_to_nearest_park": 174.07119042263443 }, "geometry": { "type": "Point", "coordinates": [ 2692869.703396584838629, 237414.2157401877339 ] } },
{ "type": "Feature", "properties": { "objectid": 587193797, "distance_to_nearest_park": 206.9835084694989 }, "geometry": { "type": "Point", "coordinates": [ 2692922.060584428720176, 237378.940106198366266 ] } },
{ "type": "Feature", "properties": { "objectid": 587190822, "distance_to_nearest_park": 1371.909136968857 }, "geometry": { "type": "Point", "coordinates": [ 2695474.921360549516976, 237194.686413409770466 ] } },
{ "type": "Feature", "properties": { "objectid": 587192623, "distance_to_nearest_park": 526.85151395984201 }, "geometry": { "type": "Point", "coordinates": [ 2695328.369737242348492, 239940.075577095005428 ] } },
{ "type": "Feature", "properties": { "objectid": 587193352, "distance_to_nearest_park": 380.09395571773706 }, "geometry": { "type": "Point", "coordinates": [ 2695847.032289478927851, 239811.362425564671867 ] } },
{ "type": "Feature", "properties": { "objectid": 587181278, "distance_to_nearest_park": 298.83543122320901 }, "geometry": { "type": "Point", "coordinates": [ 2694817.960635470692068, 239243.222844557894859 ] } },
{ "type": "Feature", "properties": { "objectid": 587182709, "distance_to_nearest_park": 1371.909136968857 }, "geometry": { "type": "Point", "coordinates": [ 2695474.921360549516976, 237194.686413409770466 ] } },
{ "type": "Feature", "properties": { "objectid": 587181547, "distance_to_nearest_park": 430.70807786778687 }, "geometry": { "type": "Point", "coordinates": [ 2694789.36473099142313, 238306.504183532233583 ] } },
{ "type": "Feature", "properties": { "objectid": 587179161, "distance_to_nearest_park": 1042.9488125412438 }, "geometry": { "type": "Point", "coordinates": [ 2695803.986384956166148, 237182.488953976804623 ] } },
{ "type": "Feature", "properties": { "objectid": 587179881, "distance_to_nearest_park": 1371.909136968857 }, "geometry": { "type": "Point", "coordinates": [ 2695474.921360549516976, 237194.686413409770466 ] } },
{ "type": "Feature", "properties": { "objectid": 587182737, "distance_to_nearest_park": 1371.909136968857 }, "geometry": { "type": "Point", "coordinates": [ 2695474.921360549516976, 237194.686413409770466 ] } },
{ "type": "Feature", "properties": { "objectid": 587180610, "distance_to_nearest_park": 420.51323230039492 }, "geometry": { "type": "Point", "coordinates": [ 2695452.754164856858552, 239944.45839167185477 ] } },
{ "type": "Feature", "properties": { "objectid": 587179678, "distance_to_nearest_park": 880.17658608961938 }, "geometry": { "type": "Point", "coordinates": [ 2695152.370642142370343, 237682.308098739886191 ] } },
{ "type": "Feature", "properties": { "objectid": 587179679, "distance_to_nearest_park": 880.17658608961938 }, "geometry": { "type": "Point", "coordinates": [ 2695152.370642142370343, 237682.308098739886191 ] } },
{ "type": "Feature", "properties": { "objectid": 587179915, "distance_to_nearest_park": 880.17658608961938 }, "geometry": { "type": "Point", "coordinates": [ 2695152.370642142370343, 237682.308098739886191 ] } },
{ "type": "Feature", "properties": { "objectid": 587182083, "distance_to_nearest_park": 630.68661044355588 }, "geometry": { "type": "Point", "coordinates": [ 2695700.771920015569776, 238986.346073118358618 ] } },
{ "type": "Feature", "properties": { "objectid": 587182325, "distance_to_nearest_park": 171.99966026999755 }, "geometry": { "type": "Point", "coordinates": [ 2696720.224911897908896, 237470.008234563661972 ] } },
{ "type": "Feature", "properties": { "objectid": 587182568, "distance_to_nearest_park": 171.99966026999755 }, "geometry": { "type": "Point", "coordinates": [ 2696720.224911897908896, 237470.008234563661972 ] } },
{ "type": "Feature", "properties": { "objectid": 587179215, "distance_to_nearest_park": 109.78348591601551 }, "geometry": { "type": "Point", "coordinates": [ 2694469.865387341938913, 239111.64979695569491 ] } },
{ "type": "Feature", "properties": { "objectid": 587182360, "distance_to_nearest_park": 171.99966026999755 }, "geometry": { "type": "Point", "coordinates": [ 2696720.224911897908896, 237470.008234563661972 ] } },
{ "type": "Feature", "properties": { "objectid": 587179001, "distance_to_nearest_park": 735.42402263101383 }, "geometry": { "type": "Point", "coordinates": [ 2695737.179014457389712, 239465.196089035569457 ] } },
{ "type": "Feature", "properties": { "objectid": 587180708, "distance_to_nearest_park": 1371.909136968857 }, "geometry": { "type": "Point", "coordinates": [ 2695474.921360549516976, 237194.686413409770466 ] } },
{ "type": "Feature", "properties": { "objectid": 587179027, "distance_to_nearest_park": 460.73259110880639 }, "geometry": { "type": "Point", "coordinates": [ 2694690.30999074364081, 238432.608515473344596 ] } },
{ "type": "Feature", "properties": { "objectid": 587179032, "distance_to_nearest_park": 826.06974682650036 }, "geometry": { "type": "Point", "coordinates": [ 2695704.98400889756158, 239339.247194849391235 ] } },
{ "type": "Feature", "properties": { "objectid": 587179033, "distance_to_nearest_park": 1371.909136968857 }, "geometry": { "type": "Point", "coordinates": [ 2695474.921360549516976, 237194.686413409770466 ] } },
{ "type": "Feature", "properties": { "objectid": 587179272, "distance_to_nearest_park": 171.99966026999755 }, "geometry": { "type": "Point", "coordinates": [ 2696720.224911897908896, 237470.008234563661972 ] } },
{ "type": "Feature", "properties": { "objectid": 587180965, "distance_to_nearest_park": 843.3799155171622 }, "geometry": { "type": "Point", "coordinates": [ 2696888.099921154789627, 238665.209468683722662 ] } },
{ "type": "Feature", "properties": { "objectid": 587180502, "distance_to_nearest_park": 855.20265840403295 }, "geometry": { "type": "Point", "coordinates": [ 2693638.445021315477788, 238629.901285726053175 ] } },
{ "type": "Feature", "properties": { "objectid": 587179304, "distance_to_nearest_park": 1189.5421661635621 }, "geometry": { "type": "Point", "coordinates": [ 2694647.509000764694065, 237482.718059662292944 ] } },
{ "type": "Feature", "properties": { "objectid": 587181472, "distance_to_nearest_park": 869.01595608530045 }, "geometry": { "type": "Point", "coordinates": [ 2696025.319978676270694, 237562.545305148581974 ] } },
{ "type": "Feature", "properties": { "objectid": 587182191, "distance_to_nearest_park": 701.40985378131575 }, "geometry": { "type": "Point", "coordinates": [ 2694084.342303118668497, 239625.134081213822355 ] } },
{ "type": "Feature", "properties": { "objectid": 587196464, "distance_to_nearest_park": 344.67098510357107 }, "geometry": { "type": "Point", "coordinates": [ 2692946.936954975128174, 237583.024820687947795 ] } },
{ "type": "Feature", "properties": { "objectid": 587197674, "distance_to_nearest_park": 842.75148697128827 }, "geometry": { "type": "Point", "coordinates": [ 2696150.606077003292739, 236716.355951366043882 ] } },
{ "type": "Feature", "properties": { "objectid": 587199120, "distance_to_nearest_park": 551.73185705919195 }, "geometry": { "type": "Point", "coordinates": [ 2695585.122287556994706, 239686.680076099117287 ] } },
{ "type": "Feature", "properties": { "objectid": 587197971, "distance_to_nearest_park": 701.40985378131575 }, "geometry": { "type": "Point", "coordinates": [ 2694084.342303118668497, 239625.134081213822355 ] } },
{ "type": "Feature", "properties": { "objectid": 587199200, "distance_to_nearest_park": 82.506149481425012 }, "geometry": { "type": "Point", "coordinates": [ 2692532.325835614930838, 237432.768728370923782 ] } },
{ "type": "Feature", "properties": { "objectid": 587199483, "distance_to_nearest_park": 303.49466954177734 }, "geometry": { "type": "Point", "coordinates": [ 2695904.962070225272328, 239891.784241698653204 ] } },
{ "type": "Feature", "properties": { "objectid": 587197847, "distance_to_nearest_park": 1371.909136968857 }, "geometry": { "type": "Point", "coordinates": [ 2695474.921360549516976, 237194.686413409770466 ] } },
{ "type": "Feature", "properties": { "objectid": 587196200, "distance_to_nearest_park": 464.41028781133849 }, "geometry": { "type": "Point", "coordinates": [ 2696169.563186215236783, 239848.542557673004922 ] } },
{ "type": "Feature", "properties": { "objectid": 587197134, "distance_to_nearest_park": 966.72518039665931 }, "geometry": { "type": "Point", "coordinates": [ 2695179.649560204241425, 237593.821544249367435 ] } },
{ "type": "Feature", "properties": { "objectid": 587198831, "distance_to_nearest_park": 560.88026169113471 }, "geometry": { "type": "Point", "coordinates": [ 2694144.441914797294885, 239497.885140079742996 ] } },
{ "type": "Feature", "properties": { "objectid": 587199086, "distance_to_nearest_park": 171.99966026999755 }, "geometry": { "type": "Point", "coordinates": [ 2696720.224911897908896, 237470.008234563661972 ] } },
{ "type": "Feature", "properties": { "objectid": 587199699, "distance_to_nearest_park": 171.99966026999755 }, "geometry": { "type": "Point", "coordinates": [ 2696720.224911897908896, 237470.008234563661972 ] } },
{ "type": "Feature", "properties": { "objectid": 587195209, "distance_to_nearest_park": 1185.0333716779737 }, "geometry": { "type": "Point", "coordinates": [ 2694066.055010196287185, 237561.146093116112752 ] } },
{ "type": "Feature", "properties": { "objectid": 587195218, "distance_to_nearest_park": 667.20325359587878 }, "geometry": { "type": "Point", "coordinates": [ 2695197.572829812765121, 239886.670209830801468 ] } },
{ "type": "Feature", "properties": { "objectid": 587195434, "distance_to_nearest_park": 426.41479226868921 }, "geometry": { "type": "Point", "coordinates": [ 2694621.897225895896554, 239416.408251465763897 ] } },
{ "type": "Feature", "properties": { "objectid": 587194989, "distance_to_nearest_park": 669.99152503715447 }, "geometry": { "type": "Point", "coordinates": [ 2695663.461828575935215, 239139.407505585986655 ] } },
{ "type": "Feature", "properties": { "objectid": 587194995, "distance_to_nearest_park": 92.399350282854726 }, "geometry": { "type": "Point", "coordinates": [ 2694597.780178971588612, 239081.874506317952182 ] } },
{ "type": "Feature", "properties": { "objectid": 587194243, "distance_to_nearest_park": 521.52135447785986 }, "geometry": { "type": "Point", "coordinates": [ 2694023.819181818980724, 238647.757108321646228 ] } },
{ "type": "Feature", "properties": { "objectid": 587195244, "distance_to_nearest_park": 1154.5260377593816 }, "geometry": { "type": "Point", "coordinates": [ 2694011.534496382810175, 237880.618042814341607 ] } },
{ "type": "Feature", "properties": { "objectid": 587195249, "distance_to_nearest_park": 1094.5927098765919 }, "geometry": { "type": "Point", "coordinates": [ 2694019.818122784607112, 237942.451031213218812 ] } },
{ "type": "Feature", "properties": { "objectid": 587195250, "distance_to_nearest_park": 1060.2788201474566 }, "geometry": { "type": "Point", "coordinates": [ 2694024.667118094395846, 237977.94374351791339 ] } },
{ "type": "Feature", "properties": { "objectid": 587195693, "distance_to_nearest_park": 911.70659370826525 }, "geometry": { "type": "Point", "coordinates": [ 2694690.649621794000268, 237771.161838526197243 ] } },
{ "type": "Feature", "properties": { "objectid": 587195254, "distance_to_nearest_park": 1120.5024700583492 }, "geometry": { "type": "Point", "coordinates": [ 2694016.11398007068783, 237915.738412355509354 ] } },
{ "type": "Feature", "properties": { "objectid": 587195708, "distance_to_nearest_park": 1075.9689341763415 }, "geometry": { "type": "Point", "coordinates": [ 2694285.260836098808795, 237880.62700886229868 ] } },
{ "type": "Feature", "properties": { "objectid": 587195710, "distance_to_nearest_park": 1017.2334330927829 }, "geometry": { "type": "Point", "coordinates": [ 2694186.917401524726301, 237963.385980003105942 ] } },
{ "type": "Feature", "properties": { "objectid": 587195711, "distance_to_nearest_park": 1092.5991764523112 }, "geometry": { "type": "Point", "coordinates": [ 2693889.259087624028325, 238014.426818616135279 ] } },
{ "type": "Feature", "properties": { "objectid": 587195713, "distance_to_nearest_park": 861.27120002045172 }, "geometry": { "type": "Point", "coordinates": [ 2694594.449000606313348, 237895.528156236221548 ] } },
{ "type": "Feature", "properties": { "objectid": 587195714, "distance_to_nearest_park": 1111.9328233716099 }, "geometry": { "type": "Point", "coordinates": [ 2693885.653583873994648, 237993.912570018059341 ] } },
{ "type": "Feature", "properties": { "objectid": 587194790, "distance_to_nearest_park": 171.99966026999755 }, "geometry": { "type": "Point", "coordinates": [ 2696720.224911897908896, 237470.008234563661972 ] } },
{ "type": "Feature", "properties": { "objectid": 587194808, "distance_to_nearest_park": 495.38590303648334 }, "geometry": { "type": "Point", "coordinates": [ 2694342.206009469460696, 239496.032200519926846 ] } },
{ "type": "Feature", "properties": { "objectid": 587195285, "distance_to_nearest_park": 1249.9790623126062 }, "geometry": { "type": "Point", "coordinates": [ 2694010.480520100798458, 237734.811695042037172 ] } },
{ "type": "Feature", "properties": { "objectid": 587195286, "distance_to_nearest_park": 1257.0131460936027 }, "geometry": { "type": "Point", "coordinates": [ 2693985.282222655136138, 237771.6101265111065 ] } },
{ "type": "Feature", "properties": { "objectid": 587195950, "distance_to_nearest_park": 1105.3507092417456 }, "geometry": { "type": "Point", "coordinates": [ 2694612.003540494013578, 237593.558973468199838 ] } },
{ "type": "Feature", "properties": { "objectid": 587195060, "distance_to_nearest_park": 830.87154701854934 }, "geometry": { "type": "Point", "coordinates": [ 2695842.943101034499705, 239149.05570824231836 ] } },
{ "type": "Feature", "properties": { "objectid": 587195764, "distance_to_nearest_park": 1032.3939528594981 }, "geometry": { "type": "Point", "coordinates": [ 2694291.286280578002334, 237923.807501742965542 ] } },
{ "type": "Feature", "properties": { "objectid": 587196051, "distance_to_nearest_park": 171.99966026999755 }, "geometry": { "type": "Point", "coordinates": [ 2696720.224911897908896, 237470.008234563661972 ] } },
{ "type": "Feature", "properties": { "objectid": 587195385, "distance_to_nearest_park": 991.8814155211752 }, "geometry": { "type": "Point", "coordinates": [ 2693814.894984952174127, 237566.174315943091642 ] } },
{ "type": "Feature", "properties": { "objectid": 587195190, "distance_to_nearest_park": 1185.2253710307193 }, "geometry": { "type": "Point", "coordinates": [ 2693974.564512827899307, 237677.999638432462234 ] } },
{ "type": "Feature", "properties": { "objectid": 587201472, "distance_to_nearest_park": 760.42979517067965 }, "geometry": { "type": "Point", "coordinates": [ 2695765.078971057198942, 239145.67381380268489 ] } },
{ "type": "Feature", "properties": { "objectid": 587203644, "distance_to_nearest_park": 842.75148697128827 }, "geometry": { "type": "Point", "coordinates": [ 2696150.606077003292739, 236716.355951366043882 ] } },
{ "type": "Feature", "properties": { "objectid": 587200797, "distance_to_nearest_park": 880.17658608961938 }, "geometry": { "type": "Point", "coordinates": [ 2695152.370642142370343, 237682.308098739886191 ] } },
{ "type": "Feature", "properties": { "objectid": 587199236, "distance_to_nearest_park": 1105.3507092417456 }, "geometry": { "type": "Point", "coordinates": [ 2694612.003540494013578, 237593.558973468199838 ] } },
{ "type": "Feature", "properties": { "objectid": 587200902, "distance_to_nearest_park": 796.19217137231817 }, "geometry": { "type": "Point", "coordinates": [ 2696277.270363037008792, 238198.247541404067306 ] } },
{ "type": "Feature", "properties": { "objectid": 587199234, "distance_to_nearest_park": 1433.1401299745007 }, "geometry": { "type": "Point", "coordinates": [ 2695443.72912654094398, 236900.760996779252309 ] } },
{ "type": "Feature", "properties": { "objectid": 587201624, "distance_to_nearest_park": 1198.1764212964704 }, "geometry": { "type": "Point", "coordinates": [ 2693363.860961936414242, 238333.950148883159272 ] } },
{ "type": "Feature", "properties": { "objectid": 587200452, "distance_to_nearest_park": 1711.0653137238687 }, "geometry": { "type": "Point", "coordinates": [ 2695184.23505436303094, 236788.181342460738961 ] } },
{ "type": "Feature", "properties": { "objectid": 587202359, "distance_to_nearest_park": 880.17658608961938 }, "geometry": { "type": "Point", "coordinates": [ 2695152.370642142370343, 237682.308098739886191 ] } },
{ "type": "Feature", "properties": { "objectid": 587202360, "distance_to_nearest_park": 1371.909136968857 }, "geometry": { "type": "Point", "coordinates": [ 2695474.921360549516976, 237194.686413409770466 ] } },
{ "type": "Feature", "properties": { "objectid": 587202662, "distance_to_nearest_park": 171.99966026999755 }, "geometry": { "type": "Point", "coordinates": [ 2696720.224911897908896, 237470.008234563661972 ] } },
{ "type": "Feature", "properties": { "objectid": 587205185, "distance_to_nearest_park": 1105.3507092417456 }, "geometry": { "type": "Point", "coordinates": [ 2694612.003540494013578, 237593.558973468199838 ] } },
{ "type": "Feature", "properties": { "objectid": 587204033, "distance_to_nearest_park": 594.30830289995959 }, "geometry": { "type": "Point", "coordinates": [ 2696263.357228891458362, 239758.368871675076662 ] } },
{ "type": "Feature", "properties": { "objectid": 587204084, "distance_to_nearest_park": 1122.0629648766692 }, "geometry": { "type": "Point", "coordinates": [ 2696371.55876381509006, 238711.236260062461952 ] } },
{ "type": "Feature", "properties": { "objectid": 587205487, "distance_to_nearest_park": 774.26646615346567 }, "geometry": { "type": "Point", "coordinates": [ 2696271.387672643177211, 238150.332944152149139 ] } },
{ "type": "Feature", "properties": { "objectid": 587210055, "distance_to_nearest_park": 880.17658608961938 }, "geometry": { "type": "Point", "coordinates": [ 2695152.370642142370343, 237682.308098739886191 ] } },
{ "type": "Feature", "properties": { "objectid": 587211507, "distance_to_nearest_park": 525.34051975269176 }, "geometry": { "type": "Point", "coordinates": [ 2695710.658904646057636, 239680.529262304393342 ] } },
{ "type": "Feature", "properties": { "objectid": 587209847, "distance_to_nearest_park": 836.17638183069585 }, "geometry": { "type": "Point", "coordinates": [ 2696033.978437665384263, 237420.668459476291901 ] } },
{ "type": "Feature", "properties": { "objectid": 587213066, "distance_to_nearest_park": 733.43422611328504 }, "geometry": { "type": "Point", "coordinates": [ 2694883.518496126402169, 237879.229741978197126 ] } },
{ "type": "Feature", "properties": { "objectid": 587212299, "distance_to_nearest_park": 998.05653198671678 }, "geometry": { "type": "Point", "coordinates": [ 2695448.53871877072379, 237586.776885672297794 ] } },
{ "type": "Feature", "properties": { "objectid": 587209933, "distance_to_nearest_park": 701.40985378131575 }, "geometry": { "type": "Point", "coordinates": [ 2694084.342303118668497, 239625.134081213822355 ] } },
{ "type": "Feature", "properties": { "objectid": 587211373, "distance_to_nearest_park": 105.99892621524626 }, "geometry": { "type": "Point", "coordinates": [ 2694681.892141377087682, 239073.045147002965678 ] } },
{ "type": "Feature", "properties": { "objectid": 587211374, "distance_to_nearest_park": 105.99892621524626 }, "geometry": { "type": "Point", "coordinates": [ 2694681.892141377087682, 239073.045147002965678 ] } },
{ "type": "Feature", "properties": { "objectid": 587212350, "distance_to_nearest_park": 109.78348591601551 }, "geometry": { "type": "Point", "coordinates": [ 2694469.865387341938913, 239111.64979695569491 ] } },
{ "type": "Feature", "properties": { "objectid": 587209549, "distance_to_nearest_park": 92.399350282854726 }, "geometry": { "type": "Point", "coordinates": [ 2694597.780178971588612, 239081.874506317952182 ] } },
{ "type": "Feature", "properties": { "objectid": 587209766, "distance_to_nearest_park": 701.40985378131575 }, "geometry": { "type": "Point", "coordinates": [ 2694084.342303118668497, 239625.134081213822355 ] } },
{ "type": "Feature", "properties": { "objectid": 587210485, "distance_to_nearest_park": 349.5229675804668 }, "geometry": { "type": "Point", "coordinates": [ 2694529.486943351570517, 238580.22496184107149 ] } },
{ "type": "Feature", "properties": { "objectid": 587212803, "distance_to_nearest_park": 842.75148697128827 }, "geometry": { "type": "Point", "coordinates": [ 2696150.606077003292739, 236716.355951366043882 ] } },
{ "type": "Feature", "properties": { "objectid": 587212876, "distance_to_nearest_park": 628.45087266210828 }, "geometry": { "type": "Point", "coordinates": [ 2693716.543814519420266, 236960.146200915565714 ] } },
{ "type": "Feature", "properties": { "objectid": 587213609, "distance_to_nearest_park": 1711.0653137238687 }, "geometry": { "type": "Point", "coordinates": [ 2695184.23505436303094, 236788.181342460738961 ] } },
{ "type": "Feature", "properties": { "objectid": 587216009, "distance_to_nearest_park": 880.17658608961938 }, "geometry": { "type": "Point", "coordinates": [ 2695152.370642142370343, 237682.308098739886191 ] } },
{ "type": "Feature", "properties": { "objectid": 587214620, "distance_to_nearest_park": 1438.8838247048873 }, "geometry": { "type": "Point", "coordinates": [ 2695237.296996406745166, 237120.650231787119992 ] } },
{ "type": "Feature", "properties": { "objectid": 587201368, "distance_to_nearest_park": 92.399350282854726 }, "geometry": { "type": "Point", "coordinates": [ 2694597.780178971588612, 239081.874506317952182 ] } },
{ "type": "Feature", "properties": { "objectid": 587201609, "distance_to_nearest_park": 1042.9488125412438 }, "geometry": { "type": "Point", "coordinates": [ 2695803.986384956166148, 237182.488953976804623 ] } },
{ "type": "Feature", "properties": { "objectid": 587216561, "distance_to_nearest_park": 436.40569775609424 }, "geometry": { "type": "Point", "coordinates": [ 2694749.652707174886018, 239401.571109000447905 ] } },
{ "type": "Feature", "properties": { "objectid": 587213962, "distance_to_nearest_park": 1372.5868287566936 }, "geometry": { "type": "Point", "coordinates": [ 2695503.774844534695148, 236909.449239467212465 ] } },
{ "type": "Feature", "properties": { "objectid": 587215160, "distance_to_nearest_park": 392.69969798928241 }, "geometry": { "type": "Point", "coordinates": [ 2695389.216966235078871, 238202.758809763327008 ] } },
{ "type": "Feature", "properties": { "objectid": 587214934, "distance_to_nearest_park": 171.99966026999755 }, "geometry": { "type": "Point", "coordinates": [ 2696720.224911897908896, 237470.008234563661972 ] } },
{ "type": "Feature", "properties": { "objectid": 587214949, "distance_to_nearest_park": 1371.909136968857 }, "geometry": { "type": "Point", "coordinates": [ 2695474.921360549516976, 237194.686413409770466 ] } },
{ "type": "Feature", "properties": { "objectid": 587215444, "distance_to_nearest_park": 666.91883519534701 }, "geometry": { "type": "Point", "coordinates": [ 2695158.80797931458801, 239974.819385102047818 ] } },
{ "type": "Feature", "properties": { "objectid": 587216679, "distance_to_nearest_park": 880.17658608961938 }, "geometry": { "type": "Point", "coordinates": [ 2695152.370642142370343, 237682.308098739886191 ] } },
{ "type": "Feature", "properties": { "objectid": 587213564, "distance_to_nearest_park": 92.399350282854726 }, "geometry": { "type": "Point", "coordinates": [ 2694597.780178971588612, 239081.874506317952182 ] } },
{ "type": "Feature", "properties": { "objectid": 587214289, "distance_to_nearest_park": 171.99966026999755 }, "geometry": { "type": "Point", "coordinates": [ 2696720.224911897908896, 237470.008234563661972 ] } },
{ "type": "Feature", "properties": { "objectid": 587219143, "distance_to_nearest_park": 1132.0515053653239 }, "geometry": { "type": "Point", "coordinates": [ 2695723.206954658497125, 237335.366169699060265 ] } },
{ "type": "Feature", "properties": { "objectid": 587219145, "distance_to_nearest_park": 1150.5084730644996 }, "geometry": { "type": "Point", "coordinates": [ 2695704.680148771964014, 237335.915056639030809 ] } },
{ "type": "Feature", "properties": { "objectid": 587217478, "distance_to_nearest_park": 1155.6508226146404 }, "geometry": { "type": "Point", "coordinates": [ 2694476.987724881619215, 237616.5661931160721 ] } },
{ "type": "Feature", "properties": { "objectid": 587220832, "distance_to_nearest_park": 242.89089716672356 }, "geometry": { "type": "Point", "coordinates": [ 2695415.149930337443948, 238408.335433226777241 ] } },
{ "type": "Feature", "properties": { "objectid": 587218224, "distance_to_nearest_park": 701.40985378131575 }, "geometry": { "type": "Point", "coordinates": [ 2694084.342303118668497, 239625.134081213822355 ] } },
{ "type": "Feature", "properties": { "objectid": 587218696, "distance_to_nearest_park": 925.57601194184599 }, "geometry": { "type": "Point", "coordinates": [ 2695977.89431432262063, 237649.34543374137138 ] } },
{ "type": "Feature", "properties": { "objectid": 587220622, "distance_to_nearest_park": 627.46214479723324 }, "geometry": { "type": "Point", "coordinates": [ 2695321.468981298618019, 239392.120681043335935 ] } },
{ "type": "Feature", "properties": { "objectid": 587217543, "distance_to_nearest_park": 500.315820452938 }, "geometry": { "type": "Point", "coordinates": [ 2695726.281675391364843, 238576.372558463452151 ] } },
{ "type": "Feature", "properties": { "objectid": 587218992, "distance_to_nearest_park": 701.40985378131575 }, "geometry": { "type": "Point", "coordinates": [ 2694084.342303118668497, 239625.134081213822355 ] } },
{ "type": "Feature", "properties": { "objectid": 587219246, "distance_to_nearest_park": 171.99966026999755 }, "geometry": { "type": "Point", "coordinates": [ 2696720.224911897908896, 237470.008234563661972 ] } },
{ "type": "Feature", "properties": { "objectid": 587219477, "distance_to_nearest_park": 1231.7895121939948 }, "geometry": { "type": "Point", "coordinates": [ 2695714.450666286982596, 236707.544337407423882 ] } },
{ "type": "Feature", "properties": { "objectid": 587217573, "distance_to_nearest_park": 414.12314669631922 }, "geometry": { "type": "Point", "coordinates": [ 2695607.862732280045748, 238731.423846579913516 ] } },
{ "type": "Feature", "properties": { "objectid": 587217574, "distance_to_nearest_park": 425.82901847616023 }, "geometry": { "type": "Point", "coordinates": [ 2695629.0026153200306, 238708.720900923246518 ] } },
{ "type": "Feature", "properties": { "objectid": 587217575, "distance_to_nearest_park": 454.30568976430027 }, "geometry": { "type": "Point", "coordinates": [ 2695673.682657952886075, 238648.443581052764785 ] } },
{ "type": "Feature", "properties": { "objectid": 587217576, "distance_to_nearest_park": 424.29233593219413 }, "geometry": { "type": "Point", "coordinates": [ 2695648.42379180341959, 238610.892960594035685 ] } },
{ "type": "Feature", "properties": { "objectid": 587217577, "distance_to_nearest_park": 448.68421403674267 }, "geometry": { "type": "Point", "coordinates": [ 2695656.848125089891255, 238696.419321094348561 ] } },
{ "type": "Feature", "properties": { "objectid": 587217819, "distance_to_nearest_park": 379.99149744727265 }, "geometry": { "type": "Point", "coordinates": [ 2695169.37324370443821, 239194.865362798038404 ] } },
{ "type": "Feature", "properties": { "objectid": 587219788, "distance_to_nearest_park": 1147.531667969849 }, "geometry": { "type": "Point", "coordinates": [ 2695251.731392725370824, 237412.26099321860238 ] } },
{ "type": "Feature", "properties": { "objectid": 587219088, "distance_to_nearest_park": 171.99966026999755 }, "geometry": { "type": "Point", "coordinates": [ 2696720.224911897908896, 237470.008234563661972 ] } },
{ "type": "Feature", "properties": { "objectid": 587211708, "distance_to_nearest_park": 171.99966026999755 }, "geometry": { "type": "Point", "coordinates": [ 2696720.224911897908896, 237470.008234563661972 ] } },
{ "type": "Feature", "properties": { "objectid": 587207458, "distance_to_nearest_park": 666.91883519534701 }, "geometry": { "type": "Point", "coordinates": [ 2695158.80797931458801, 239974.819385102047818 ] } },
{ "type": "Feature", "properties": { "objectid": 587208404, "distance_to_nearest_park": 1180.7441982974817 }, "geometry": { "type": "Point", "coordinates": [ 2695387.848650687374175, 237390.01917466262239 ] } },
{ "type": "Feature", "properties": { "objectid": 587209381, "distance_to_nearest_park": 842.75148697128827 }, "geometry": { "type": "Point", "coordinates": [ 2696150.606077003292739, 236716.355951366043882 ] } },
{ "type": "Feature", "properties": { "objectid": 587207275, "distance_to_nearest_park": 842.75148697128827 }, "geometry": { "type": "Point", "coordinates": [ 2696150.606077003292739, 236716.355951366043882 ] } },
{ "type": "Feature", "properties": { "objectid": 587208488, "distance_to_nearest_park": 298.83543122320901 }, "geometry": { "type": "Point", "coordinates": [ 2694817.960635470692068, 239243.222844557894859 ] } },
{ "type": "Feature", "properties": { "objectid": 587208977, "distance_to_nearest_park": 966.0299166926003 }, "geometry": { "type": "Point", "coordinates": [ 2694720.7440997636877, 239947.016721285093809 ] } },
{ "type": "Feature", "properties": { "objectid": 587206130, "distance_to_nearest_park": 880.78930805388654 }, "geometry": { "type": "Point", "coordinates": [ 2694707.511177213862538, 239862.807381314458326 ] } },
{ "type": "Feature", "properties": { "objectid": 587206421, "distance_to_nearest_park": 1371.909136968857 }, "geometry": { "type": "Point", "coordinates": [ 2695474.921360549516976, 237194.686413409770466 ] } },
{ "type": "Feature", "properties": { "objectid": 587208339, "distance_to_nearest_park": 171.99966026999755 }, "geometry": { "type": "Point", "coordinates": [ 2696720.224911897908896, 237470.008234563661972 ] } },
{ "type": "Feature", "properties": { "objectid": 587206450, "distance_to_nearest_park": 1056.8850682378527 }, "geometry": { "type": "Point", "coordinates": [ 2694511.458065462298691, 237713.060428633762058 ] } },
{ "type": "Feature", "properties": { "objectid": 587206451, "distance_to_nearest_park": 1056.8850682378527 }, "geometry": { "type": "Point", "coordinates": [ 2694511.458065462298691, 237713.060428633762058 ] } },
{ "type": "Feature", "properties": { "objectid": 587206452, "distance_to_nearest_park": 1056.8850682378527 }, "geometry": { "type": "Point", "coordinates": [ 2694511.458065462298691, 237713.060428633762058 ] } },
{ "type": "Feature", "properties": { "objectid": 587207894, "distance_to_nearest_park": 109.78348591601551 }, "geometry": { "type": "Point", "coordinates": [ 2694469.865387341938913, 239111.64979695569491 ] } },
{ "type": "Feature", "properties": { "objectid": 587207895, "distance_to_nearest_park": 109.78348591601551 }, "geometry": { "type": "Point", "coordinates": [ 2694469.865387341938913, 239111.64979695569491 ] } },
{ "type": "Feature", "properties": { "objectid": 587225096, "distance_to_nearest_park": 450.51610616007082 }, "geometry": { "type": "Point", "coordinates": [ 2694360.569175625219941, 239453.202637912385399 ] } },
{ "type": "Feature", "properties": { "objectid": 587227263, "distance_to_nearest_park": 350.61096923513031 }, "geometry": { "type": "Point", "coordinates": [ 2695686.751288825646043, 239864.233001874556066 ] } },
{ "type": "Feature", "properties": { "objectid": 587228359, "distance_to_nearest_park": 1002.4781422865764 }, "geometry": { "type": "Point", "coordinates": [ 2695769.189654332119972, 237717.556621128926054 ] } },
{ "type": "Feature", "properties": { "objectid": 587226366, "distance_to_nearest_park": 666.61341612079195 }, "geometry": { "type": "Point", "coordinates": [ 2694482.071741647552699, 238265.416451769677224 ] } },
{ "type": "Feature", "properties": { "objectid": 587226868, "distance_to_nearest_park": 1371.909136968857 }, "geometry": { "type": "Point", "coordinates": [ 2695474.921360549516976, 237194.686413409770466 ] } },
{ "type": "Feature", "properties": { "objectid": 587227109, "distance_to_nearest_park": 855.20265840403295 }, "geometry": { "type": "Point", "coordinates": [ 2693638.445021315477788, 238629.901285726053175 ] } },
{ "type": "Feature", "properties": { "objectid": 587227110, "distance_to_nearest_park": 855.20265840403295 }, "geometry": { "type": "Point", "coordinates": [ 2693638.445021315477788, 238629.901285726053175 ] } },
{ "type": "Feature", "properties": { "objectid": 587227125, "distance_to_nearest_park": 521.52135447785986 }, "geometry": { "type": "Point", "coordinates": [ 2694023.819181818980724, 238647.757108321646228 ] } },
{ "type": "Feature", "properties": { "objectid": 587226182, "distance_to_nearest_park": 1241.6688077202432 }, "geometry": { "type": "Point", "coordinates": [ 2694127.35550593258813, 237746.98501250235131 ] } },
{ "type": "Feature", "properties": { "objectid": 587227954, "distance_to_nearest_park": 171.99966026999755 }, "geometry": { "type": "Point", "coordinates": [ 2696720.224911897908896, 237470.008234563661972 ] } },
{ "type": "Feature", "properties": { "objectid": 587227416, "distance_to_nearest_park": 858.92853323107136 }, "geometry": { "type": "Point", "coordinates": [ 2694967.095817110966891, 239942.586095647508046 ] } },
{ "type": "Feature", "properties": { "objectid": 587227425, "distance_to_nearest_park": 880.17658608961938 }, "geometry": { "type": "Point", "coordinates": [ 2695152.370642142370343, 237682.308098739886191 ] } },
{ "type": "Feature", "properties": { "objectid": 587225766, "distance_to_nearest_park": 1105.3507092417456 }, "geometry": { "type": "Point", "coordinates": [ 2694612.003540494013578, 237593.558973468199838 ] } },
{ "type": "Feature", "properties": { "objectid": 587225790, "distance_to_nearest_park": 565.30230981821751 }, "geometry": { "type": "Point", "coordinates": [ 2695325.865332490298897, 239872.580749966669828 ] } },
{ "type": "Feature", "properties": { "objectid": 587228895, "distance_to_nearest_park": 1213.8366677497779 }, "geometry": { "type": "Point", "coordinates": [ 2694567.800443459302187, 237494.227959613519488 ] } },
{ "type": "Feature", "properties": { "objectid": 587228666, "distance_to_nearest_park": 1147.7972372065547 }, "geometry": { "type": "Point", "coordinates": [ 2695619.901747697498649, 237481.750719073344953 ] } },
{ "type": "Feature", "properties": { "objectid": 587231556, "distance_to_nearest_park": 214.3946271364097 }, "geometry": { "type": "Point", "coordinates": [ 2695425.297118762973696, 238482.979119627503678 ] } },
{ "type": "Feature", "properties": { "objectid": 587229669, "distance_to_nearest_park": 171.99966026999755 }, "geometry": { "type": "Point", "coordinates": [ 2696720.224911897908896, 237470.008234563661972 ] } },
{ "type": "Feature", "properties": { "objectid": 587229697, "distance_to_nearest_park": 377.10869061743421 }, "geometry": { "type": "Point", "coordinates": [ 2695164.340305074118078, 239194.353125220135553 ] } },
{ "type": "Feature", "properties": { "objectid": 587217482, "distance_to_nearest_park": 880.17658608961938 }, "geometry": { "type": "Point", "coordinates": [ 2695152.370642142370343, 237682.308098739886191 ] } },
{ "type": "Feature", "properties": { "objectid": 587231421, "distance_to_nearest_park": 1262.0714234291684 }, "geometry": { "type": "Point", "coordinates": [ 2695648.756272222381085, 236795.63047236634884 ] } },
{ "type": "Feature", "properties": { "objectid": 587229059, "distance_to_nearest_park": 92.399350282854726 }, "geometry": { "type": "Point", "coordinates": [ 2694597.780178971588612, 239081.874506317952182 ] } },
{ "type": "Feature", "properties": { "objectid": 587229066, "distance_to_nearest_park": 430.70807786778687 }, "geometry": { "type": "Point", "coordinates": [ 2694789.36473099142313, 238306.504183532233583 ] } },
{ "type": "Feature", "properties": { "objectid": 587230737, "distance_to_nearest_park": 791.95880260294825 }, "geometry": { "type": "Point", "coordinates": [ 2695045.716570104938, 239920.112588692252757 ] } },
{ "type": "Feature", "properties": { "objectid": 587230056, "distance_to_nearest_park": 377.10869061743421 }, "geometry": { "type": "Point", "coordinates": [ 2695164.340305074118078, 239194.353125220135553 ] } },
{ "type": "Feature", "properties": { "objectid": 587230755, "distance_to_nearest_park": 171.99966026999755 }, "geometry": { "type": "Point", "coordinates": [ 2696720.224911897908896, 237470.008234563661972 ] } },
{ "type": "Feature", "properties": { "objectid": 587233177, "distance_to_nearest_park": 880.17658608961938 }, "geometry": { "type": "Point", "coordinates": [ 2695152.370642142370343, 237682.308098739886191 ] } },
{ "type": "Feature", "properties": { "objectid": 587233178, "distance_to_nearest_park": 880.17658608961938 }, "geometry": { "type": "Point", "coordinates": [ 2695152.370642142370343, 237682.308098739886191 ] } },
{ "type": "Feature", "properties": { "objectid": 587235111, "distance_to_nearest_park": 171.99966026999755 }, "geometry": { "type": "Point", "coordinates": [ 2696720.224911897908896, 237470.008234563661972 ] } },
{ "type": "Feature", "properties": { "objectid": 587233217, "distance_to_nearest_park": 855.94424082059709 }, "geometry": { "type": "Point", "coordinates": [ 2696064.574201337527484, 238392.799256830738159 ] } },
{ "type": "Feature", "properties": { "objectid": 587233993, "distance_to_nearest_park": 210.74773486672831 }, "geometry": { "type": "Point", "coordinates": [ 2695427.564391181338578, 238501.267685446073301 ] } },
{ "type": "Feature", "properties": { "objectid": 587232828, "distance_to_nearest_park": 887.0310867485706 }, "geometry": { "type": "Point", "coordinates": [ 2693795.283225537743419, 239641.805957947595743 ] } },
{ "type": "Feature", "properties": { "objectid": 587206875, "distance_to_nearest_park": 880.17658608961938 }, "geometry": { "type": "Point", "coordinates": [ 2695152.370642142370343, 237682.308098739886191 ] } },
{ "type": "Feature", "properties": { "objectid": 587233555, "distance_to_nearest_park": 171.99966026999755 }, "geometry": { "type": "Point", "coordinates": [ 2696720.224911897908896, 237470.008234563661972 ] } },
{ "type": "Feature", "properties": { "objectid": 587233570, "distance_to_nearest_park": 349.5229675804668 }, "geometry": { "type": "Point", "coordinates": [ 2694529.486943351570517, 238580.22496184107149 ] } },
{ "type": "Feature", "properties": { "objectid": 587234047, "distance_to_nearest_park": 288.122027099923 }, "geometry": { "type": "Point", "coordinates": [ 2694635.892801404930651, 239273.958881737402407 ] } },
{ "type": "Feature", "properties": { "objectid": 587235744, "distance_to_nearest_park": 636.68757876937207 }, "geometry": { "type": "Point", "coordinates": [ 2694608.657325510401279, 238204.624790181755088 ] } },
{ "type": "Feature", "properties": { "objectid": 587233117, "distance_to_nearest_park": 536.59540113761295 }, "geometry": { "type": "Point", "coordinates": [ 2692726.941505197901279, 237864.85602685980848 ] } },
{ "type": "Feature", "properties": { "objectid": 587235905, "distance_to_nearest_park": 401.63158974805685 }, "geometry": { "type": "Point", "coordinates": [ 2694409.689001951366663, 238543.546479291224387 ] } },
{ "type": "Feature", "properties": { "objectid": 587233287, "distance_to_nearest_park": 880.17658608961938 }, "geometry": { "type": "Point", "coordinates": [ 2695152.370642142370343, 237682.308098739886191 ] } },
{ "type": "Feature", "properties": { "objectid": 587222985, "distance_to_nearest_park": 1711.0653137238687 }, "geometry": { "type": "Point", "coordinates": [ 2695184.23505436303094, 236788.181342460738961 ] } },
{ "type": "Feature", "properties": { "objectid": 587223471, "distance_to_nearest_park": 630.68661044355588 }, "geometry": { "type": "Point", "coordinates": [ 2695700.771920015569776, 238986.346073118358618 ] } },
{ "type": "Feature", "properties": { "objectid": 587221335, "distance_to_nearest_park": 688.18896594850764 }, "geometry": { "type": "Point", "coordinates": [ 2695857.844806808512658, 238289.052187788533047 ] } },
{ "type": "Feature", "properties": { "objectid": 587221349, "distance_to_nearest_park": 685.66705565405812 }, "geometry": { "type": "Point", "coordinates": [ 2695870.181876775808632, 238327.316516907478217 ] } },
{ "type": "Feature", "properties": { "objectid": 587221845, "distance_to_nearest_park": 109.78348591601551 }, "geometry": { "type": "Point", "coordinates": [ 2694469.865387341938913, 239111.64979695569491 ] } },
{ "type": "Feature", "properties": { "objectid": 587221879, "distance_to_nearest_park": 78.689201335241449 }, "geometry": { "type": "Point", "coordinates": [ 2694787.623926874250174, 239025.126769193360815 ] } },
{ "type": "Feature", "properties": { "objectid": 587221880, "distance_to_nearest_park": 78.689201335241449 }, "geometry": { "type": "Point", "coordinates": [ 2694787.623926874250174, 239025.126769193360815 ] } },
{ "type": "Feature", "properties": { "objectid": 587221881, "distance_to_nearest_park": 78.689201335241449 }, "geometry": { "type": "Point", "coordinates": [ 2694787.623926874250174, 239025.126769193360815 ] } },
{ "type": "Feature", "properties": { "objectid": 587221882, "distance_to_nearest_park": 78.689201335241449 }, "geometry": { "type": "Point", "coordinates": [ 2694787.623926874250174, 239025.126769193360815 ] } },
{ "type": "Feature", "properties": { "objectid": 587221883, "distance_to_nearest_park": 78.069190989059507 }, "geometry": { "type": "Point", "coordinates": [ 2694767.072875036392361, 239027.803540915891062 ] } },
{ "type": "Feature", "properties": { "objectid": 587221884, "distance_to_nearest_park": 78.069190989059507 }, "geometry": { "type": "Point", "coordinates": [ 2694767.072875036392361, 239027.803540915891062 ] } },
{ "type": "Feature", "properties": { "objectid": 587221885, "distance_to_nearest_park": 78.069190989059507 }, "geometry": { "type": "Point", "coordinates": [ 2694767.072875036392361, 239027.803540915891062 ] } },
{ "type": "Feature", "properties": { "objectid": 587223794, "distance_to_nearest_park": 1482.1122203262225 }, "geometry": { "type": "Point", "coordinates": [ 2695431.538191711995751, 236752.440581399889197 ] } },
{ "type": "Feature", "properties": { "objectid": 587221886, "distance_to_nearest_park": 78.069190989059507 }, "geometry": { "type": "Point", "coordinates": [ 2694767.072875036392361, 239027.803540915891062 ] } },
{ "type": "Feature", "properties": { "objectid": 587221887, "distance_to_nearest_park": 148.98863495809402 }, "geometry": { "type": "Point", "coordinates": [ 2694778.761591938789934, 239097.75445420507458 ] } },
{ "type": "Feature", "properties": { "objectid": 587223364, "distance_to_nearest_park": 1371.909136968857 }, "geometry": { "type": "Point", "coordinates": [ 2695474.921360549516976, 237194.686413409770466 ] } },
{ "type": "Feature", "properties": { "objectid": 587221232, "distance_to_nearest_park": 171.99966026999755 }, "geometry": { "type": "Point", "coordinates": [ 2696720.224911897908896, 237470.008234563661972 ] } },
{ "type": "Feature", "properties": { "objectid": 587223900, "distance_to_nearest_park": 738.43485241553299 }, "geometry": { "type": "Point", "coordinates": [ 2696116.878373696003109, 237081.261529566952959 ] } },
{ "type": "Feature", "properties": { "objectid": 587237232, "distance_to_nearest_park": 851.1091739191769 }, "geometry": { "type": "Point", "coordinates": [ 2695808.679451293777674, 239341.565949982235907 ] } },
{ "type": "Feature", "properties": { "objectid": 587239154, "distance_to_nearest_park": 421.43254187460292 }, "geometry": { "type": "Point", "coordinates": [ 2694733.665428232867271, 238426.956524788751267 ] } },
{ "type": "Feature", "properties": { "objectid": 587239173, "distance_to_nearest_park": 430.70807786778687 }, "geometry": { "type": "Point", "coordinates": [ 2694789.36473099142313, 238306.504183532233583 ] } },
{ "type": "Feature", "properties": { "objectid": 587239174, "distance_to_nearest_park": 430.70807786778687 }, "geometry": { "type": "Point", "coordinates": [ 2694789.36473099142313, 238306.504183532233583 ] } },
{ "type": "Feature", "properties": { "objectid": 587237279, "distance_to_nearest_park": 815.67973668650711 }, "geometry": { "type": "Point", "coordinates": [ 2696044.563589476048946, 239397.699601128901122 ] } },
{ "type": "Feature", "properties": { "objectid": 587237060, "distance_to_nearest_park": 430.70807786778687 }, "geometry": { "type": "Point", "coordinates": [ 2694789.36473099142313, 238306.504183532233583 ] } },
{ "type": "Feature", "properties": { "objectid": 587239709, "distance_to_nearest_park": 475.37829095473177 }, "geometry": { "type": "Point", "coordinates": [ 2693936.308658540248871, 239030.767573079356225 ] } },
{ "type": "Feature", "properties": { "objectid": 587239951, "distance_to_nearest_park": 765.99322219340706 }, "geometry": { "type": "Point", "coordinates": [ 2695050.140307452529669, 239989.121478411660064 ] } },
{ "type": "Feature", "properties": { "objectid": 587239017, "distance_to_nearest_park": 349.5229675804668 }, "geometry": { "type": "Point", "coordinates": [ 2694529.486943351570517, 238580.22496184107149 ] } },
{ "type": "Feature", "properties": { "objectid": 587239742, "distance_to_nearest_park": 474.36398499395801 }, "geometry": { "type": "Point", "coordinates": [ 2693939.548317010980099, 239054.18662064516684 ] } },
{ "type": "Feature", "properties": { "objectid": 587237379, "distance_to_nearest_park": 940.00022392112953 }, "geometry": { "type": "Point", "coordinates": [ 2695950.351856583729386, 239177.723825436667539 ] } },
{ "type": "Feature", "properties": { "objectid": 587237377, "distance_to_nearest_park": 947.8039054260712 }, "geometry": { "type": "Point", "coordinates": [ 2695951.281867708545178, 239193.786504075163975 ] } },
{ "type": "Feature", "properties": { "objectid": 587237382, "distance_to_nearest_park": 109.78348591601551 }, "geometry": { "type": "Point", "coordinates": [ 2694469.865387341938913, 239111.64979695569491 ] } },
{ "type": "Feature", "properties": { "objectid": 587237616, "distance_to_nearest_park": 880.17658608961938 }, "geometry": { "type": "Point", "coordinates": [ 2695152.370642142370343, 237682.308098739886191 ] } },
{ "type": "Feature", "properties": { "objectid": 587237644, "distance_to_nearest_park": 1214.6768818065698 }, "geometry": { "type": "Point", "coordinates": [ 2694263.069502505008131, 237719.25868975368212 ] } },
{ "type": "Feature", "properties": { "objectid": 587238857, "distance_to_nearest_park": 1373.5642520936851 }, "geometry": { "type": "Point", "coordinates": [ 2695512.301621140446514, 236867.424782147427322 ] } },
{ "type": "Feature", "properties": { "objectid": 587237438, "distance_to_nearest_park": 1711.0653137238687 }, "geometry": { "type": "Point", "coordinates": [ 2695184.23505436303094, 236788.181342460738961 ] } },
{ "type": "Feature", "properties": { "objectid": 587236267, "distance_to_nearest_park": 349.5229675804668 }, "geometry": { "type": "Point", "coordinates": [ 2694529.486943351570517, 238580.22496184107149 ] } },
{ "type": "Feature", "properties": { "objectid": 587224517, "distance_to_nearest_park": 595.98594129725439 }, "geometry": { "type": "Point", "coordinates": [ 2697056.56581461802125, 238439.478367271658499 ] } },
{ "type": "Feature", "properties": { "objectid": 587223808, "distance_to_nearest_park": 880.17658608961938 }, "geometry": { "type": "Point", "coordinates": [ 2695152.370642142370343, 237682.308098739886191 ] } },
{ "type": "Feature", "properties": { "objectid": 587223812, "distance_to_nearest_park": 566.99454309097541 }, "geometry": { "type": "Point", "coordinates": [ 2695550.970448906999081, 239684.583273819735041 ] } },
{ "type": "Feature", "properties": { "objectid": 587243200, "distance_to_nearest_park": 842.75148697128827 }, "geometry": { "type": "Point", "coordinates": [ 2696150.606077003292739, 236716.355951366043882 ] } },
{ "type": "Feature", "properties": { "objectid": 587244165, "distance_to_nearest_park": 105.99892621524626 }, "geometry": { "type": "Point", "coordinates": [ 2694681.892141377087682, 239073.045147002965678 ] } },
{ "type": "Feature", "properties": { "objectid": 587244166, "distance_to_nearest_park": 105.99892621524626 }, "geometry": { "type": "Point", "coordinates": [ 2694681.892141377087682, 239073.045147002965678 ] } },
{ "type": "Feature", "properties": { "objectid": 587244167, "distance_to_nearest_park": 105.99892621524626 }, "geometry": { "type": "Point", "coordinates": [ 2694681.892141377087682, 239073.045147002965678 ] } },
{ "type": "Feature", "properties": { "objectid": 587245639, "distance_to_nearest_park": 746.10386095729632 }, "geometry": { "type": "Point", "coordinates": [ 2694287.452853234484792, 238217.068261706648627 ] } },
{ "type": "Feature", "properties": { "objectid": 587242503, "distance_to_nearest_park": 1042.9488125412438 }, "geometry": { "type": "Point", "coordinates": [ 2695803.986384956166148, 237182.488953976804623 ] } },
{ "type": "Feature", "properties": { "objectid": 587243215, "distance_to_nearest_park": 430.70807786778687 }, "geometry": { "type": "Point", "coordinates": [ 2694789.36473099142313, 238306.504183532233583 ] } },
{ "type": "Feature", "properties": { "objectid": 587224334, "distance_to_nearest_park": 1371.909136968857 }, "geometry": { "type": "Point", "coordinates": [ 2695474.921360549516976, 237194.686413409770466 ] } },
{ "type": "Feature", "properties": { "objectid": 587245450, "distance_to_nearest_park": 421.43254187460292 }, "geometry": { "type": "Point", "coordinates": [ 2694733.665428232867271, 238426.956524788751267 ] } },
{ "type": "Feature", "properties": { "objectid": 587245451, "distance_to_nearest_park": 880.17658608961938 }, "geometry": { "type": "Point", "coordinates": [ 2695152.370642142370343, 237682.308098739886191 ] } },
{ "type": "Feature", "properties": { "objectid": 587245616, "distance_to_nearest_park": 823.18383118809049 }, "geometry": { "type": "Point", "coordinates": [ 2693963.614803869277239, 238290.664369471895043 ] } },
{ "type": "Feature", "properties": { "objectid": 587244022, "distance_to_nearest_park": 446.9440057388008 }, "geometry": { "type": "Point", "coordinates": [ 2694672.853111535310745, 239428.836746095301351 ] } },
{ "type": "Feature", "properties": { "objectid": 587245638, "distance_to_nearest_park": 803.39926597644182 }, "geometry": { "type": "Point", "coordinates": [ 2694064.187093702610582, 238246.600417486071819 ] } },
{ "type": "Feature", "properties": { "objectid": 587245640, "distance_to_nearest_park": 748.92889265377846 }, "geometry": { "type": "Point", "coordinates": [ 2694265.209246690850705, 238220.060264667350566 ] } },
{ "type": "Feature", "properties": { "objectid": 587245641, "distance_to_nearest_park": 770.92462123280518 }, "geometry": { "type": "Point", "coordinates": [ 2694161.319542245008051, 238233.777720106212655 ] } },
{ "type": "Feature", "properties": { "objectid": 587245643, "distance_to_nearest_park": 694.6290188169952 }, "geometry": { "type": "Point", "coordinates": [ 2694184.413726564031094, 238306.978258498129435 ] } },
{ "type": "Feature", "properties": { "objectid": 587245000, "distance_to_nearest_park": 1104.2982954948945 }, "geometry": { "type": "Point", "coordinates": [ 2695869.884751223493367, 236677.126138399151387 ] } },
{ "type": "Feature", "properties": { "objectid": 587245192, "distance_to_nearest_park": 430.70807786778687 }, "geometry": { "type": "Point", "coordinates": [ 2694789.36473099142313, 238306.504183532233583 ] } },
{ "type": "Feature", "properties": { "objectid": 587244558, "distance_to_nearest_park": 558.37317875934332 }, "geometry": { "type": "Point", "coordinates": [ 2694495.183324813377112, 238372.946136354265036 ] } },
{ "type": "Feature", "properties": { "objectid": 587245240, "distance_to_nearest_park": 1042.9488125412438 }, "geometry": { "type": "Point", "coordinates": [ 2695803.986384956166148, 237182.488953976804623 ] } },
{ "type": "Feature", "properties": { "objectid": 587242418, "distance_to_nearest_park": 1217.0002267729217 }, "geometry": { "type": "Point", "coordinates": [ 2695661.780417312402278, 236915.549251418357017 ] } },
{ "type": "Feature", "properties": { "objectid": 587242419, "distance_to_nearest_park": 1223.144130111561 }, "geometry": { "type": "Point", "coordinates": [ 2695659.147281613666564, 236900.165430297347484 ] } },
{ "type": "Feature", "properties": { "objectid": 587244574, "distance_to_nearest_park": 546.1276771585035 }, "geometry": { "type": "Point", "coordinates": [ 2694641.558999076019973, 238325.855068518430926 ] } },
{ "type": "Feature", "properties": { "objectid": 587245294, "distance_to_nearest_park": 1574.2456449731892 }, "geometry": { "type": "Point", "coordinates": [ 2695331.586193656548858, 236765.540113788767485 ] } },
{ "type": "Feature", "properties": { "objectid": 587241971, "distance_to_nearest_park": 92.399350282854726 }, "geometry": { "type": "Point", "coordinates": [ 2694597.780178971588612, 239081.874506317952182 ] } },
{ "type": "Feature", "properties": { "objectid": 587242201, "distance_to_nearest_park": 298.83543122320901 }, "geometry": { "type": "Point", "coordinates": [ 2694817.960635470692068, 239243.222844557894859 ] } },
{ "type": "Feature", "properties": { "objectid": 587242217, "distance_to_nearest_park": 109.78348591601551 }, "geometry": { "type": "Point", "coordinates": [ 2694469.865387341938913, 239111.64979695569491 ] } },
{ "type": "Feature", "properties": { "objectid": 587243888, "distance_to_nearest_park": 1292.7473573017983 }, "geometry": { "type": "Point", "coordinates": [ 2695554.231397594325244, 237177.701095223863376 ] } },
{ "type": "Feature", "properties": { "objectid": 587244375, "distance_to_nearest_park": 764.23817545126258 }, "geometry": { "type": "Point", "coordinates": [ 2695882.432044278364629, 239427.554902426811168 ] } },
{ "type": "Feature", "properties": { "objectid": 587247016, "distance_to_nearest_park": 298.83543122320901 }, "geometry": { "type": "Point", "coordinates": [ 2694817.960635470692068, 239243.222844557894859 ] } },
{ "type": "Feature", "properties": { "objectid": 587247257, "distance_to_nearest_park": 842.75148697128827 }, "geometry": { "type": "Point", "coordinates": [ 2696150.606077003292739, 236716.355951366043882 ] } },
{ "type": "Feature", "properties": { "objectid": 587247276, "distance_to_nearest_park": 430.70807786778687 }, "geometry": { "type": "Point", "coordinates": [ 2694789.36473099142313, 238306.504183532233583 ] } },
{ "type": "Feature", "properties": { "objectid": 587248723, "distance_to_nearest_park": 709.55178138227666 }, "geometry": { "type": "Point", "coordinates": [ 2695147.50583667261526, 239891.759784006630071 ] } },
{ "type": "Feature", "properties": { "objectid": 587248265, "distance_to_nearest_park": 880.17658608961938 }, "geometry": { "type": "Point", "coordinates": [ 2695152.370642142370343, 237682.308098739886191 ] } },
{ "type": "Feature", "properties": { "objectid": 587248739, "distance_to_nearest_park": 105.99892621524626 }, "geometry": { "type": "Point", "coordinates": [ 2694681.892141377087682, 239073.045147002965678 ] } },
{ "type": "Feature", "properties": { "objectid": 587247806, "distance_to_nearest_park": 105.99892621524626 }, "geometry": { "type": "Point", "coordinates": [ 2694681.892141377087682, 239073.045147002965678 ] } },
{ "type": "Feature", "properties": { "objectid": 587245941, "distance_to_nearest_park": 1041.9647872271419 }, "geometry": { "type": "Point", "coordinates": [ 2695813.609921435825527, 237332.191931741137523 ] } },
{ "type": "Feature", "properties": { "objectid": 587245942, "distance_to_nearest_park": 1035.3971876040398 }, "geometry": { "type": "Point", "coordinates": [ 2695831.701050211675465, 237413.264744074258488 ] } },
{ "type": "Feature", "properties": { "objectid": 587246195, "distance_to_nearest_park": 105.99892621524626 }, "geometry": { "type": "Point", "coordinates": [ 2694681.892141377087682, 239073.045147002965678 ] } },
{ "type": "Feature", "properties": { "objectid": 587248586, "distance_to_nearest_park": 430.70807786778687 }, "geometry": { "type": "Point", "coordinates": [ 2694789.36473099142313, 238306.504183532233583 ] } },
{ "type": "Feature", "properties": { "objectid": 587249313, "distance_to_nearest_park": 842.75544619961806 }, "geometry": { "type": "Point", "coordinates": [ 2696024.851148440502584, 238293.961581561830826 ] } },
{ "type": "Feature", "properties": { "objectid": 587246210, "distance_to_nearest_park": 105.99892621524626 }, "geometry": { "type": "Point", "coordinates": [ 2694681.892141377087682, 239073.045147002965678 ] } },
{ "type": "Feature", "properties": { "objectid": 587249318, "distance_to_nearest_park": 891.71246234888554 }, "geometry": { "type": "Point", "coordinates": [ 2696043.176555211655796, 238204.848232407210162 ] } },
{ "type": "Feature", "properties": { "objectid": 587249319, "distance_to_nearest_park": 867.74714027532491 }, "geometry": { "type": "Point", "coordinates": [ 2696034.63849455723539, 238247.236633221851662 ] } },
{ "type": "Feature", "properties": { "objectid": 587249320, "distance_to_nearest_park": 878.62488006351487 }, "geometry": { "type": "Point", "coordinates": [ 2696038.579134828411043, 238227.672755547857378 ] } },
{ "type": "Feature", "properties": { "objectid": 587249321, "distance_to_nearest_park": 912.27397473714973 }, "geometry": { "type": "Point", "coordinates": [ 2696050.347559974063188, 238170.801750172977336 ] } },
{ "type": "Feature", "properties": { "objectid": 587245730, "distance_to_nearest_park": 541.23286606746399 }, "geometry": { "type": "Point", "coordinates": [ 2695587.85573758976534, 239011.45426921066246 ] } },
{ "type": "Feature", "properties": { "objectid": 587246702, "distance_to_nearest_park": 880.17658608961938 }, "geometry": { "type": "Point", "coordinates": [ 2695152.370642142370343, 237682.308098739886191 ] } },
{ "type": "Feature", "properties": { "objectid": 587246706, "distance_to_nearest_park": 109.78348591601551 }, "geometry": { "type": "Point", "coordinates": [ 2694469.865387341938913, 239111.64979695569491 ] } },
{ "type": "Feature", "properties": { "objectid": 587249097, "distance_to_nearest_park": 325.1582860952671 }, "geometry": { "type": "Point", "coordinates": [ 2694682.413244368042797, 239303.750300564424833 ] } },
{ "type": "Feature", "properties": { "objectid": 587246724, "distance_to_nearest_park": 1146.6301347515287 }, "geometry": { "type": "Point", "coordinates": [ 2693880.297330940142274, 237956.582828639628133 ] } },
{ "type": "Feature", "properties": { "objectid": 587246498, "distance_to_nearest_park": 171.99966026999755 }, "geometry": { "type": "Point", "coordinates": [ 2696720.224911897908896, 237470.008234563661972 ] } },
{ "type": "Feature", "properties": { "objectid": 587240753, "distance_to_nearest_park": 802.80523067774811 }, "geometry": { "type": "Point", "coordinates": [ 2694874.361941751558334, 237808.988682911032811 ] } },
{ "type": "Feature", "properties": { "objectid": 587241488, "distance_to_nearest_park": 880.17658608961938 }, "geometry": { "type": "Point", "coordinates": [ 2695152.370642142370343, 237682.308098739886191 ] } },
{ "type": "Feature", "properties": { "objectid": 587241503, "distance_to_nearest_park": 109.78348591601551 }, "geometry": { "type": "Point", "coordinates": [ 2694469.865387341938913, 239111.64979695569491 ] } },
{ "type": "Feature", "properties": { "objectid": 587241091, "distance_to_nearest_park": 569.11491648388892 }, "geometry": { "type": "Point", "coordinates": [ 2695767.259659351781011, 238747.041181858832715 ] } },
{ "type": "Feature", "properties": { "objectid": 587240372, "distance_to_nearest_park": 105.99892621524626 }, "geometry": { "type": "Point", "coordinates": [ 2694681.892141377087682, 239073.045147002965678 ] } },
{ "type": "Feature", "properties": { "objectid": 587241588, "distance_to_nearest_park": 92.399350282854726 }, "geometry": { "type": "Point", "coordinates": [ 2694597.780178971588612, 239081.874506317952182 ] } },
{ "type": "Feature", "properties": { "objectid": 587240699, "distance_to_nearest_park": 985.09705499621668 }, "geometry": { "type": "Point", "coordinates": [ 2694508.744658322539181, 237805.548286027042195 ] } },
{ "type": "Feature", "properties": { "objectid": 587251190, "distance_to_nearest_park": 386.70096054411334 }, "geometry": { "type": "Point", "coordinates": [ 2695359.103698300197721, 238196.772130957659101 ] } },
{ "type": "Feature", "properties": { "objectid": 587251191, "distance_to_nearest_park": 334.6390748243827 }, "geometry": { "type": "Point", "coordinates": [ 2695366.887572958599776, 238256.40435905486811 ] } },
{ "type": "Feature", "properties": { "objectid": 587251192, "distance_to_nearest_park": 369.25247624519108 }, "geometry": { "type": "Point", "coordinates": [ 2695361.888701972085983, 238216.53365213458892 ] } },
{ "type": "Feature", "properties": { "objectid": 587251193, "distance_to_nearest_park": 351.62851365949433 }, "geometry": { "type": "Point", "coordinates": [ 2695364.382792206015438, 238236.651067989092553 ] } },
{ "type": "Feature", "properties": { "objectid": 587250788, "distance_to_nearest_park": 762.65340997012947 }, "geometry": { "type": "Point", "coordinates": [ 2695129.339921713341027, 239813.236341674026335 ] } },
{ "type": "Feature", "properties": { "objectid": 587249846, "distance_to_nearest_park": 1371.909136968857 }, "geometry": { "type": "Point", "coordinates": [ 2695474.921360549516976, 237194.686413409770466 ] } },
{ "type": "Feature", "properties": { "objectid": 587251245, "distance_to_nearest_park": 421.43254187460292 }, "geometry": { "type": "Point", "coordinates": [ 2694733.665428232867271, 238426.956524788751267 ] } },
{ "type": "Feature", "properties": { "objectid": 587249856, "distance_to_nearest_park": 724.58096688903822 }, "geometry": { "type": "Point", "coordinates": [ 2695130.069660591427237, 239893.434389761852799 ] } },
{ "type": "Feature", "properties": { "objectid": 587251274, "distance_to_nearest_park": 109.78348591601551 }, "geometry": { "type": "Point", "coordinates": [ 2694469.865387341938913, 239111.64979695569491 ] } },
{ "type": "Feature", "properties": { "objectid": 587250619, "distance_to_nearest_park": 92.399350282854726 }, "geometry": { "type": "Point", "coordinates": [ 2694597.780178971588612, 239081.874506317952182 ] } },
{ "type": "Feature", "properties": { "objectid": 587251298, "distance_to_nearest_park": 1371.909136968857 }, "geometry": { "type": "Point", "coordinates": [ 2695474.921360549516976, 237194.686413409770466 ] } },
{ "type": "Feature", "properties": { "objectid": 587249653, "distance_to_nearest_park": 1306.6384844970578 }, "geometry": { "type": "Point", "coordinates": [ 2695543.157573132775724, 237105.945660448167473 ] } },
{ "type": "Feature", "properties": { "objectid": 587251119, "distance_to_nearest_park": 895.31152571733378 }, "geometry": { "type": "Point", "coordinates": [ 2696134.375765010714531, 238155.414844239625381 ] } },
{ "type": "Feature", "properties": { "objectid": 587250217, "distance_to_nearest_park": 430.70807786778687 }, "geometry": { "type": "Point", "coordinates": [ 2694789.36473099142313, 238306.504183532233583 ] } },
{ "type": "Feature", "properties": { "objectid": 587249964, "distance_to_nearest_park": 880.17658608961938 }, "geometry": { "type": "Point", "coordinates": [ 2695152.370642142370343, 237682.308098739886191 ] } },
{ "type": "Feature", "properties": { "objectid": 587250945, "distance_to_nearest_park": 1114.9022644409583 }, "geometry": { "type": "Point", "coordinates": [ 2693835.965820143464953, 237718.033896877197549 ] } },
{ "type": "Feature", "properties": { "objectid": 587249497, "distance_to_nearest_park": 857.59982187501885 }, "geometry": { "type": "Point", "coordinates": [ 2696030.729975459631532, 238265.70813722643652 ] } },
{ "type": "Feature", "properties": { "objectid": 587252263, "distance_to_nearest_park": 1270.7529672157532 }, "geometry": { "type": "Point", "coordinates": [ 2695672.696407360956073, 236706.317407011578325 ] } },
{ "type": "Feature", "properties": { "objectid": 587255132, "distance_to_nearest_park": 990.08097256237579 }, "geometry": { "type": "Point", "coordinates": [ 2695919.638365172315389, 236845.137336704763584 ] } },
{ "type": "Feature", "properties": { "objectid": 587255133, "distance_to_nearest_park": 1043.5819972067916 }, "geometry": { "type": "Point", "coordinates": [ 2695871.240539249498397, 236821.848422211012803 ] } },
{ "type": "Feature", "properties": { "objectid": 587252524, "distance_to_nearest_park": 171.99966026999755 }, "geometry": { "type": "Point", "coordinates": [ 2696720.224911897908896, 237470.008234563661972 ] } },
{ "type": "Feature", "properties": { "objectid": 587252525, "distance_to_nearest_park": 171.99966026999755 }, "geometry": { "type": "Point", "coordinates": [ 2696720.224911897908896, 237470.008234563661972 ] } },
{ "type": "Feature", "properties": { "objectid": 587252526, "distance_to_nearest_park": 171.99966026999755 }, "geometry": { "type": "Point", "coordinates": [ 2696720.224911897908896, 237470.008234563661972 ] } },
{ "type": "Feature", "properties": { "objectid": 587252527, "distance_to_nearest_park": 171.99966026999755 }, "geometry": { "type": "Point", "coordinates": [ 2696720.224911897908896, 237470.008234563661972 ] } },
{ "type": "Feature", "properties": { "objectid": 587252528, "distance_to_nearest_park": 171.99966026999755 }, "geometry": { "type": "Point", "coordinates": [ 2696720.224911897908896, 237470.008234563661972 ] } },
{ "type": "Feature", "properties": { "objectid": 587252529, "distance_to_nearest_park": 171.99966026999755 }, "geometry": { "type": "Point", "coordinates": [ 2696720.224911897908896, 237470.008234563661972 ] } },
{ "type": "Feature", "properties": { "objectid": 587253001, "distance_to_nearest_park": 109.78348591601551 }, "geometry": { "type": "Point", "coordinates": [ 2694469.865387341938913, 239111.64979695569491 ] } },
{ "type": "Feature", "properties": { "objectid": 587253475, "distance_to_nearest_park": 1711.0653137238687 }, "geometry": { "type": "Point", "coordinates": [ 2695184.23505436303094, 236788.181342460738961 ] } },
{ "type": "Feature", "properties": { "objectid": 587253484, "distance_to_nearest_park": 483.6833537458528 }, "geometry": { "type": "Point", "coordinates": [ 2694631.468213905114681, 238440.35722262726631 ] } },
{ "type": "Feature", "properties": { "objectid": 587253499, "distance_to_nearest_park": 842.75148697128827 }, "geometry": { "type": "Point", "coordinates": [ 2696150.606077003292739, 236716.355951366043882 ] } },
{ "type": "Feature", "properties": { "objectid": 587254448, "distance_to_nearest_park": 349.5229675804668 }, "geometry": { "type": "Point", "coordinates": [ 2694529.486943351570517, 238580.22496184107149 ] } },
{ "type": "Feature", "properties": { "objectid": 587252554, "distance_to_nearest_park": 109.78348591601551 }, "geometry": { "type": "Point", "coordinates": [ 2694469.865387341938913, 239111.64979695569491 ] } },
{ "type": "Feature", "properties": { "objectid": 587251859, "distance_to_nearest_park": 1371.909136968857 }, "geometry": { "type": "Point", "coordinates": [ 2695474.921360549516976, 237194.686413409770466 ] } },
{ "type": "Feature", "properties": { "objectid": 587252816, "distance_to_nearest_park": 446.9440057388008 }, "geometry": { "type": "Point", "coordinates": [ 2694672.853111535310745, 239428.836746095301351 ] } },
{ "type": "Feature", "properties": { "objectid": 587252817, "distance_to_nearest_park": 446.9440057388008 }, "geometry": { "type": "Point", "coordinates": [ 2694672.853111535310745, 239428.836746095301351 ] } },
{ "type": "Feature", "properties": { "objectid": 587252820, "distance_to_nearest_park": 880.17658608961938 }, "geometry": { "type": "Point", "coordinates": [ 2695152.370642142370343, 237682.308098739886191 ] } },
{ "type": "Feature", "properties": { "objectid": 587254733, "distance_to_nearest_park": 896.44809731258943 }, "geometry": { "type": "Point", "coordinates": [ 2695440.47838788991794, 237689.311971607065061 ] } },
{ "type": "Feature", "properties": { "objectid": 587251890, "distance_to_nearest_park": 109.78348591601551 }, "geometry": { "type": "Point", "coordinates": [ 2694469.865387341938913, 239111.64979695569491 ] } },
{ "type": "Feature", "properties": { "objectid": 587253082, "distance_to_nearest_park": 387.84603888947237 }, "geometry": { "type": "Point", "coordinates": [ 2695412.273529304657131, 238219.835850462521194 ] } },
{ "type": "Feature", "properties": { "objectid": 587252620, "distance_to_nearest_park": 1165.4245633568969 }, "geometry": { "type": "Point", "coordinates": [ 2693844.594216249417514, 237777.690285435091937 ] } },
{ "type": "Feature", "properties": { "objectid": 587254078, "distance_to_nearest_park": 880.17658608961938 }, "geometry": { "type": "Point", "coordinates": [ 2695152.370642142370343, 237682.308098739886191 ] } },
{ "type": "Feature", "properties": { "objectid": 587242281, "distance_to_nearest_park": 1092.9396603848529 }, "geometry": { "type": "Point", "coordinates": [ 2694700.911526740994304, 237564.826116840908071 ] } },
{ "type": "Feature", "properties": { "objectid": 587252660, "distance_to_nearest_park": 1211.48105572188 }, "geometry": { "type": "Point", "coordinates": [ 2693400.178911055438221, 238329.182999389915494 ] } },
{ "type": "Feature", "properties": { "objectid": 587252661, "distance_to_nearest_park": 1205.961404192373 }, "geometry": { "type": "Point", "coordinates": [ 2693381.879828792996705, 238331.562463346344884 ] } },
{ "type": "Feature", "properties": { "objectid": 587252662, "distance_to_nearest_park": 1159.3074603181312 }, "geometry": { "type": "Point", "coordinates": [ 2693448.33834873791784, 238351.002369650930632 ] } },
{ "type": "Feature", "properties": { "objectid": 587251476, "distance_to_nearest_park": 446.9440057388008 }, "geometry": { "type": "Point", "coordinates": [ 2694672.853111535310745, 239428.836746095301351 ] } },
{ "type": "Feature", "properties": { "objectid": 587252453, "distance_to_nearest_park": 1227.9807107197139 }, "geometry": { "type": "Point", "coordinates": [ 2694134.410224003717303, 237535.088572064094478 ] } },
{ "type": "Feature", "properties": { "objectid": 587253878, "distance_to_nearest_park": 1711.0653137238687 }, "geometry": { "type": "Point", "coordinates": [ 2695184.23505436303094, 236788.181342460738961 ] } },
{ "type": "Feature", "properties": { "objectid": 587243982, "distance_to_nearest_park": 544.01959350527534 }, "geometry": { "type": "Point", "coordinates": [ 2695712.292341142892838, 238317.573925172822783 ] } },
{ "type": "Feature", "properties": { "objectid": 587255101, "distance_to_nearest_park": 985.1695772733284 }, "geometry": { "type": "Point", "coordinates": [ 2695947.62815727526322, 236789.836410067218821 ] } },
{ "type": "Feature", "properties": { "objectid": 587255104, "distance_to_nearest_park": 359.19876195000933 }, "geometry": { "type": "Point", "coordinates": [ 2695394.21579750534147, 238242.629522189614363 ] } },
{ "type": "Feature", "properties": { "objectid": 587255490, "distance_to_nearest_park": 267.2623789662008 }, "geometry": { "type": "Point", "coordinates": [ 2694942.592466630041599, 238379.516419054096332 ] } },
{ "type": "Feature", "properties": { "objectid": 587255492, "distance_to_nearest_park": 209.17179051304382 }, "geometry": { "type": "Point", "coordinates": [ 2695022.476232559420168, 238390.608169338986045 ] } },
{ "type": "Feature", "properties": { "objectid": 587255513, "distance_to_nearest_park": 1371.909136968857 }, "geometry": { "type": "Point", "coordinates": [ 2695474.921360549516976, 237194.686413409770466 ] } },
{ "type": "Feature", "properties": { "objectid": 587256052, "distance_to_nearest_park": 880.17658608961938 }, "geometry": { "type": "Point", "coordinates": [ 2695152.370642142370343, 237682.308098739886191 ] } },
{ "type": "Feature", "properties": { "objectid": 587255309, "distance_to_nearest_park": 1711.0653137238687 }, "geometry": { "type": "Point", "coordinates": [ 2695184.23505436303094, 236788.181342460738961 ] } },
{ "type": "Feature", "properties": { "objectid": 587254075, "distance_to_nearest_park": 743.8777179514376 }, "geometry": { "type": "Point", "coordinates": [ 2694309.976678573060781, 238214.084497499454301 ] } },
{ "type": "Feature", "properties": { "objectid": 587254386, "distance_to_nearest_park": 684.14503390550203 }, "geometry": { "type": "Point", "coordinates": [ 2694481.1834398326464, 238247.897327065991703 ] } },
{ "type": "Feature", "properties": { "objectid": 587264377, "distance_to_nearest_park": 430.70807786778687 }, "geometry": { "type": "Point", "coordinates": [ 2694789.36473099142313, 238306.504183532233583 ] } },
{ "type": "Feature", "properties": { "objectid": 587264469, "distance_to_nearest_park": 430.70807786778687 }, "geometry": { "type": "Point", "coordinates": [ 2694789.36473099142313, 238306.504183532233583 ] } },
{ "type": "Feature", "properties": { "objectid": 587255951, "distance_to_nearest_park": 430.70807786778687 }, "geometry": { "type": "Point", "coordinates": [ 2694789.36473099142313, 238306.504183532233583 ] } },
{ "type": "Feature", "properties": { "objectid": 587263054, "distance_to_nearest_park": 1042.9488125412438 }, "geometry": { "type": "Point", "coordinates": [ 2695803.986384956166148, 237182.488953976804623 ] } },
{ "type": "Feature", "properties": { "objectid": 587263969, "distance_to_nearest_park": 401.88865687162979 }, "geometry": { "type": "Point", "coordinates": [ 2695435.077730345539749, 238216.861341593874386 ] } },
{ "type": "Feature", "properties": { "objectid": 587262139, "distance_to_nearest_park": 1371.909136968857 }, "geometry": { "type": "Point", "coordinates": [ 2695474.921360549516976, 237194.686413409770466 ] } },
{ "type": "Feature", "properties": { "objectid": 587262392, "distance_to_nearest_park": 422.31775913772492 }, "geometry": { "type": "Point", "coordinates": [ 2695483.610028637573123, 239906.005467237322591 ] } },
{ "type": "Feature", "properties": { "objectid": 587264062, "distance_to_nearest_park": 999.59284730094828 }, "geometry": { "type": "Point", "coordinates": [ 2695525.656859097070992, 237606.171050690754782 ] } },
{ "type": "Feature", "properties": { "objectid": 587263120, "distance_to_nearest_park": 880.17658608961938 }, "geometry": { "type": "Point", "coordinates": [ 2695152.370642142370343, 237682.308098739886191 ] } },
{ "type": "Feature", "properties": { "objectid": 587264096, "distance_to_nearest_park": 1004.6306599014006 }, "geometry": { "type": "Point", "coordinates": [ 2695627.620173754170537, 237639.050848086277256 ] } },
{ "type": "Feature", "properties": { "objectid": 587264100, "distance_to_nearest_park": 979.21759586962526 }, "geometry": { "type": "Point", "coordinates": [ 2695924.686694104224443, 237656.163444873353001 ] } },
{ "type": "Feature", "properties": { "objectid": 587264673, "distance_to_nearest_park": 1371.909136968857 }, "geometry": { "type": "Point", "coordinates": [ 2695474.921360549516976, 237194.686413409770466 ] } },
{ "type": "Feature", "properties": { "objectid": 587263442, "distance_to_nearest_park": 1371.909136968857 }, "geometry": { "type": "Point", "coordinates": [ 2695474.921360549516976, 237194.686413409770466 ] } },
{ "type": "Feature", "properties": { "objectid": 587266771, "distance_to_nearest_park": 1371.909136968857 }, "geometry": { "type": "Point", "coordinates": [ 2695474.921360549516976, 237194.686413409770466 ] } },
{ "type": "Feature", "properties": { "objectid": 587264861, "distance_to_nearest_park": 109.78348591601551 }, "geometry": { "type": "Point", "coordinates": [ 2694469.865387341938913, 239111.64979695569491 ] } },
{ "type": "Feature", "properties": { "objectid": 587268463, "distance_to_nearest_park": 171.99966026999755 }, "geometry": { "type": "Point", "coordinates": [ 2696720.224911897908896, 237470.008234563661972 ] } },
{ "type": "Feature", "properties": { "objectid": 587267279, "distance_to_nearest_park": 916.59841330728523 }, "geometry": { "type": "Point", "coordinates": [ 2694712.358654665760696, 239898.300230576976901 ] } },
{ "type": "Feature", "properties": { "objectid": 587264895, "distance_to_nearest_park": 1371.909136968857 }, "geometry": { "type": "Point", "coordinates": [ 2695474.921360549516976, 237194.686413409770466 ] } },
{ "type": "Feature", "properties": { "objectid": 587267779, "distance_to_nearest_park": 288.122027099923 }, "geometry": { "type": "Point", "coordinates": [ 2694635.892801404930651, 239273.958881737402407 ] } },
{ "type": "Feature", "properties": { "objectid": 587268270, "distance_to_nearest_park": 867.71794514964915 }, "geometry": { "type": "Point", "coordinates": [ 2696028.115259393583983, 237581.942776148876874 ] } },
{ "type": "Feature", "properties": { "objectid": 587264944, "distance_to_nearest_park": 1241.9788862628143 }, "geometry": { "type": "Point", "coordinates": [ 2694258.458277797326446, 237685.23065131608746 ] } },
{ "type": "Feature", "properties": { "objectid": 587265430, "distance_to_nearest_park": 463.91308817198626 }, "geometry": { "type": "Point", "coordinates": [ 2695730.791269308421761, 239739.795684487820836 ] } },
{ "type": "Feature", "properties": { "objectid": 587266632, "distance_to_nearest_park": 850.31579370399459 }, "geometry": { "type": "Point", "coordinates": [ 2695408.45637841289863, 237729.188522298878524 ] } },
{ "type": "Feature", "properties": { "objectid": 587266876, "distance_to_nearest_park": 991.8814155211752 }, "geometry": { "type": "Point", "coordinates": [ 2693814.894984952174127, 237566.174315943091642 ] } },
{ "type": "Feature", "properties": { "objectid": 587267351, "distance_to_nearest_park": 1195.0218227668229 }, "geometry": { "type": "Point", "coordinates": [ 2694627.506456392351538, 237485.77551766927354 ] } },
{ "type": "Feature", "properties": { "objectid": 587265460, "distance_to_nearest_park": 1003.8335573254834 }, "geometry": { "type": "Point", "coordinates": [ 2694629.070203287061304, 237700.111461543245241 ] } },
{ "type": "Feature", "properties": { "objectid": 587266659, "distance_to_nearest_park": 1574.2456449731892 }, "geometry": { "type": "Point", "coordinates": [ 2695331.586193656548858, 236765.540113788767485 ] } },
{ "type": "Feature", "properties": { "objectid": 587268113, "distance_to_nearest_park": 842.75148697128827 }, "geometry": { "type": "Point", "coordinates": [ 2696150.606077003292739, 236716.355951366043882 ] } },
{ "type": "Feature", "properties": { "objectid": 587265731, "distance_to_nearest_park": 701.40985378131575 }, "geometry": { "type": "Point", "coordinates": [ 2694084.342303118668497, 239625.134081213822355 ] } },
{ "type": "Feature", "properties": { "objectid": 587265521, "distance_to_nearest_park": 1371.909136968857 }, "geometry": { "type": "Point", "coordinates": [ 2695474.921360549516976, 237194.686413409770466 ] } },
{ "type": "Feature", "properties": { "objectid": 587265751, "distance_to_nearest_park": 1499.9800087193596 }, "geometry": { "type": "Point", "coordinates": [ 2695322.018924145027995, 237062.641472571674967 ] } },
{ "type": "Feature", "properties": { "objectid": 587267214, "distance_to_nearest_park": 880.17658608961938 }, "geometry": { "type": "Point", "coordinates": [ 2695152.370642142370343, 237682.308098739886191 ] } },
{ "type": "Feature", "properties": { "objectid": 587267921, "distance_to_nearest_park": 92.399350282854726 }, "geometry": { "type": "Point", "coordinates": [ 2694597.780178971588612, 239081.874506317952182 ] } },
{ "type": "Feature", "properties": { "objectid": 587267922, "distance_to_nearest_park": 92.399350282854726 }, "geometry": { "type": "Point", "coordinates": [ 2694597.780178971588612, 239081.874506317952182 ] } },
{ "type": "Feature", "properties": { "objectid": 587267923, "distance_to_nearest_park": 92.399350282854726 }, "geometry": { "type": "Point", "coordinates": [ 2694597.780178971588612, 239081.874506317952182 ] } },
{ "type": "Feature", "properties": { "objectid": 587266979, "distance_to_nearest_park": 105.99892621524626 }, "geometry": { "type": "Point", "coordinates": [ 2694681.892141377087682, 239073.045147002965678 ] } },
{ "type": "Feature", "properties": { "objectid": 587266980, "distance_to_nearest_park": 105.99892621524626 }, "geometry": { "type": "Point", "coordinates": [ 2694681.892141377087682, 239073.045147002965678 ] } },
{ "type": "Feature", "properties": { "objectid": 587271109, "distance_to_nearest_park": 1371.909136968857 }, "geometry": { "type": "Point", "coordinates": [ 2695474.921360549516976, 237194.686413409770466 ] } },
{ "type": "Feature", "properties": { "objectid": 587268983, "distance_to_nearest_park": 727.93045313835717 }, "geometry": { "type": "Point", "coordinates": [ 2696122.41540941176936, 237121.877115621231496 ] } },
{ "type": "Feature", "properties": { "objectid": 587271404, "distance_to_nearest_park": 1005.9840796235258 }, "geometry": { "type": "Point", "coordinates": [ 2694247.557937995530665, 239998.003773302712943 ] } },
{ "type": "Feature", "properties": { "objectid": 587271405, "distance_to_nearest_park": 1019.6644607776102 }, "geometry": { "type": "Point", "coordinates": [ 2694201.69430882204324, 240003.218532473605592 ] } },
{ "type": "Feature", "properties": { "objectid": 587271406, "distance_to_nearest_park": 1014.8607680969139 }, "geometry": { "type": "Point", "coordinates": [ 2694217.168977875262499, 240001.48574844529503 ] } },
{ "type": "Feature", "properties": { "objectid": 587271407, "distance_to_nearest_park": 1009.6384092989429 }, "geometry": { "type": "Point", "coordinates": [ 2694232.104623266030103, 239999.008287188422401 ] } },
{ "type": "Feature", "properties": { "objectid": 587268773, "distance_to_nearest_park": 171.99966026999755 }, "geometry": { "type": "Point", "coordinates": [ 2696720.224911897908896, 237470.008234563661972 ] } },
{ "type": "Feature", "properties": { "objectid": 587270941, "distance_to_nearest_park": 901.46743096225055 }, "geometry": { "type": "Point", "coordinates": [ 2694902.789349714759737, 240021.968118878401583 ] } },
{ "type": "Feature", "properties": { "objectid": 587269547, "distance_to_nearest_park": 953.35301911521663 }, "geometry": { "type": "Point", "coordinates": [ 2695641.202657111454755, 237701.769069025613135 ] } },
{ "type": "Feature", "properties": { "objectid": 587269347, "distance_to_nearest_park": 92.399350282854726 }, "geometry": { "type": "Point", "coordinates": [ 2694597.780178971588612, 239081.874506317952182 ] } },
{ "type": "Feature", "properties": { "objectid": 587269127, "distance_to_nearest_park": 462.97732958305107 }, "geometry": { "type": "Point", "coordinates": [ 2695778.056765520013869, 239734.624936504842481 ] } },
{ "type": "Feature", "properties": { "objectid": 587270095, "distance_to_nearest_park": 697.09036865313692 }, "geometry": { "type": "Point", "coordinates": [ 2694530.10399239230901, 238215.075324316741899 ] } },
{ "type": "Feature", "properties": { "objectid": 587268655, "distance_to_nearest_park": 880.17658608961938 }, "geometry": { "type": "Point", "coordinates": [ 2695152.370642142370343, 237682.308098739886191 ] } },
{ "type": "Feature", "properties": { "objectid": 587268656, "distance_to_nearest_park": 880.17658608961938 }, "geometry": { "type": "Point", "coordinates": [ 2695152.370642142370343, 237682.308098739886191 ] } },
{ "type": "Feature", "properties": { "objectid": 587260855, "distance_to_nearest_park": 1105.3507092417456 }, "geometry": { "type": "Point", "coordinates": [ 2694612.003540494013578, 237593.558973468199838 ] } },
{ "type": "Feature", "properties": { "objectid": 587258941, "distance_to_nearest_park": 347.69888023132802 }, "geometry": { "type": "Point", "coordinates": [ 2694272.111034994013608, 239323.418832108203787 ] } },
{ "type": "Feature", "properties": { "objectid": 587259429, "distance_to_nearest_park": 1371.909136968857 }, "geometry": { "type": "Point", "coordinates": [ 2695474.921360549516976, 237194.686413409770466 ] } },
{ "type": "Feature", "properties": { "objectid": 587260871, "distance_to_nearest_park": 880.17658608961938 }, "geometry": { "type": "Point", "coordinates": [ 2695152.370642142370343, 237682.308098739886191 ] } },
{ "type": "Feature", "properties": { "objectid": 587257276, "distance_to_nearest_park": 109.78348591601551 }, "geometry": { "type": "Point", "coordinates": [ 2694469.865387341938913, 239111.64979695569491 ] } },
{ "type": "Feature", "properties": { "objectid": 587258249, "distance_to_nearest_park": 1567.5396487169498 }, "geometry": { "type": "Point", "coordinates": [ 2695302.199274735990912, 236925.759137569257291 ] } },
{ "type": "Feature", "properties": { "objectid": 587258726, "distance_to_nearest_park": 171.99966026999755 }, "geometry": { "type": "Point", "coordinates": [ 2696720.224911897908896, 237470.008234563661972 ] } },
{ "type": "Feature", "properties": { "objectid": 587259436, "distance_to_nearest_park": 719.32655707463323 }, "geometry": { "type": "Point", "coordinates": [ 2696128.221941634546965, 237162.865067029895727 ] } },
{ "type": "Feature", "properties": { "objectid": 587260173, "distance_to_nearest_park": 138.67986362048424 }, "geometry": { "type": "Point", "coordinates": [ 2692854.889382377732545, 237364.582975087570958 ] } },
{ "type": "Feature", "properties": { "objectid": 587258056, "distance_to_nearest_park": 246.25268098940194 }, "geometry": { "type": "Point", "coordinates": [ 2694206.04271592060104, 238860.466103351558559 ] } },
{ "type": "Feature", "properties": { "objectid": 587259491, "distance_to_nearest_park": 627.39175775729689 }, "geometry": { "type": "Point", "coordinates": [ 2697530.900599905755371, 238874.376533024653327 ] } },
{ "type": "Feature", "properties": { "objectid": 587257333, "distance_to_nearest_park": 171.99966026999755 }, "geometry": { "type": "Point", "coordinates": [ 2696720.224911897908896, 237470.008234563661972 ] } },
{ "type": "Feature", "properties": { "objectid": 587258801, "distance_to_nearest_park": 682.98210287156701 }, "geometry": { "type": "Point", "coordinates": [ 2695524.056209604721516, 239312.06436505637248 ] } },
{ "type": "Feature", "properties": { "objectid": 587259299, "distance_to_nearest_park": 842.75148697128827 }, "geometry": { "type": "Point", "coordinates": [ 2696150.606077003292739, 236716.355951366043882 ] } },
{ "type": "Feature", "properties": { "objectid": 587260746, "distance_to_nearest_park": 69.088492275167027 }, "geometry": { "type": "Point", "coordinates": [ 2694879.099113959819078, 238803.681793414667482 ] } },
{ "type": "Feature", "properties": { "objectid": 587260751, "distance_to_nearest_park": 62.454591423437229 }, "geometry": { "type": "Point", "coordinates": [ 2694674.693467256147414, 238859.637108112918213 ] } },
{ "type": "Feature", "properties": { "objectid": 587259799, "distance_to_nearest_park": 880.17658608961938 }, "geometry": { "type": "Point", "coordinates": [ 2695152.370642142370343, 237682.308098739886191 ] } },
{ "type": "Feature", "properties": { "objectid": 587259800, "distance_to_nearest_park": 880.17658608961938 }, "geometry": { "type": "Point", "coordinates": [ 2695152.370642142370343, 237682.308098739886191 ] } },
{ "type": "Feature", "properties": { "objectid": 587259801, "distance_to_nearest_park": 880.17658608961938 }, "geometry": { "type": "Point", "coordinates": [ 2695152.370642142370343, 237682.308098739886191 ] } },
{ "type": "Feature", "properties": { "objectid": 587260330, "distance_to_nearest_park": 324.6217480036193 }, "geometry": { "type": "Point", "coordinates": [ 2694666.92741584777832, 239305.846918961877236 ] } },
{ "type": "Feature", "properties": { "objectid": 587257453, "distance_to_nearest_park": 416.72794728482893 }, "geometry": { "type": "Point", "coordinates": [ 2695457.881937454920262, 238213.886853727017296 ] } },
{ "type": "Feature", "properties": { "objectid": 587272339, "distance_to_nearest_park": 1371.909136968857 }, "geometry": { "type": "Point", "coordinates": [ 2695474.921360549516976, 237194.686413409770466 ] } },
{ "type": "Feature", "properties": { "objectid": 587258435, "distance_to_nearest_park": 1533.3073802596307 }, "geometry": { "type": "Point", "coordinates": [ 2695344.611892489250749, 236885.458725843869615 ] } },
{ "type": "Feature", "properties": { "objectid": 587277754, "distance_to_nearest_park": 636.50958535238078 }, "geometry": { "type": "Point", "coordinates": [ 2695600.003055348526686, 239170.706754192709923 ] } },
{ "type": "Feature", "properties": { "objectid": 587278475, "distance_to_nearest_park": 947.14626096524307 }, "geometry": { "type": "Point", "coordinates": [ 2695907.643172134645283, 237320.013745685457252 ] } },
{ "type": "Feature", "properties": { "objectid": 587269735, "distance_to_nearest_park": 231.47400878334204 }, "geometry": { "type": "Point", "coordinates": [ 2694694.027433707844466, 239204.234865522012115 ] } },
{ "type": "Feature", "properties": { "objectid": 587277057, "distance_to_nearest_park": 171.99966026999755 }, "geometry": { "type": "Point", "coordinates": [ 2696720.224911897908896, 237470.008234563661972 ] } },
{ "type": "Feature", "properties": { "objectid": 587279709, "distance_to_nearest_park": 1150.7799184931539 }, "geometry": { "type": "Point", "coordinates": [ 2694931.855399545282125, 237436.397479509672849 ] } },
{ "type": "Feature", "properties": { "objectid": 587279761, "distance_to_nearest_park": 701.40985378131575 }, "geometry": { "type": "Point", "coordinates": [ 2694084.342303118668497, 239625.134081213822355 ] } },
{ "type": "Feature", "properties": { "objectid": 587279819, "distance_to_nearest_park": 349.5229675804668 }, "geometry": { "type": "Point", "coordinates": [ 2694529.486943351570517, 238580.22496184107149 ] } },
{ "type": "Feature", "properties": { "objectid": 587277094, "distance_to_nearest_park": 1371.5200918044918 }, "geometry": { "type": "Point", "coordinates": [ 2695422.53222310449928, 237202.258449990738882 ] } },
{ "type": "Feature", "properties": { "objectid": 587277331, "distance_to_nearest_park": 349.5229675804668 }, "geometry": { "type": "Point", "coordinates": [ 2694529.486943351570517, 238580.22496184107149 ] } },
{ "type": "Feature", "properties": { "objectid": 587277332, "distance_to_nearest_park": 349.5229675804668 }, "geometry": { "type": "Point", "coordinates": [ 2694529.486943351570517, 238580.22496184107149 ] } },
{ "type": "Feature", "properties": { "objectid": 587278534, "distance_to_nearest_park": 171.99966026999755 }, "geometry": { "type": "Point", "coordinates": [ 2696720.224911897908896, 237470.008234563661972 ] } },
{ "type": "Feature", "properties": { "objectid": 587277847, "distance_to_nearest_park": 1268.2684967483983 }, "geometry": { "type": "Point", "coordinates": [ 2694147.401452027726918, 237589.406434138451004 ] } },
{ "type": "Feature", "properties": { "objectid": 587279226, "distance_to_nearest_park": 266.17583812040283 }, "geometry": { "type": "Point", "coordinates": [ 2694940.360591912642121, 239181.581259746133583 ] } },
{ "type": "Feature", "properties": { "objectid": 587276224, "distance_to_nearest_park": 1229.2841490715325 }, "geometry": { "type": "Point", "coordinates": [ 2695657.440419379156083, 236881.893312174419407 ] } },
{ "type": "Feature", "properties": { "objectid": 587279256, "distance_to_nearest_park": 258.70253991087981 }, "geometry": { "type": "Point", "coordinates": [ 2694890.820588087663054, 239187.780180713161826 ] } },
{ "type": "Feature", "properties": { "objectid": 587279322, "distance_to_nearest_park": 603.01105352360935 }, "geometry": { "type": "Point", "coordinates": [ 2695699.299673075322062, 238187.087257584324107 ] } },
{ "type": "Feature", "properties": { "objectid": 587276227, "distance_to_nearest_park": 906.92244986893604 }, "geometry": { "type": "Point", "coordinates": [ 2695498.09648701781407, 237694.648991540860152 ] } },
{ "type": "Feature", "properties": { "objectid": 587276709, "distance_to_nearest_park": 1574.2456449731892 }, "geometry": { "type": "Point", "coordinates": [ 2695331.586193656548858, 236765.540113788767485 ] } },
{ "type": "Feature", "properties": { "objectid": 587278857, "distance_to_nearest_park": 880.17658608961938 }, "geometry": { "type": "Point", "coordinates": [ 2695152.370642142370343, 237682.308098739886191 ] } },
{ "type": "Feature", "properties": { "objectid": 587276483, "distance_to_nearest_park": 1574.2456449731892 }, "geometry": { "type": "Point", "coordinates": [ 2695331.586193656548858, 236765.540113788767485 ] } },
{ "type": "Feature", "properties": { "objectid": 587276484, "distance_to_nearest_park": 1574.2456449731892 }, "geometry": { "type": "Point", "coordinates": [ 2695331.586193656548858, 236765.540113788767485 ] } },
{ "type": "Feature", "properties": { "objectid": 587276720, "distance_to_nearest_park": 1574.2456449731892 }, "geometry": { "type": "Point", "coordinates": [ 2695331.586193656548858, 236765.540113788767485 ] } },
{ "type": "Feature", "properties": { "objectid": 587276721, "distance_to_nearest_park": 1574.2456449731892 }, "geometry": { "type": "Point", "coordinates": [ 2695331.586193656548858, 236765.540113788767485 ] } },
{ "type": "Feature", "properties": { "objectid": 587277208, "distance_to_nearest_park": 620.05407960960247 }, "geometry": { "type": "Point", "coordinates": [ 2696495.918803845532238, 238182.8125580122869 ] } },
{ "type": "Feature", "properties": { "objectid": 587279560, "distance_to_nearest_park": 764.03208488464691 }, "geometry": { "type": "Point", "coordinates": [ 2695171.676917037460953, 239746.693932774302084 ] } },
{ "type": "Feature", "properties": { "objectid": 587279561, "distance_to_nearest_park": 726.04600814178377 }, "geometry": { "type": "Point", "coordinates": [ 2695245.19934755936265, 239716.418090057268273 ] } },
{ "type": "Feature", "properties": { "objectid": 587279562, "distance_to_nearest_park": 671.64869334156367 }, "geometry": { "type": "Point", "coordinates": [ 2695246.942568500526249, 239800.290310050797416 ] } },
{ "type": "Feature", "properties": { "objectid": 587281140, "distance_to_nearest_park": 880.17658608961938 }, "geometry": { "type": "Point", "coordinates": [ 2695152.370642142370343, 237682.308098739886191 ] } },
{ "type": "Feature", "properties": { "objectid": 587281369, "distance_to_nearest_park": 1711.0653137238687 }, "geometry": { "type": "Point", "coordinates": [ 2695184.23505436303094, 236788.181342460738961 ] } },
{ "type": "Feature", "properties": { "objectid": 587280908, "distance_to_nearest_park": 445.0180864107964 }, "geometry": { "type": "Point", "coordinates": [ 2694384.783772017806768, 239449.904132227238733 ] } },
{ "type": "Feature", "properties": { "objectid": 587283781, "distance_to_nearest_park": 1105.3507092417456 }, "geometry": { "type": "Point", "coordinates": [ 2694612.003540494013578, 237593.558973468199838 ] } },
{ "type": "Feature", "properties": { "objectid": 587283782, "distance_to_nearest_park": 1105.3507092417456 }, "geometry": { "type": "Point", "coordinates": [ 2694612.003540494013578, 237593.558973468199838 ] } },
{ "type": "Feature", "properties": { "objectid": 587283783, "distance_to_nearest_park": 1105.3507092417456 }, "geometry": { "type": "Point", "coordinates": [ 2694612.003540494013578, 237593.558973468199838 ] } },
{ "type": "Feature", "properties": { "objectid": 587280734, "distance_to_nearest_park": 474.91164320853647 }, "geometry": { "type": "Point", "coordinates": [ 2695635.419757397379726, 239750.112749975844054 ] } },
{ "type": "Feature", "properties": { "objectid": 587282158, "distance_to_nearest_park": 941.91990239628899 }, "geometry": { "type": "Point", "coordinates": [ 2696090.418067984748632, 238171.979884128406411 ] } },
{ "type": "Feature", "properties": { "objectid": 587280535, "distance_to_nearest_park": 880.17658608961938 }, "geometry": { "type": "Point", "coordinates": [ 2695152.370642142370343, 237682.308098739886191 ] } },
{ "type": "Feature", "properties": { "objectid": 587280536, "distance_to_nearest_park": 880.17658608961938 }, "geometry": { "type": "Point", "coordinates": [ 2695152.370642142370343, 237682.308098739886191 ] } },
{ "type": "Feature", "properties": { "objectid": 587281488, "distance_to_nearest_park": 880.17658608961938 }, "geometry": { "type": "Point", "coordinates": [ 2695152.370642142370343, 237682.308098739886191 ] } },
{ "type": "Feature", "properties": { "objectid": 587280297, "distance_to_nearest_park": 383.8171217724057 }, "geometry": { "type": "Point", "coordinates": [ 2694784.872773148585111, 238402.219795015495038 ] } },
{ "type": "Feature", "properties": { "objectid": 587281979, "distance_to_nearest_park": 880.17658608961938 }, "geometry": { "type": "Point", "coordinates": [ 2695152.370642142370343, 237682.308098739886191 ] } },
{ "type": "Feature", "properties": { "objectid": 587280800, "distance_to_nearest_park": 109.78348591601551 }, "geometry": { "type": "Point", "coordinates": [ 2694469.865387341938913, 239111.64979695569491 ] } },
{ "type": "Feature", "properties": { "objectid": 587259864, "distance_to_nearest_park": 1371.909136968857 }, "geometry": { "type": "Point", "coordinates": [ 2695474.921360549516976, 237194.686413409770466 ] } },
{ "type": "Feature", "properties": { "objectid": 587283687, "distance_to_nearest_park": 495.21204959958197 }, "geometry": { "type": "Point", "coordinates": [ 2695425.180325216148049, 239861.649480407417286 ] } },
{ "type": "Feature", "properties": { "objectid": 587283689, "distance_to_nearest_park": 1711.0653137238687 }, "geometry": { "type": "Point", "coordinates": [ 2695184.23505436303094, 236788.181342460738961 ] } },
{ "type": "Feature", "properties": { "objectid": 587284428, "distance_to_nearest_park": 636.40171564153695 }, "geometry": { "type": "Point", "coordinates": [ 2694207.677234429866076, 239607.977927690983051 ] } },
{ "type": "Feature", "properties": { "objectid": 587287305, "distance_to_nearest_park": 377.10869061743421 }, "geometry": { "type": "Point", "coordinates": [ 2695164.340305074118078, 239194.353125220135553 ] } },
{ "type": "Feature", "properties": { "objectid": 587285635, "distance_to_nearest_park": 1031.2813554248999 }, "geometry": { "type": "Point", "coordinates": [ 2694738.519455844070762, 240010.22192843715311 ] } },
{ "type": "Feature", "properties": { "objectid": 587287306, "distance_to_nearest_park": 377.10869061743421 }, "geometry": { "type": "Point", "coordinates": [ 2695164.340305074118078, 239194.353125220135553 ] } },
{ "type": "Feature", "properties": { "objectid": 587284727, "distance_to_nearest_park": 171.99966026999755 }, "geometry": { "type": "Point", "coordinates": [ 2696720.224911897908896, 237470.008234563661972 ] } },
{ "type": "Feature", "properties": { "objectid": 587285214, "distance_to_nearest_park": 880.17658608961938 }, "geometry": { "type": "Point", "coordinates": [ 2695152.370642142370343, 237682.308098739886191 ] } },
{ "type": "Feature", "properties": { "objectid": 587285452, "distance_to_nearest_park": 429.07353864029432 }, "geometry": { "type": "Point", "coordinates": [ 2696119.527981093619019, 239852.537790881528053 ] } },
{ "type": "Feature", "properties": { "objectid": 587285494, "distance_to_nearest_park": 440.53721725426186 }, "geometry": { "type": "Point", "coordinates": [ 2696135.29381461860612, 239850.450320955045754 ] } },
{ "type": "Feature", "properties": { "objectid": 587287160, "distance_to_nearest_park": 1042.9488125412438 }, "geometry": { "type": "Point", "coordinates": [ 2695803.986384956166148, 237182.488953976804623 ] } },
{ "type": "Feature", "properties": { "objectid": 587285495, "distance_to_nearest_park": 417.10573548423866 }, "geometry": { "type": "Point", "coordinates": [ 2696102.361179096158594, 239854.584075515478617 ] } },
{ "type": "Feature", "properties": { "objectid": 587285496, "distance_to_nearest_park": 405.52195232502021 }, "geometry": { "type": "Point", "coordinates": [ 2696085.194380273576826, 239856.630372048937716 ] } },
{ "type": "Feature", "properties": { "objectid": 587283840, "distance_to_nearest_park": 1105.3507092417456 }, "geometry": { "type": "Point", "coordinates": [ 2694612.003540494013578, 237593.558973468199838 ] } },
{ "type": "Feature", "properties": { "objectid": 587286256, "distance_to_nearest_park": 532.52848537734417 }, "geometry": { "type": "Point", "coordinates": [ 2695656.151024217251688, 239684.029553927073721 ] } },
{ "type": "Feature", "properties": { "objectid": 587272608, "distance_to_nearest_park": 591.87101405105705 }, "geometry": { "type": "Point", "coordinates": [ 2694538.003108327277005, 238337.758538252470316 ] } },
{ "type": "Feature", "properties": { "objectid": 587287222, "distance_to_nearest_park": 685.38903603344647 }, "geometry": { "type": "Point", "coordinates": [ 2695249.57971425075084, 239500.434284747636411 ] } },
{ "type": "Feature", "properties": { "objectid": 587285097, "distance_to_nearest_park": 295.5453621995299 }, "geometry": { "type": "Point", "coordinates": [ 2695874.260383454151452, 239896.348319404787617 ] } },
{ "type": "Feature", "properties": { "objectid": 587285349, "distance_to_nearest_park": 1091.7664102916667 }, "geometry": { "type": "Point", "coordinates": [ 2694283.478318039793521, 237864.903863633837318 ] } },
{ "type": "Feature", "properties": { "objectid": 587283921, "distance_to_nearest_park": 1105.3507092417456 }, "geometry": { "type": "Point", "coordinates": [ 2694612.003540494013578, 237593.558973468199838 ] } },
{ "type": "Feature", "properties": { "objectid": 587283922, "distance_to_nearest_park": 1105.3507092417456 }, "geometry": { "type": "Point", "coordinates": [ 2694612.003540494013578, 237593.558973468199838 ] } },
{ "type": "Feature", "properties": { "objectid": 587283923, "distance_to_nearest_park": 1105.3507092417456 }, "geometry": { "type": "Point", "coordinates": [ 2694612.003540494013578, 237593.558973468199838 ] } },
{ "type": "Feature", "properties": { "objectid": 587286082, "distance_to_nearest_park": 1363.2942040413488 }, "geometry": { "type": "Point", "coordinates": [ 2695392.118260284885764, 237206.467231789138168 ] } },
{ "type": "Feature", "properties": { "objectid": 587273953, "distance_to_nearest_park": 105.99892621524626 }, "geometry": { "type": "Point", "coordinates": [ 2694681.892141377087682, 239073.045147002965678 ] } },
{ "type": "Feature", "properties": { "objectid": 587273981, "distance_to_nearest_park": 452.02357576806992 }, "geometry": { "type": "Point", "coordinates": [ 2696152.417791827116162, 239849.860558122891234 ] } },
{ "type": "Feature", "properties": { "objectid": 587274706, "distance_to_nearest_park": 1593.7972998852322 }, "geometry": { "type": "Point", "coordinates": [ 2695310.149746966082603, 236769.648243495641509 ] } },
{ "type": "Feature", "properties": { "objectid": 587275181, "distance_to_nearest_park": 171.99966026999755 }, "geometry": { "type": "Point", "coordinates": [ 2696720.224911897908896, 237470.008234563661972 ] } },
{ "type": "Feature", "properties": { "objectid": 587275659, "distance_to_nearest_park": 1092.9352720438114 }, "geometry": { "type": "Point", "coordinates": [ 2694505.907907339278609, 237672.809327772265533 ] } },
{ "type": "Feature", "properties": { "objectid": 587274721, "distance_to_nearest_park": 349.5229675804668 }, "geometry": { "type": "Point", "coordinates": [ 2694529.486943351570517, 238580.22496184107149 ] } },
{ "type": "Feature", "properties": { "objectid": 587273066, "distance_to_nearest_park": 880.17658608961938 }, "geometry": { "type": "Point", "coordinates": [ 2695152.370642142370343, 237682.308098739886191 ] } },
{ "type": "Feature", "properties": { "objectid": 587273541, "distance_to_nearest_park": 1371.909136968857 }, "geometry": { "type": "Point", "coordinates": [ 2695474.921360549516976, 237194.686413409770466 ] } },
{ "type": "Feature", "properties": { "objectid": 587275941, "distance_to_nearest_park": 344.4600775214841 }, "geometry": { "type": "Point", "coordinates": [ 2696502.625284214504063, 237182.622908676188672 ] } },
{ "type": "Feature", "properties": { "objectid": 587275942, "distance_to_nearest_park": 481.84759071732975 }, "geometry": { "type": "Point", "coordinates": [ 2696377.670289931353182, 237082.7352631863032 ] } },
{ "type": "Feature", "properties": { "objectid": 587276173, "distance_to_nearest_park": 842.75148697128827 }, "geometry": { "type": "Point", "coordinates": [ 2696150.606077003292739, 236716.355951366043882 ] } },
{ "type": "Feature", "properties": { "objectid": 587275720, "distance_to_nearest_park": 1087.5461826780261 }, "geometry": { "type": "Point", "coordinates": [ 2693924.810729755554348, 237586.160327786317794 ] } },
{ "type": "Feature", "properties": { "objectid": 587273835, "distance_to_nearest_park": 880.17658608961938 }, "geometry": { "type": "Point", "coordinates": [ 2695152.370642142370343, 237682.308098739886191 ] } },
{ "type": "Feature", "properties": { "objectid": 587275036, "distance_to_nearest_park": 1574.2456449731892 }, "geometry": { "type": "Point", "coordinates": [ 2695331.586193656548858, 236765.540113788767485 ] } },
{ "type": "Feature", "properties": { "objectid": 587282474, "distance_to_nearest_park": 880.17658608961938 }, "geometry": { "type": "Point", "coordinates": [ 2695152.370642142370343, 237682.308098739886191 ] } },
{ "type": "Feature", "properties": { "objectid": 587282952, "distance_to_nearest_park": 92.399350282854726 }, "geometry": { "type": "Point", "coordinates": [ 2694597.780178971588612, 239081.874506317952182 ] } },
{ "type": "Feature", "properties": { "objectid": 587275054, "distance_to_nearest_park": 1574.2456449731892 }, "geometry": { "type": "Point", "coordinates": [ 2695331.586193656548858, 236765.540113788767485 ] } },
{ "type": "Feature", "properties": { "objectid": 587275055, "distance_to_nearest_park": 1574.2456449731892 }, "geometry": { "type": "Point", "coordinates": [ 2695331.586193656548858, 236765.540113788767485 ] } },
{ "type": "Feature", "properties": { "objectid": 587275056, "distance_to_nearest_park": 1574.2456449731892 }, "geometry": { "type": "Point", "coordinates": [ 2695331.586193656548858, 236765.540113788767485 ] } },
{ "type": "Feature", "properties": { "objectid": 587275057, "distance_to_nearest_park": 1574.2456449731892 }, "geometry": { "type": "Point", "coordinates": [ 2695331.586193656548858, 236765.540113788767485 ] } },
{ "type": "Feature", "properties": { "objectid": 587272427, "distance_to_nearest_park": 795.82254133427773 }, "geometry": { "type": "Point", "coordinates": [ 2695046.360275262501091, 239907.740558425692143 ] } },
{ "type": "Feature", "properties": { "objectid": 587274047, "distance_to_nearest_park": 560.1047294482745 }, "geometry": { "type": "Point", "coordinates": [ 2695413.772029038518667, 239782.231008562928764 ] } },
{ "type": "Feature", "properties": { "objectid": 587275330, "distance_to_nearest_park": 1097.8429902023913 }, "geometry": { "type": "Point", "coordinates": [ 2694852.915757145732641, 237507.697032321040751 ] } },
{ "type": "Feature", "properties": { "objectid": 587275117, "distance_to_nearest_park": 842.75148697128827 }, "geometry": { "type": "Point", "coordinates": [ 2696150.606077003292739, 236716.355951366043882 ] } },
{ "type": "Feature", "properties": { "objectid": 587275618, "distance_to_nearest_park": 991.8814155211752 }, "geometry": { "type": "Point", "coordinates": [ 2693814.894984952174127, 237566.174315943091642 ] } },
{ "type": "Feature", "properties": { "objectid": 587288170, "distance_to_nearest_park": 880.17658608961938 }, "geometry": { "type": "Point", "coordinates": [ 2695152.370642142370343, 237682.308098739886191 ] } },
{ "type": "Feature", "properties": { "objectid": 587288892, "distance_to_nearest_park": 243.5372073095208 }, "geometry": { "type": "Point", "coordinates": [ 2694620.880608020815998, 239231.243439113663044 ] } },
{ "type": "Feature", "properties": { "objectid": 587288922, "distance_to_nearest_park": 1371.909136968857 }, "geometry": { "type": "Point", "coordinates": [ 2695474.921360549516976, 237194.686413409770466 ] } },
{ "type": "Feature", "properties": { "objectid": 587289188, "distance_to_nearest_park": 1105.3507092417456 }, "geometry": { "type": "Point", "coordinates": [ 2694612.003540494013578, 237593.558973468199838 ] } },
{ "type": "Feature", "properties": { "objectid": 587287792, "distance_to_nearest_park": 782.48022854721796 }, "geometry": { "type": "Point", "coordinates": [ 2696100.309957337100059, 236957.958280226856004 ] } },
{ "type": "Feature", "properties": { "objectid": 587289240, "distance_to_nearest_park": 842.75148697128827 }, "geometry": { "type": "Point", "coordinates": [ 2696150.606077003292739, 236716.355951366043882 ] } },
{ "type": "Feature", "properties": { "objectid": 587288088, "distance_to_nearest_park": 1175.7628916223712 }, "geometry": { "type": "Point", "coordinates": [ 2695237.703009299002588, 237383.787204888998531 ] } },
{ "type": "Feature", "properties": { "objectid": 587288335, "distance_to_nearest_park": 430.70807786778687 }, "geometry": { "type": "Point", "coordinates": [ 2694789.36473099142313, 238306.504183532233583 ] } },
{ "type": "Feature", "properties": { "objectid": 587288109, "distance_to_nearest_park": 1284.5371277432364 }, "geometry": { "type": "Point", "coordinates": [ 2695631.970511421561241, 236775.093104119092459 ] } },
{ "type": "Feature", "properties": { "objectid": 587287846, "distance_to_nearest_park": 541.11278170685853 }, "geometry": { "type": "Point", "coordinates": [ 2695310.922883578576148, 239942.114180513046449 ] } },
{ "type": "Feature", "properties": { "objectid": 587288358, "distance_to_nearest_park": 495.04559146328972 }, "geometry": { "type": "Point", "coordinates": [ 2695264.162766882218421, 239271.265885393775534 ] } },
{ "type": "Feature", "properties": { "objectid": 587288359, "distance_to_nearest_park": 495.04559146328972 }, "geometry": { "type": "Point", "coordinates": [ 2695264.162766882218421, 239271.265885393775534 ] } },
{ "type": "Feature", "properties": { "objectid": 587294444, "distance_to_nearest_park": 359.732862296701 }, "geometry": { "type": "Point", "coordinates": [ 2692971.972475204616785, 237580.477794902661117 ] } },
{ "type": "Feature", "properties": { "objectid": 587294924, "distance_to_nearest_park": 377.10869061743421 }, "geometry": { "type": "Point", "coordinates": [ 2695164.340305074118078, 239194.353125220135553 ] } },
{ "type": "Feature", "properties": { "objectid": 587294925, "distance_to_nearest_park": 377.10869061743421 }, "geometry": { "type": "Point", "coordinates": [ 2695164.340305074118078, 239194.353125220135553 ] } },
{ "type": "Feature", "properties": { "objectid": 587294471, "distance_to_nearest_park": 430.70807786778687 }, "geometry": { "type": "Point", "coordinates": [ 2694789.36473099142313, 238306.504183532233583 ] } },
{ "type": "Feature", "properties": { "objectid": 587293779, "distance_to_nearest_park": 109.78348591601551 }, "geometry": { "type": "Point", "coordinates": [ 2694469.865387341938913, 239111.64979695569491 ] } },
{ "type": "Feature", "properties": { "objectid": 587294244, "distance_to_nearest_park": 467.08059729973809 }, "geometry": { "type": "Point", "coordinates": [ 2696038.362153123598546, 239761.227947380160913 ] } },
{ "type": "Feature", "properties": { "objectid": 587296674, "distance_to_nearest_park": 459.30440003223117 }, "geometry": { "type": "Point", "coordinates": [ 2695414.45118932845071, 239930.942194593080785 ] } },
{ "type": "Feature", "properties": { "objectid": 587295006, "distance_to_nearest_park": 880.17658608961938 }, "geometry": { "type": "Point", "coordinates": [ 2695152.370642142370343, 237682.308098739886191 ] } },
{ "type": "Feature", "properties": { "objectid": 587296272, "distance_to_nearest_park": 377.73042049036616 }, "geometry": { "type": "Point", "coordinates": [ 2695498.697201247792691, 239955.648041812470183 ] } },
{ "type": "Feature", "properties": { "objectid": 587293659, "distance_to_nearest_park": 823.39264468297097 }, "geometry": { "type": "Point", "coordinates": [ 2694989.436927013564855, 239993.534617962926859 ] } },
{ "type": "Feature", "properties": { "objectid": 587295815, "distance_to_nearest_park": 880.17658608961938 }, "geometry": { "type": "Point", "coordinates": [ 2695152.370642142370343, 237682.308098739886191 ] } },
{ "type": "Feature", "properties": { "objectid": 587296791, "distance_to_nearest_park": 880.17658608961938 }, "geometry": { "type": "Point", "coordinates": [ 2695152.370642142370343, 237682.308098739886191 ] } },
{ "type": "Feature", "properties": { "objectid": 587296577, "distance_to_nearest_park": 224.64548826120176 }, "geometry": { "type": "Point", "coordinates": [ 2693053.747064234223217, 237124.773126545245759 ] } },
{ "type": "Feature", "properties": { "objectid": 587296579, "distance_to_nearest_park": 225.0936527986498 }, "geometry": { "type": "Point", "coordinates": [ 2693054.296853591687977, 237125.153661677119089 ] } },
{ "type": "Feature", "properties": { "objectid": 587292311, "distance_to_nearest_park": 193.07466653712436 }, "geometry": { "type": "Point", "coordinates": [ 2694956.596047047991306, 238485.250400030578021 ] } },
{ "type": "Feature", "properties": { "objectid": 587292312, "distance_to_nearest_park": 149.60205702507386 }, "geometry": { "type": "Point", "coordinates": [ 2694970.856037758290768, 238582.245383687724825 ] } },
{ "type": "Feature", "properties": { "objectid": 587292313, "distance_to_nearest_park": 156.45166462159381 }, "geometry": { "type": "Point", "coordinates": [ 2694968.567060943227261, 238564.685110128775705 ] } },
{ "type": "Feature", "properties": { "objectid": 587292314, "distance_to_nearest_park": 164.43748826299674 }, "geometry": { "type": "Point", "coordinates": [ 2694964.834275789093226, 238548.540206788835349 ] } },
{ "type": "Feature", "properties": { "objectid": 587292315, "distance_to_nearest_park": 170.93657176355154 }, "geometry": { "type": "Point", "coordinates": [ 2694962.772051010746509, 238532.808786137320567 ] } },
{ "type": "Feature", "properties": { "objectid": 587292316, "distance_to_nearest_park": 177.7163556724208 }, "geometry": { "type": "Point", "coordinates": [ 2694960.429613600019366, 238517.069139537808951 ] } },
{ "type": "Feature", "properties": { "objectid": 587292317, "distance_to_nearest_park": 184.93013554949951 }, "geometry": { "type": "Point", "coordinates": [ 2694958.367382237222046, 238501.337719271949027 ] } },
{ "type": "Feature", "properties": { "objectid": 587292556, "distance_to_nearest_park": 880.17658608961938 }, "geometry": { "type": "Point", "coordinates": [ 2695152.370642142370343, 237682.308098739886191 ] } },
{ "type": "Feature", "properties": { "objectid": 587289686, "distance_to_nearest_park": 1340.2646860015902 }, "geometry": { "type": "Point", "coordinates": [ 2695252.904646213166416, 237219.50714581750799 ] } },
{ "type": "Feature", "properties": { "objectid": 587289699, "distance_to_nearest_park": 880.17658608961938 }, "geometry": { "type": "Point", "coordinates": [ 2695152.370642142370343, 237682.308098739886191 ] } },
{ "type": "Feature", "properties": { "objectid": 587289729, "distance_to_nearest_park": 1089.3849713785617 }, "geometry": { "type": "Point", "coordinates": [ 2696577.433620447292924, 238767.585476181615377 ] } },
{ "type": "Feature", "properties": { "objectid": 587289987, "distance_to_nearest_park": 1371.909136968857 }, "geometry": { "type": "Point", "coordinates": [ 2695474.921360549516976, 237194.686413409770466 ] } },
{ "type": "Feature", "properties": { "objectid": 587290988, "distance_to_nearest_park": 1129.6944601094951 }, "geometry": { "type": "Point", "coordinates": [ 2693280.855921554379165, 239003.907605796091957 ] } },
{ "type": "Feature", "properties": { "objectid": 587292441, "distance_to_nearest_park": 880.17658608961938 }, "geometry": { "type": "Point", "coordinates": [ 2695152.370642142370343, 237682.308098739886191 ] } },
{ "type": "Feature", "properties": { "objectid": 587290786, "distance_to_nearest_park": 483.609708553622 }, "geometry": { "type": "Point", "coordinates": [ 2695238.266650049481541, 239274.514154792675981 ] } },
{ "type": "Feature", "properties": { "objectid": 587289588, "distance_to_nearest_park": 1488.8412377388136 }, "geometry": { "type": "Point", "coordinates": [ 2695364.256011977326125, 237056.957666123547824 ] } },
{ "type": "Feature", "properties": { "objectid": 587291066, "distance_to_nearest_park": 1128.1373466480909 }, "geometry": { "type": "Point", "coordinates": [ 2695093.887653533834964, 237438.967774884164101 ] } },
{ "type": "Feature", "properties": { "objectid": 587291068, "distance_to_nearest_park": 1032.7446056472488 }, "geometry": { "type": "Point", "coordinates": [ 2695149.284681567922235, 237529.517499573354144 ] } },
{ "type": "Feature", "properties": { "objectid": 587291336, "distance_to_nearest_park": 880.17658608961938 }, "geometry": { "type": "Point", "coordinates": [ 2695152.370642142370343, 237682.308098739886191 ] } },
{ "type": "Feature", "properties": { "objectid": 587297707, "distance_to_nearest_park": 888.91428803664337 }, "geometry": { "type": "Point", "coordinates": [ 2696310.422632085625082, 238377.433547185297357 ] } },
{ "type": "Feature", "properties": { "objectid": 587297487, "distance_to_nearest_park": 936.92726443717299 }, "geometry": { "type": "Point", "coordinates": [ 2693982.829216661397368, 237176.045549236150691 ] } },
{ "type": "Feature", "properties": { "objectid": 587297517, "distance_to_nearest_park": 482.59099922284508 }, "geometry": { "type": "Point", "coordinates": [ 2696035.524402561597526, 239743.286973021284211 ] } },
{ "type": "Feature", "properties": { "objectid": 587298236, "distance_to_nearest_park": 528.72515960901649 }, "geometry": { "type": "Point", "coordinates": [ 2695376.233998179901391, 239866.77151736972155 ] } },
{ "type": "Feature", "properties": { "objectid": 587297276, "distance_to_nearest_park": 92.399350282854726 }, "geometry": { "type": "Point", "coordinates": [ 2694597.780178971588612, 239081.874506317952182 ] } },
{ "type": "Feature", "properties": { "objectid": 587297348, "distance_to_nearest_park": 922.61729658722174 }, "geometry": { "type": "Point", "coordinates": [ 2695307.849199075251818, 237640.590260955505073 ] } },
{ "type": "Feature", "properties": { "objectid": 587298778, "distance_to_nearest_park": 1156.5326725089644 }, "geometry": { "type": "Point", "coordinates": [ 2693280.552403075154871, 239244.063590284553356 ] } },
{ "type": "Feature", "properties": { "objectid": 587297667, "distance_to_nearest_park": 507.25331432125984 }, "geometry": { "type": "Point", "coordinates": [ 2695290.069586099591106, 239267.65351799732889 ] } },
{ "type": "Feature", "properties": { "objectid": 587301860, "distance_to_nearest_park": 109.78348591601551 }, "geometry": { "type": "Point", "coordinates": [ 2694469.865387341938913, 239111.64979695569491 ] } },
{ "type": "Feature", "properties": { "objectid": 587302341, "distance_to_nearest_park": 948.1952260558063 }, "geometry": { "type": "Point", "coordinates": [ 2694557.859949123114347, 237813.913616581499809 ] } },
{ "type": "Feature", "properties": { "objectid": 587303154, "distance_to_nearest_park": 318.40821877862641 }, "geometry": { "type": "Point", "coordinates": [ 2694997.3819635133259, 238280.539709584903903 ] } },
{ "type": "Feature", "properties": { "objectid": 587301273, "distance_to_nearest_park": 1502.1342517908211 }, "geometry": { "type": "Point", "coordinates": [ 2695228.778545799665153, 237057.352107904211152 ] } },
{ "type": "Feature", "properties": { "objectid": 587304212, "distance_to_nearest_park": 842.75148697128827 }, "geometry": { "type": "Point", "coordinates": [ 2696150.606077003292739, 236716.355951366043882 ] } },
{ "type": "Feature", "properties": { "objectid": 587302733, "distance_to_nearest_park": 823.29329928705204 }, "geometry": { "type": "Point", "coordinates": [ 2695044.308569280896336, 239843.903466222109273 ] } },
{ "type": "Feature", "properties": { "objectid": 587304289, "distance_to_nearest_park": 880.17658608961938 }, "geometry": { "type": "Point", "coordinates": [ 2695152.370642142370343, 237682.308098739886191 ] } },
{ "type": "Feature", "properties": { "objectid": 587304300, "distance_to_nearest_park": 880.17658608961938 }, "geometry": { "type": "Point", "coordinates": [ 2695152.370642142370343, 237682.308098739886191 ] } },
{ "type": "Feature", "properties": { "objectid": 587302019, "distance_to_nearest_park": 539.07997851449613 }, "geometry": { "type": "Point", "coordinates": [ 2695714.354118032380939, 238333.305408160667866 ] } },
{ "type": "Feature", "properties": { "objectid": 587302748, "distance_to_nearest_park": 801.03995642686687 }, "geometry": { "type": "Point", "coordinates": [ 2696094.492605576757342, 236917.334460335026961 ] } },
{ "type": "Feature", "properties": { "objectid": 587304313, "distance_to_nearest_park": 224.78615725708661 }, "geometry": { "type": "Point", "coordinates": [ 2695105.411333228461444, 239052.313611535093514 ] } },
{ "type": "Feature", "properties": { "objectid": 587304339, "distance_to_nearest_park": 171.99966026999755 }, "geometry": { "type": "Point", "coordinates": [ 2696720.224911897908896, 237470.008234563661972 ] } },
{ "type": "Feature", "properties": { "objectid": 587301562, "distance_to_nearest_park": 880.17658608961938 }, "geometry": { "type": "Point", "coordinates": [ 2695152.370642142370343, 237682.308098739886191 ] } },
{ "type": "Feature", "properties": { "objectid": 587302751, "distance_to_nearest_park": 421.43254187460292 }, "geometry": { "type": "Point", "coordinates": [ 2694733.665428232867271, 238426.956524788751267 ] } },
{ "type": "Feature", "properties": { "objectid": 587307818, "distance_to_nearest_park": 880.17658608961938 }, "geometry": { "type": "Point", "coordinates": [ 2695152.370642142370343, 237682.308098739886191 ] } },
{ "type": "Feature", "properties": { "objectid": 587307645, "distance_to_nearest_park": 723.48526859893082 }, "geometry": { "type": "Point", "coordinates": [ 2696125.1785659189336, 237142.366971488838317 ] } },
{ "type": "Feature", "properties": { "objectid": 587307888, "distance_to_nearest_park": 701.40985378131575 }, "geometry": { "type": "Point", "coordinates": [ 2694084.342303118668497, 239625.134081213822355 ] } },
{ "type": "Feature", "properties": { "objectid": 587305763, "distance_to_nearest_park": 1184.4999323741768 }, "geometry": { "type": "Point", "coordinates": [ 2694667.231329353060573, 237479.652395003911806 ] } },
{ "type": "Feature", "properties": { "objectid": 587306965, "distance_to_nearest_park": 601.47801304339896 }, "geometry": { "type": "Point", "coordinates": [ 2696519.574550169054419, 238179.499654542654753 ] } },
{ "type": "Feature", "properties": { "objectid": 587274364, "distance_to_nearest_park": 747.63702855648353 }, "geometry": { "type": "Point", "coordinates": [ 2694481.932022997643799, 238184.142492186307209 ] } },
{ "type": "Feature", "properties": { "objectid": 587306753, "distance_to_nearest_park": 413.54966259946895 }, "geometry": { "type": "Point", "coordinates": [ 2695494.933726214803755, 238900.121202803216875 ] } },
{ "type": "Feature", "properties": { "objectid": 587305077, "distance_to_nearest_park": 429.29796447467947 }, "geometry": { "type": "Point", "coordinates": [ 2694702.128025256097317, 239406.007347380393185 ] } },
{ "type": "Feature", "properties": { "objectid": 587305078, "distance_to_nearest_park": 430.55277706493911 }, "geometry": { "type": "Point", "coordinates": [ 2694718.174194089602679, 239403.927197787241312 ] } },
{ "type": "Feature", "properties": { "objectid": 587305079, "distance_to_nearest_park": 474.64119756463373 }, "geometry": { "type": "Point", "coordinates": [ 2694723.896789332851768, 239447.827825416607084 ] } },
{ "type": "Feature", "properties": { "objectid": 587305080, "distance_to_nearest_park": 434.50353558309723 }, "geometry": { "type": "Point", "coordinates": [ 2694734.156245651189238, 239404.031810661661439 ] } },
{ "type": "Feature", "properties": { "objectid": 587308222, "distance_to_nearest_park": 933.80981304548243 }, "geometry": { "type": "Point", "coordinates": [ 2695953.319019815884531, 237531.27349960830179 ] } },
{ "type": "Feature", "properties": { "objectid": 587306552, "distance_to_nearest_park": 597.2155761014053 }, "geometry": { "type": "Point", "coordinates": [ 2694663.275082764681429, 238197.480937726330012 ] } },
{ "type": "Feature", "properties": { "objectid": 587310397, "distance_to_nearest_park": 430.70807786778687 }, "geometry": { "type": "Point", "coordinates": [ 2694789.36473099142313, 238306.504183532233583 ] } },
{ "type": "Feature", "properties": { "objectid": 587310644, "distance_to_nearest_park": 507.25331432125984 }, "geometry": { "type": "Point", "coordinates": [ 2695290.069586099591106, 239267.65351799732889 ] } },
{ "type": "Feature", "properties": { "objectid": 587310884, "distance_to_nearest_park": 1254.399172077796 }, "geometry": { "type": "Point", "coordinates": [ 2695648.869424213189632, 236820.41566873548436 ] } },
{ "type": "Feature", "properties": { "objectid": 587311394, "distance_to_nearest_park": 805.67355480796562 }, "geometry": { "type": "Point", "coordinates": [ 2695047.47440767288208, 239879.347018666856457 ] } },
{ "type": "Feature", "properties": { "objectid": 587312353, "distance_to_nearest_park": 842.75148697128827 }, "geometry": { "type": "Point", "coordinates": [ 2696150.606077003292739, 236716.355951366043882 ] } },
{ "type": "Feature", "properties": { "objectid": 587309516, "distance_to_nearest_park": 981.38100181955519 }, "geometry": { "type": "Point", "coordinates": [ 2694805.114323638379574, 239948.399737346277107 ] } },
{ "type": "Feature", "properties": { "objectid": 587309517, "distance_to_nearest_park": 1201.0113813273463 }, "geometry": { "type": "Point", "coordinates": [ 2694607.794822495430708, 237488.477088609448401 ] } },
{ "type": "Feature", "properties": { "objectid": 587291354, "distance_to_nearest_park": 379.99149744727265 }, "geometry": { "type": "Point", "coordinates": [ 2695169.37324370443821, 239194.865362798038404 ] } },
{ "type": "Feature", "properties": { "objectid": 587309298, "distance_to_nearest_park": 855.52221937540946 }, "geometry": { "type": "Point", "coordinates": [ 2694866.944736164063215, 237755.927315514039947 ] } },
{ "type": "Feature", "properties": { "objectid": 587311470, "distance_to_nearest_park": 92.399350282854726 }, "geometry": { "type": "Point", "coordinates": [ 2694597.780178971588612, 239081.874506317952182 ] } },
{ "type": "Feature", "properties": { "objectid": 587311481, "distance_to_nearest_park": 439.88329577292734 }, "geometry": { "type": "Point", "coordinates": [ 2694765.117110548075289, 239400.202793038275559 ] } },
{ "type": "Feature", "properties": { "objectid": 587310778, "distance_to_nearest_park": 778.80092349140705 }, "geometry": { "type": "Point", "coordinates": [ 2695880.058195551857352, 239412.907542878238019 ] } },
{ "type": "Feature", "properties": { "objectid": 587309595, "distance_to_nearest_park": 1371.909136968857 }, "geometry": { "type": "Point", "coordinates": [ 2695474.921360549516976, 237194.686413409770466 ] } },
{ "type": "Feature", "properties": { "objectid": 587311758, "distance_to_nearest_park": 1167.4968996860512 }, "geometry": { "type": "Point", "coordinates": [ 2695679.521314713172615, 237218.555176154099172 ] } },
{ "type": "Feature", "properties": { "objectid": 587309160, "distance_to_nearest_park": 1546.6698434787174 }, "geometry": { "type": "Point", "coordinates": [ 2694923.943765468895435, 237037.104542055370985 ] } },
{ "type": "Feature", "properties": { "objectid": 587311547, "distance_to_nearest_park": 105.99892621524626 }, "geometry": { "type": "Point", "coordinates": [ 2694681.892141377087682, 239073.045147002965678 ] } },
{ "type": "Feature", "properties": { "objectid": 587311548, "distance_to_nearest_park": 105.99892621524626 }, "geometry": { "type": "Point", "coordinates": [ 2694681.892141377087682, 239073.045147002965678 ] } },
{ "type": "Feature", "properties": { "objectid": 587309174, "distance_to_nearest_park": 1428.862661040187 }, "geometry": { "type": "Point", "coordinates": [ 2694506.069035784341395, 237093.720775502937613 ] } },
{ "type": "Feature", "properties": { "objectid": 587311333, "distance_to_nearest_park": 523.17934390256664 }, "geometry": { "type": "Point", "coordinates": [ 2695746.911237810738385, 239677.950306304963306 ] } },
{ "type": "Feature", "properties": { "objectid": 587309427, "distance_to_nearest_park": 880.17658608961938 }, "geometry": { "type": "Point", "coordinates": [ 2695152.370642142370343, 237682.308098739886191 ] } },
{ "type": "Feature", "properties": { "objectid": 587311334, "distance_to_nearest_park": 524.20391087014275 }, "geometry": { "type": "Point", "coordinates": [ 2695728.925168227404356, 239679.243895076273475 ] } },
{ "type": "Feature", "properties": { "objectid": 587299603, "distance_to_nearest_park": 109.78348591601551 }, "geometry": { "type": "Point", "coordinates": [ 2694469.865387341938913, 239111.64979695569491 ] } },
{ "type": "Feature", "properties": { "objectid": 587300532, "distance_to_nearest_park": 467.10132705166188 }, "geometry": { "type": "Point", "coordinates": [ 2695682.685208826325834, 239744.941819811472669 ] } },
{ "type": "Feature", "properties": { "objectid": 587299619, "distance_to_nearest_park": 880.17658608961938 }, "geometry": { "type": "Point", "coordinates": [ 2695152.370642142370343, 237682.308098739886191 ] } },
{ "type": "Feature", "properties": { "objectid": 587299632, "distance_to_nearest_park": 701.40985378131575 }, "geometry": { "type": "Point", "coordinates": [ 2694084.342303118668497, 239625.134081213822355 ] } },
{ "type": "Feature", "properties": { "objectid": 587300380, "distance_to_nearest_park": 349.5229675804668 }, "geometry": { "type": "Point", "coordinates": [ 2694529.486943351570517, 238580.22496184107149 ] } },
{ "type": "Feature", "properties": { "objectid": 587300649, "distance_to_nearest_park": 1539.827625681454 }, "geometry": { "type": "Point", "coordinates": [ 2695368.747573778498918, 236760.800544765836094 ] } },
{ "type": "Feature", "properties": { "objectid": 587300219, "distance_to_nearest_park": 1195.2581938630128 }, "geometry": { "type": "Point", "coordinates": [ 2695438.804181982763112, 237383.498281880863942 ] } },
{ "type": "Feature", "properties": { "objectid": 587299750, "distance_to_nearest_park": 870.47979080448295 }, "geometry": { "type": "Point", "coordinates": [ 2695452.221814244519919, 237719.176521510875318 ] } },
{ "type": "Feature", "properties": { "objectid": 587300226, "distance_to_nearest_park": 1113.2735220893815 }, "geometry": { "type": "Point", "coordinates": [ 2695467.309565891046077, 237472.894379368255613 ] } },
{ "type": "Feature", "properties": { "objectid": 587299491, "distance_to_nearest_park": 1085.1046988712594 }, "geometry": { "type": "Point", "coordinates": [ 2695617.954547713976353, 237548.021458289003931 ] } },
{ "type": "Feature", "properties": { "objectid": 587312989, "distance_to_nearest_park": 880.17658608961938 }, "geometry": { "type": "Point", "coordinates": [ 2695152.370642142370343, 237682.308098739886191 ] } },
{ "type": "Feature", "properties": { "objectid": 587313511, "distance_to_nearest_park": 109.78348591601551 }, "geometry": { "type": "Point", "coordinates": [ 2694469.865387341938913, 239111.64979695569491 ] } },
{ "type": "Feature", "properties": { "objectid": 587312540, "distance_to_nearest_park": 453.90112364407747 }, "geometry": { "type": "Point", "coordinates": [ 2695160.556959031149745, 239284.987375911703566 ] } },
{ "type": "Feature", "properties": { "objectid": 587313314, "distance_to_nearest_park": 784.08619527851715 }, "geometry": { "type": "Point", "coordinates": [ 2694703.919985430315137, 239765.396774810360512 ] } },
{ "type": "Feature", "properties": { "objectid": 587313774, "distance_to_nearest_park": 880.17658608961938 }, "geometry": { "type": "Point", "coordinates": [ 2695152.370642142370343, 237682.308098739886191 ] } },
{ "type": "Feature", "properties": { "objectid": 587312580, "distance_to_nearest_park": 973.05535274679437 }, "geometry": { "type": "Point", "coordinates": [ 2694633.712970843538642, 237733.0471929271298 ] } },
{ "type": "Feature", "properties": { "objectid": 587314301, "distance_to_nearest_park": 1309.2563703866483 }, "geometry": { "type": "Point", "coordinates": [ 2695615.689620472956449, 236746.917357187659945 ] } },
{ "type": "Feature", "properties": { "objectid": 587313806, "distance_to_nearest_park": 1127.8450232878226 }, "geometry": { "type": "Point", "coordinates": [ 2695254.516606561839581, 237432.022501850209665 ] } },
{ "type": "Feature", "properties": { "objectid": 587314136, "distance_to_nearest_park": 349.5229675804668 }, "geometry": { "type": "Point", "coordinates": [ 2694529.486943351570517, 238580.22496184107149 ] } },
{ "type": "Feature", "properties": { "objectid": 587313618, "distance_to_nearest_park": 847.31860631567622 }, "geometry": { "type": "Point", "coordinates": [ 2695047.118600226938725, 239786.404590514255688 ] } },
{ "type": "Feature", "properties": { "objectid": 587313619, "distance_to_nearest_park": 846.84255432282635 }, "geometry": { "type": "Point", "coordinates": [ 2695030.465464869048446, 239818.715147198236082 ] } },
{ "type": "Feature", "properties": { "objectid": 587312635, "distance_to_nearest_park": 430.70807786778687 }, "geometry": { "type": "Point", "coordinates": [ 2694789.36473099142313, 238306.504183532233583 ] } },
{ "type": "Feature", "properties": { "objectid": 587320202, "distance_to_nearest_park": 1454.9629430411867 }, "geometry": { "type": "Point", "coordinates": [ 2695235.245464883744717, 237104.554664016119204 ] } },
{ "type": "Feature", "properties": { "objectid": 587319756, "distance_to_nearest_park": 842.75148697128827 }, "geometry": { "type": "Point", "coordinates": [ 2696150.606077003292739, 236716.355951366043882 ] } },
{ "type": "Feature", "properties": { "objectid": 587321817, "distance_to_nearest_park": 842.75148697128827 }, "geometry": { "type": "Point", "coordinates": [ 2696150.606077003292739, 236716.355951366043882 ] } },
{ "type": "Feature", "properties": { "objectid": 587318845, "distance_to_nearest_park": 928.54359923623338 }, "geometry": { "type": "Point", "coordinates": [ 2696662.930766431149095, 239731.493418216618011 ] } },
{ "type": "Feature", "properties": { "objectid": 587318847, "distance_to_nearest_park": 899.33681823748759 }, "geometry": { "type": "Point", "coordinates": [ 2696582.556750962976366, 239660.978114434576128 ] } },
{ "type": "Feature", "properties": { "objectid": 587319797, "distance_to_nearest_park": 791.73601828159201 }, "geometry": { "type": "Point", "coordinates": [ 2696097.266523514874279, 236937.460188240307616 ] } },
{ "type": "Feature", "properties": { "objectid": 587319810, "distance_to_nearest_park": 1321.6784735151041 }, "geometry": { "type": "Point", "coordinates": [ 2695530.250228483229876, 237077.504637475183699 ] } },
{ "type": "Feature", "properties": { "objectid": 587319814, "distance_to_nearest_park": 298.83543122320901 }, "geometry": { "type": "Point", "coordinates": [ 2694817.960635470692068, 239243.222844557894859 ] } },
{ "type": "Feature", "properties": { "objectid": 587320550, "distance_to_nearest_park": 842.75148697128827 }, "geometry": { "type": "Point", "coordinates": [ 2696150.606077003292739, 236716.355951366043882 ] } },
{ "type": "Feature", "properties": { "objectid": 587321303, "distance_to_nearest_park": 429.1114905369887 }, "geometry": { "type": "Point", "coordinates": [ 2695082.567139959894121, 239295.452613556117285 ] } },
{ "type": "Feature", "properties": { "objectid": 587318691, "distance_to_nearest_park": 936.01528093807224 }, "geometry": { "type": "Point", "coordinates": [ 2695598.588022266048938, 237701.245812031702371 ] } },
{ "type": "Feature", "properties": { "objectid": 587319896, "distance_to_nearest_park": 1005.8326600346021 }, "geometry": { "type": "Point", "coordinates": [ 2693432.006471275351942, 238764.890377208619611 ] } },
{ "type": "Feature", "properties": { "objectid": 587321457, "distance_to_nearest_park": 1042.9488125412438 }, "geometry": { "type": "Point", "coordinates": [ 2695803.986384956166148, 237182.488953976804623 ] } },
{ "type": "Feature", "properties": { "objectid": 587318265, "distance_to_nearest_park": 842.75148697128827 }, "geometry": { "type": "Point", "coordinates": [ 2696150.606077003292739, 236716.355951366043882 ] } },
{ "type": "Feature", "properties": { "objectid": 587318960, "distance_to_nearest_park": 807.48041647044249 }, "geometry": { "type": "Point", "coordinates": [ 2695132.748706079088151, 239687.604927197244251 ] } },
{ "type": "Feature", "properties": { "objectid": 587322050, "distance_to_nearest_park": 1261.3239433961892 }, "geometry": { "type": "Point", "coordinates": [ 2697052.129724679980427, 239790.326765780628193 ] } },
{ "type": "Feature", "properties": { "objectid": 587323295, "distance_to_nearest_park": 596.80890754785787 }, "geometry": { "type": "Point", "coordinates": [ 2695404.00857464550063, 239293.595550723490305 ] } },
{ "type": "Feature", "properties": { "objectid": 587323312, "distance_to_nearest_park": 610.67990119333069 }, "geometry": { "type": "Point", "coordinates": [ 2695405.4993313443847, 239309.674671230983222 ] } },
{ "type": "Feature", "properties": { "objectid": 587323313, "distance_to_nearest_park": 637.77710367656391 }, "geometry": { "type": "Point", "coordinates": [ 2695408.211333615705371, 239341.46055628664908 ] } },
{ "type": "Feature", "properties": { "objectid": 587323314, "distance_to_nearest_park": 649.90378990429974 }, "geometry": { "type": "Point", "coordinates": [ 2695408.602676451671869, 239356.778502120811027 ] } },
{ "type": "Feature", "properties": { "objectid": 587325682, "distance_to_nearest_park": 277.61968177710077 }, "geometry": { "type": "Point", "coordinates": [ 2693325.29853615956381, 237036.513494576996891 ] } },
{ "type": "Feature", "properties": { "objectid": 587323315, "distance_to_nearest_park": 624.09124257345832 }, "geometry": { "type": "Point", "coordinates": [ 2695406.720581795088947, 239325.381435597926611 ] } },
{ "type": "Feature", "properties": { "objectid": 587325508, "distance_to_nearest_park": 1482.1122203262225 }, "geometry": { "type": "Point", "coordinates": [ 2695431.538191711995751, 236752.440581399889197 ] } },
{ "type": "Feature", "properties": { "objectid": 587323845, "distance_to_nearest_park": 842.75148697128827 }, "geometry": { "type": "Point", "coordinates": [ 2696150.606077003292739, 236716.355951366043882 ] } },
{ "type": "Feature", "properties": { "objectid": 587324319, "distance_to_nearest_park": 1118.2742663518538 }, "geometry": { "type": "Point", "coordinates": [ 2697596.965680695604533, 239373.419443810154917 ] } },
{ "type": "Feature", "properties": { "objectid": 587325521, "distance_to_nearest_park": 1482.1122203262225 }, "geometry": { "type": "Point", "coordinates": [ 2695431.538191711995751, 236752.440581399889197 ] } },
{ "type": "Feature", "properties": { "objectid": 587322667, "distance_to_nearest_park": 880.17658608961938 }, "geometry": { "type": "Point", "coordinates": [ 2695152.370642142370343, 237682.308098739886191 ] } },
{ "type": "Feature", "properties": { "objectid": 587324132, "distance_to_nearest_park": 105.99892621524626 }, "geometry": { "type": "Point", "coordinates": [ 2694681.892141377087682, 239073.045147002965678 ] } },
{ "type": "Feature", "properties": { "objectid": 587324869, "distance_to_nearest_park": 171.99966026999755 }, "geometry": { "type": "Point", "coordinates": [ 2696720.224911897908896, 237470.008234563661972 ] } },
{ "type": "Feature", "properties": { "objectid": 587322987, "distance_to_nearest_park": 1371.909136968857 }, "geometry": { "type": "Point", "coordinates": [ 2695474.921360549516976, 237194.686413409770466 ] } },
{ "type": "Feature", "properties": { "objectid": 587324175, "distance_to_nearest_park": 815.45784162860366 }, "geometry": { "type": "Point", "coordinates": [ 2694514.543834775220603, 239815.963244171929546 ] } },
{ "type": "Feature", "properties": { "objectid": 587326831, "distance_to_nearest_park": 92.399350282854726 }, "geometry": { "type": "Point", "coordinates": [ 2694597.780178971588612, 239081.874506317952182 ] } },
{ "type": "Feature", "properties": { "objectid": 587327786, "distance_to_nearest_park": 585.63226501318888 }, "geometry": { "type": "Point", "coordinates": [ 2694947.810620539356023, 239510.524021337623708 ] } },
{ "type": "Feature", "properties": { "objectid": 587328520, "distance_to_nearest_park": 891.49599109090582 }, "geometry": { "type": "Point", "coordinates": [ 2694862.118255630135536, 237719.706187912641326 ] } },
{ "type": "Feature", "properties": { "objectid": 587329249, "distance_to_nearest_park": 1711.0653137238687 }, "geometry": { "type": "Point", "coordinates": [ 2695184.23505436303094, 236788.181342460738961 ] } },
{ "type": "Feature", "properties": { "objectid": 587328543, "distance_to_nearest_park": 909.19092891709249 }, "geometry": { "type": "Point", "coordinates": [ 2694860.119992992840707, 237701.790024601243204 ] } },
{ "type": "Feature", "properties": { "objectid": 587328776, "distance_to_nearest_park": 974.67053753494451 }, "geometry": { "type": "Point", "coordinates": [ 2694719.511939153075218, 237686.001243162696483 ] } },
{ "type": "Feature", "properties": { "objectid": 587326673, "distance_to_nearest_park": 315.52085459389514 }, "geometry": { "type": "Point", "coordinates": [ 2695537.302854564506561, 238622.56993388698902 ] } },
{ "type": "Feature", "properties": { "objectid": 587327871, "distance_to_nearest_park": 171.99966026999755 }, "geometry": { "type": "Point", "coordinates": [ 2696720.224911897908896, 237470.008234563661972 ] } },
{ "type": "Feature", "properties": { "objectid": 587325953, "distance_to_nearest_park": 430.70807786778687 }, "geometry": { "type": "Point", "coordinates": [ 2694789.36473099142313, 238306.504183532233583 ] } },
{ "type": "Feature", "properties": { "objectid": 587327405, "distance_to_nearest_park": 842.75148697128827 }, "geometry": { "type": "Point", "coordinates": [ 2696150.606077003292739, 236716.355951366043882 ] } },
{ "type": "Feature", "properties": { "objectid": 587327909, "distance_to_nearest_park": 392.71158509940221 }, "geometry": { "type": "Point", "coordinates": [ 2695303.549287341535091, 239114.256084135820856 ] } },
{ "type": "Feature", "properties": { "objectid": 587327910, "distance_to_nearest_park": 880.17658608961938 }, "geometry": { "type": "Point", "coordinates": [ 2695152.370642142370343, 237682.308098739886191 ] } },
{ "type": "Feature", "properties": { "objectid": 587326732, "distance_to_nearest_park": 171.99966026999755 }, "geometry": { "type": "Point", "coordinates": [ 2696720.224911897908896, 237470.008234563661972 ] } },
{ "type": "Feature", "properties": { "objectid": 587327440, "distance_to_nearest_park": 105.99892621524626 }, "geometry": { "type": "Point", "coordinates": [ 2694681.892141377087682, 239073.045147002965678 ] } },
{ "type": "Feature", "properties": { "objectid": 587327441, "distance_to_nearest_park": 105.99892621524626 }, "geometry": { "type": "Point", "coordinates": [ 2694681.892141377087682, 239073.045147002965678 ] } },
{ "type": "Feature", "properties": { "objectid": 587327035, "distance_to_nearest_park": 880.17658608961938 }, "geometry": { "type": "Point", "coordinates": [ 2695152.370642142370343, 237682.308098739886191 ] } },
{ "type": "Feature", "properties": { "objectid": 587327769, "distance_to_nearest_park": 1711.0653137238687 }, "geometry": { "type": "Point", "coordinates": [ 2695184.23505436303094, 236788.181342460738961 ] } },
{ "type": "Feature", "properties": { "objectid": 587315188, "distance_to_nearest_park": 298.83543122320901 }, "geometry": { "type": "Point", "coordinates": [ 2694817.960635470692068, 239243.222844557894859 ] } },
{ "type": "Feature", "properties": { "objectid": 587317149, "distance_to_nearest_park": 1711.0653137238687 }, "geometry": { "type": "Point", "coordinates": [ 2695184.23505436303094, 236788.181342460738961 ] } },
{ "type": "Feature", "properties": { "objectid": 587315251, "distance_to_nearest_park": 377.10869061743421 }, "geometry": { "type": "Point", "coordinates": [ 2695164.340305074118078, 239194.353125220135553 ] } },
{ "type": "Feature", "properties": { "objectid": 587315260, "distance_to_nearest_park": 397.57002939971562 }, "geometry": { "type": "Point", "coordinates": [ 2695017.323157587088645, 239292.079188178991899 ] } },
{ "type": "Feature", "properties": { "objectid": 587316215, "distance_to_nearest_park": 495.49698895877191 }, "geometry": { "type": "Point", "coordinates": [ 2694652.932759831659496, 238425.680646460677963 ] } },
{ "type": "Feature", "properties": { "objectid": 587317888, "distance_to_nearest_park": 507.25331432125984 }, "geometry": { "type": "Point", "coordinates": [ 2695290.069586099591106, 239267.65351799732889 ] } },
{ "type": "Feature", "properties": { "objectid": 587317893, "distance_to_nearest_park": 291.85159885978669 }, "geometry": { "type": "Point", "coordinates": [ 2695002.650936743244529, 239180.494486617564689 ] } },
{ "type": "Feature", "properties": { "objectid": 587316226, "distance_to_nearest_park": 701.40985378131575 }, "geometry": { "type": "Point", "coordinates": [ 2694084.342303118668497, 239625.134081213822355 ] } },
{ "type": "Feature", "properties": { "objectid": 587317897, "distance_to_nearest_park": 319.64964837238273 }, "geometry": { "type": "Point", "coordinates": [ 2695024.209579942747951, 239200.807160304480931 ] } },
{ "type": "Feature", "properties": { "objectid": 587314563, "distance_to_nearest_park": 701.40985378131575 }, "geometry": { "type": "Point", "coordinates": [ 2694084.342303118668497, 239625.134081213822355 ] } },
{ "type": "Feature", "properties": { "objectid": 587316507, "distance_to_nearest_park": 1371.909136968857 }, "geometry": { "type": "Point", "coordinates": [ 2695474.921360549516976, 237194.686413409770466 ] } },
{ "type": "Feature", "properties": { "objectid": 587314932, "distance_to_nearest_park": 1371.909136968857 }, "geometry": { "type": "Point", "coordinates": [ 2695474.921360549516976, 237194.686413409770466 ] } },
{ "type": "Feature", "properties": { "objectid": 587333987, "distance_to_nearest_park": 171.99966026999755 }, "geometry": { "type": "Point", "coordinates": [ 2696720.224911897908896, 237470.008234563661972 ] } },
{ "type": "Feature", "properties": { "objectid": 587334949, "distance_to_nearest_park": 109.78348591601551 }, "geometry": { "type": "Point", "coordinates": [ 2694469.865387341938913, 239111.64979695569491 ] } },
{ "type": "Feature", "properties": { "objectid": 587335180, "distance_to_nearest_park": 842.75148697128827 }, "geometry": { "type": "Point", "coordinates": [ 2696150.606077003292739, 236716.355951366043882 ] } },
{ "type": "Feature", "properties": { "objectid": 587334481, "distance_to_nearest_park": 880.17658608961938 }, "geometry": { "type": "Point", "coordinates": [ 2695152.370642142370343, 237682.308098739886191 ] } },
{ "type": "Feature", "properties": { "objectid": 587336164, "distance_to_nearest_park": 1711.0653137238687 }, "geometry": { "type": "Point", "coordinates": [ 2695184.23505436303094, 236788.181342460738961 ] } },
{ "type": "Feature", "properties": { "objectid": 587336803, "distance_to_nearest_park": 842.75148697128827 }, "geometry": { "type": "Point", "coordinates": [ 2696150.606077003292739, 236716.355951366043882 ] } },
{ "type": "Feature", "properties": { "objectid": 587336805, "distance_to_nearest_park": 842.75148697128827 }, "geometry": { "type": "Point", "coordinates": [ 2696150.606077003292739, 236716.355951366043882 ] } },
{ "type": "Feature", "properties": { "objectid": 587336806, "distance_to_nearest_park": 842.75148697128827 }, "geometry": { "type": "Point", "coordinates": [ 2696150.606077003292739, 236716.355951366043882 ] } },
{ "type": "Feature", "properties": { "objectid": 587336807, "distance_to_nearest_park": 842.75148697128827 }, "geometry": { "type": "Point", "coordinates": [ 2696150.606077003292739, 236716.355951366043882 ] } },
{ "type": "Feature", "properties": { "objectid": 587336808, "distance_to_nearest_park": 842.75148697128827 }, "geometry": { "type": "Point", "coordinates": [ 2696150.606077003292739, 236716.355951366043882 ] } },
{ "type": "Feature", "properties": { "objectid": 587337156, "distance_to_nearest_park": 880.17658608961938 }, "geometry": { "type": "Point", "coordinates": [ 2695152.370642142370343, 237682.308098739886191 ] } },
{ "type": "Feature", "properties": { "objectid": 587335455, "distance_to_nearest_park": 1371.909136968857 }, "geometry": { "type": "Point", "coordinates": [ 2695474.921360549516976, 237194.686413409770466 ] } },
{ "type": "Feature", "properties": { "objectid": 587336966, "distance_to_nearest_park": 1042.9488125412438 }, "geometry": { "type": "Point", "coordinates": [ 2695803.986384956166148, 237182.488953976804623 ] } },
{ "type": "Feature", "properties": { "objectid": 587335023, "distance_to_nearest_park": 435.93814540695968 }, "geometry": { "type": "Point", "coordinates": [ 2695108.754102719947696, 239291.848283844126854 ] } },
{ "type": "Feature", "properties": { "objectid": 587333832, "distance_to_nearest_park": 854.90684566623634 }, "geometry": { "type": "Point", "coordinates": [ 2696291.668207161594182, 238309.46062905760482 ] } },
{ "type": "Feature", "properties": { "objectid": 587335038, "distance_to_nearest_park": 280.39344777659016 }, "geometry": { "type": "Point", "coordinates": [ 2695019.221130383200943, 239160.57239616359584 ] } },
{ "type": "Feature", "properties": { "objectid": 587336231, "distance_to_nearest_park": 842.75148697128827 }, "geometry": { "type": "Point", "coordinates": [ 2696150.606077003292739, 236716.355951366043882 ] } },
{ "type": "Feature", "properties": { "objectid": 587336233, "distance_to_nearest_park": 501.3319894290774 }, "geometry": { "type": "Point", "coordinates": [ 2695310.07724184775725, 239245.281505148101132 ] } },
{ "type": "Feature", "properties": { "objectid": 587333854, "distance_to_nearest_park": 842.75148697128827 }, "geometry": { "type": "Point", "coordinates": [ 2696150.606077003292739, 236716.355951366043882 ] } },
{ "type": "Feature", "properties": { "objectid": 587334577, "distance_to_nearest_park": 421.24059568988338 }, "geometry": { "type": "Point", "coordinates": [ 2695056.67107757460326, 239298.701073002797784 ] } },
{ "type": "Feature", "properties": { "objectid": 587335054, "distance_to_nearest_park": 421.24059568988338 }, "geometry": { "type": "Point", "coordinates": [ 2695056.67107757460326, 239298.701073002797784 ] } },
{ "type": "Feature", "properties": { "objectid": 587335287, "distance_to_nearest_park": 842.75148697128827 }, "geometry": { "type": "Point", "coordinates": [ 2696150.606077003292739, 236716.355951366043882 ] } },
{ "type": "Feature", "properties": { "objectid": 587334590, "distance_to_nearest_park": 333.54431218872429 }, "geometry": { "type": "Point", "coordinates": [ 2695026.034247557632625, 239215.073858677846147 ] } },
{ "type": "Feature", "properties": { "objectid": 587334606, "distance_to_nearest_park": 397.57002939971562 }, "geometry": { "type": "Point", "coordinates": [ 2695017.323157587088645, 239292.079188178991899 ] } },
{ "type": "Feature", "properties": { "objectid": 587336037, "distance_to_nearest_park": 693.26666146219145 }, "geometry": { "type": "Point", "coordinates": [ 2695839.157182588707656, 238237.845828253048239 ] } },
{ "type": "Feature", "properties": { "objectid": 587334623, "distance_to_nearest_park": 429.1114905369887 }, "geometry": { "type": "Point", "coordinates": [ 2695082.567139959894121, 239295.452613556117285 ] } },
{ "type": "Feature", "properties": { "objectid": 587335807, "distance_to_nearest_park": 842.75148697128827 }, "geometry": { "type": "Point", "coordinates": [ 2696150.606077003292739, 236716.355951366043882 ] } },
{ "type": "Feature", "properties": { "objectid": 587334643, "distance_to_nearest_park": 412.54127682864845 }, "geometry": { "type": "Point", "coordinates": [ 2695030.764331722166389, 239302.313684763619676 ] } },
{ "type": "Feature", "properties": { "objectid": 587335367, "distance_to_nearest_park": 842.75148697128827 }, "geometry": { "type": "Point", "coordinates": [ 2696150.606077003292739, 236716.355951366043882 ] } },
{ "type": "Feature", "properties": { "objectid": 587335608, "distance_to_nearest_park": 883.30371513753664 }, "geometry": { "type": "Point", "coordinates": [ 2695484.036258083302528, 237715.008973755175248 ] } },
{ "type": "Feature", "properties": { "objectid": 587333947, "distance_to_nearest_park": 880.17658608961938 }, "geometry": { "type": "Point", "coordinates": [ 2695152.370642142370343, 237682.308098739886191 ] } },
{ "type": "Feature", "properties": { "objectid": 587335385, "distance_to_nearest_park": 280.39344777659016 }, "geometry": { "type": "Point", "coordinates": [ 2695019.221130383200943, 239160.57239616359584 ] } },
{ "type": "Feature", "properties": { "objectid": 587335620, "distance_to_nearest_park": 842.75148697128827 }, "geometry": { "type": "Point", "coordinates": [ 2696150.606077003292739, 236716.355951366043882 ] } },
{ "type": "Feature", "properties": { "objectid": 587334682, "distance_to_nearest_park": 506.07824341189081 }, "geometry": { "type": "Point", "coordinates": [ 2695408.573989308439195, 239863.712709160259692 ] } },
{ "type": "Feature", "properties": { "objectid": 587335411, "distance_to_nearest_park": 1711.0653137238687 }, "geometry": { "type": "Point", "coordinates": [ 2695184.23505436303094, 236788.181342460738961 ] } },
{ "type": "Feature", "properties": { "objectid": 587338983, "distance_to_nearest_park": 1042.9488125412438 }, "geometry": { "type": "Point", "coordinates": [ 2695803.986384956166148, 237182.488953976804623 ] } },
{ "type": "Feature", "properties": { "objectid": 587338286, "distance_to_nearest_park": 842.75148697128827 }, "geometry": { "type": "Point", "coordinates": [ 2696150.606077003292739, 236716.355951366043882 ] } },
{ "type": "Feature", "properties": { "objectid": 587338528, "distance_to_nearest_park": 842.75148697128827 }, "geometry": { "type": "Point", "coordinates": [ 2696150.606077003292739, 236716.355951366043882 ] } },
{ "type": "Feature", "properties": { "objectid": 587299814, "distance_to_nearest_park": 771.43333801880249 }, "geometry": { "type": "Point", "coordinates": [ 2695446.758197530172765, 239480.350999204500113 ] } },
{ "type": "Feature", "properties": { "objectid": 587300891, "distance_to_nearest_park": 842.75148697128827 }, "geometry": { "type": "Point", "coordinates": [ 2696150.606077003292739, 236716.355951366043882 ] } },
{ "type": "Feature", "properties": { "objectid": 587337346, "distance_to_nearest_park": 453.90112364407747 }, "geometry": { "type": "Point", "coordinates": [ 2695160.556959031149745, 239284.987375911703566 ] } },
{ "type": "Feature", "properties": { "objectid": 587338075, "distance_to_nearest_park": 92.399350282854726 }, "geometry": { "type": "Point", "coordinates": [ 2694597.780178971588612, 239081.874506317952182 ] } },
{ "type": "Feature", "properties": { "objectid": 587337358, "distance_to_nearest_park": 412.54127682864845 }, "geometry": { "type": "Point", "coordinates": [ 2695030.764331722166389, 239302.313684763619676 ] } },
{ "type": "Feature", "properties": { "objectid": 587337359, "distance_to_nearest_park": 435.93814540695968 }, "geometry": { "type": "Point", "coordinates": [ 2695108.754102719947696, 239291.848283844126854 ] } },
{ "type": "Feature", "properties": { "objectid": 587337850, "distance_to_nearest_park": 842.75148697128827 }, "geometry": { "type": "Point", "coordinates": [ 2696150.606077003292739, 236716.355951366043882 ] } },
{ "type": "Feature", "properties": { "objectid": 587337851, "distance_to_nearest_park": 842.75148697128827 }, "geometry": { "type": "Point", "coordinates": [ 2696150.606077003292739, 236716.355951366043882 ] } },
{ "type": "Feature", "properties": { "objectid": 587337853, "distance_to_nearest_park": 842.75148697128827 }, "geometry": { "type": "Point", "coordinates": [ 2696150.606077003292739, 236716.355951366043882 ] } },
{ "type": "Feature", "properties": { "objectid": 587337374, "distance_to_nearest_park": 846.81121647984935 }, "geometry": { "type": "Point", "coordinates": [ 2695006.208821603097022, 239871.211060802219436 ] } },
{ "type": "Feature", "properties": { "objectid": 587337646, "distance_to_nearest_park": 501.3319894290774 }, "geometry": { "type": "Point", "coordinates": [ 2695310.07724184775725, 239245.281505148101132 ] } },
{ "type": "Feature", "properties": { "objectid": 587339073, "distance_to_nearest_park": 968.15404116150057 }, "geometry": { "type": "Point", "coordinates": [ 2695487.724417148623616, 237627.65190207309206 ] } },
{ "type": "Feature", "properties": { "objectid": 587339083, "distance_to_nearest_park": 880.17658608961938 }, "geometry": { "type": "Point", "coordinates": [ 2695152.370642142370343, 237682.308098739886191 ] } },
{ "type": "Feature", "properties": { "objectid": 587318223, "distance_to_nearest_park": 1371.909136968857 }, "geometry": { "type": "Point", "coordinates": [ 2695474.921360549516976, 237194.686413409770466 ] } },
{ "type": "Feature", "properties": { "objectid": 587339803, "distance_to_nearest_park": 750.40585861367254 }, "geometry": { "type": "Point", "coordinates": [ 2695883.706501139793545, 239441.44106614694465 ] } },
{ "type": "Feature", "properties": { "objectid": 587339589, "distance_to_nearest_park": 463.33337334836466 }, "geometry": { "type": "Point", "coordinates": [ 2695762.02140201581642, 239736.340273927518865 ] } },
{ "type": "Feature", "properties": { "objectid": 587337431, "distance_to_nearest_park": 842.75148697128827 }, "geometry": { "type": "Point", "coordinates": [ 2696150.606077003292739, 236716.355951366043882 ] } },
{ "type": "Feature", "properties": { "objectid": 587338400, "distance_to_nearest_park": 842.75148697128827 }, "geometry": { "type": "Point", "coordinates": [ 2696150.606077003292739, 236716.355951366043882 ] } },
{ "type": "Feature", "properties": { "objectid": 587338401, "distance_to_nearest_park": 842.75148697128827 }, "geometry": { "type": "Point", "coordinates": [ 2696150.606077003292739, 236716.355951366043882 ] } },
{ "type": "Feature", "properties": { "objectid": 587340322, "distance_to_nearest_park": 773.30455806267378 }, "geometry": { "type": "Point", "coordinates": [ 2695047.86226666579023, 239971.19707147727604 ] } },
{ "type": "Feature", "properties": { "objectid": 587337206, "distance_to_nearest_park": 510.70651102024948 }, "geometry": { "type": "Point", "coordinates": [ 2695481.386679515242577, 239790.777317792904796 ] } },
{ "type": "Feature", "properties": { "objectid": 587337706, "distance_to_nearest_park": 942.32347081625176 }, "geometry": { "type": "Point", "coordinates": [ 2695287.162089868914336, 237619.209655344719067 ] } },
{ "type": "Feature", "properties": { "objectid": 587339856, "distance_to_nearest_park": 842.75148697128827 }, "geometry": { "type": "Point", "coordinates": [ 2696150.606077003292739, 236716.355951366043882 ] } },
{ "type": "Feature", "properties": { "objectid": 587339857, "distance_to_nearest_park": 842.75148697128827 }, "geometry": { "type": "Point", "coordinates": [ 2696150.606077003292739, 236716.355951366043882 ] } },
{ "type": "Feature", "properties": { "objectid": 587337957, "distance_to_nearest_park": 842.75148697128827 }, "geometry": { "type": "Point", "coordinates": [ 2696150.606077003292739, 236716.355951366043882 ] } },
{ "type": "Feature", "properties": { "objectid": 587338198, "distance_to_nearest_park": 842.75148697128827 }, "geometry": { "type": "Point", "coordinates": [ 2696150.606077003292739, 236716.355951366043882 ] } },
{ "type": "Feature", "properties": { "objectid": 587338199, "distance_to_nearest_park": 842.75148697128827 }, "geometry": { "type": "Point", "coordinates": [ 2696150.606077003292739, 236716.355951366043882 ] } },
{ "type": "Feature", "properties": { "objectid": 587339384, "distance_to_nearest_park": 842.75148697128827 }, "geometry": { "type": "Point", "coordinates": [ 2696150.606077003292739, 236716.355951366043882 ] } },
{ "type": "Feature", "properties": { "objectid": 587337975, "distance_to_nearest_park": 842.75148697128827 }, "geometry": { "type": "Point", "coordinates": [ 2696150.606077003292739, 236716.355951366043882 ] } },
{ "type": "Feature", "properties": { "objectid": 587339161, "distance_to_nearest_park": 459.19103702566434 }, "geometry": { "type": "Point", "coordinates": [ 2696779.807510367594659, 236731.948871095926734 ] } },
{ "type": "Feature", "properties": { "objectid": 587337989, "distance_to_nearest_park": 701.40985378131575 }, "geometry": { "type": "Point", "coordinates": [ 2694084.342303118668497, 239625.134081213822355 ] } },
{ "type": "Feature", "properties": { "objectid": 587338457, "distance_to_nearest_park": 1184.1367441748303 }, "geometry": { "type": "Point", "coordinates": [ 2693874.746229864191264, 237916.331869033921976 ] } },
{ "type": "Feature", "properties": { "objectid": 587338467, "distance_to_nearest_park": 842.75148697128827 }, "geometry": { "type": "Point", "coordinates": [ 2696150.606077003292739, 236716.355951366043882 ] } },
{ "type": "Feature", "properties": { "objectid": 587337271, "distance_to_nearest_park": 397.57002939971562 }, "geometry": { "type": "Point", "coordinates": [ 2695017.323157587088645, 239292.079188178991899 ] } },
{ "type": "Feature", "properties": { "objectid": 587339454, "distance_to_nearest_park": 1042.9488125412438 }, "geometry": { "type": "Point", "coordinates": [ 2695803.986384956166148, 237182.488953976804623 ] } },
{ "type": "Feature", "properties": { "objectid": 587342339, "distance_to_nearest_park": 991.32205885598228 }, "geometry": { "type": "Point", "coordinates": [ 2695635.502493727486581, 237657.139981884276494 ] } },
{ "type": "Feature", "properties": { "objectid": 587342580, "distance_to_nearest_park": 171.99966026999755 }, "geometry": { "type": "Point", "coordinates": [ 2696720.224911897908896, 237470.008234563661972 ] } },
{ "type": "Feature", "properties": { "objectid": 587343792, "distance_to_nearest_park": 701.40985378131575 }, "geometry": { "type": "Point", "coordinates": [ 2694084.342303118668497, 239625.134081213822355 ] } },
{ "type": "Feature", "properties": { "objectid": 587344046, "distance_to_nearest_park": 701.40985378131575 }, "geometry": { "type": "Point", "coordinates": [ 2694084.342303118668497, 239625.134081213822355 ] } },
{ "type": "Feature", "properties": { "objectid": 587339015, "distance_to_nearest_park": 842.75148697128827 }, "geometry": { "type": "Point", "coordinates": [ 2696150.606077003292739, 236716.355951366043882 ] } },
{ "type": "Feature", "properties": { "objectid": 587339016, "distance_to_nearest_park": 842.75148697128827 }, "geometry": { "type": "Point", "coordinates": [ 2696150.606077003292739, 236716.355951366043882 ] } },
{ "type": "Feature", "properties": { "objectid": 587341919, "distance_to_nearest_park": 701.40985378131575 }, "geometry": { "type": "Point", "coordinates": [ 2694084.342303118668497, 239625.134081213822355 ] } },
{ "type": "Feature", "properties": { "objectid": 587341205, "distance_to_nearest_park": 701.40985378131575 }, "geometry": { "type": "Point", "coordinates": [ 2694084.342303118668497, 239625.134081213822355 ] } },
{ "type": "Feature", "properties": { "objectid": 587344573, "distance_to_nearest_park": 675.88683047969857 }, "geometry": { "type": "Point", "coordinates": [ 2696180.480271872598678, 237312.364106965949759 ] } },
{ "type": "Feature", "properties": { "objectid": 587342685, "distance_to_nearest_park": 549.7833803846936 }, "geometry": { "type": "Point", "coordinates": [ 2695135.743832910899073, 239404.159207918390166 ] } },
{ "type": "Feature", "properties": { "objectid": 587341985, "distance_to_nearest_park": 701.40985378131575 }, "geometry": { "type": "Point", "coordinates": [ 2694084.342303118668497, 239625.134081213822355 ] } },
{ "type": "Feature", "properties": { "objectid": 587343652, "distance_to_nearest_park": 1371.909136968857 }, "geometry": { "type": "Point", "coordinates": [ 2695474.921360549516976, 237194.686413409770466 ] } },
{ "type": "Feature", "properties": { "objectid": 587343916, "distance_to_nearest_park": 1042.9488125412438 }, "geometry": { "type": "Point", "coordinates": [ 2695803.986384956166148, 237182.488953976804623 ] } },
{ "type": "Feature", "properties": { "objectid": 587343917, "distance_to_nearest_park": 1042.9488125412438 }, "geometry": { "type": "Point", "coordinates": [ 2695803.986384956166148, 237182.488953976804623 ] } },
{ "type": "Feature", "properties": { "objectid": 587343693, "distance_to_nearest_park": 701.40985378131575 }, "geometry": { "type": "Point", "coordinates": [ 2694084.342303118668497, 239625.134081213822355 ] } },
{ "type": "Feature", "properties": { "objectid": 587343928, "distance_to_nearest_park": 701.40985378131575 }, "geometry": { "type": "Point", "coordinates": [ 2694084.342303118668497, 239625.134081213822355 ] } },
{ "type": "Feature", "properties": { "objectid": 587341296, "distance_to_nearest_park": 790.58437816085529 }, "geometry": { "type": "Point", "coordinates": [ 2695125.083296131808311, 239767.192008591315243 ] } },
{ "type": "Feature", "properties": { "objectid": 587341549, "distance_to_nearest_park": 1110.8974748280705 }, "geometry": { "type": "Point", "coordinates": [ 2693958.597243253607303, 237581.684194163884968 ] } },
{ "type": "Feature", "properties": { "objectid": 587344208, "distance_to_nearest_park": 359.732862296701 }, "geometry": { "type": "Point", "coordinates": [ 2692971.972475204616785, 237580.477794902661117 ] } },
{ "type": "Feature", "properties": { "objectid": 587344694, "distance_to_nearest_park": 208.86421679526225 }, "geometry": { "type": "Point", "coordinates": [ 2695430.101172307971865, 238519.928607967420248 ] } },
{ "type": "Feature", "properties": { "objectid": 587341847, "distance_to_nearest_park": 880.17658608961938 }, "geometry": { "type": "Point", "coordinates": [ 2695152.370642142370343, 237682.308098739886191 ] } },
{ "type": "Feature", "properties": { "objectid": 587331872, "distance_to_nearest_park": 957.2667150290099 }, "geometry": { "type": "Point", "coordinates": [ 2695381.23886265559122, 237615.048450641304953 ] } },
{ "type": "Feature", "properties": { "objectid": 587330693, "distance_to_nearest_park": 171.99966026999755 }, "geometry": { "type": "Point", "coordinates": [ 2696720.224911897908896, 237470.008234563661972 ] } },
{ "type": "Feature", "properties": { "objectid": 587331197, "distance_to_nearest_park": 109.78348591601551 }, "geometry": { "type": "Point", "coordinates": [ 2694469.865387341938913, 239111.64979695569491 ] } },
{ "type": "Feature", "properties": { "objectid": 587329776, "distance_to_nearest_park": 1371.909136968857 }, "geometry": { "type": "Point", "coordinates": [ 2695474.921360549516976, 237194.686413409770466 ] } },
{ "type": "Feature", "properties": { "objectid": 587330294, "distance_to_nearest_park": 349.5229675804668 }, "geometry": { "type": "Point", "coordinates": [ 2694529.486943351570517, 238580.22496184107149 ] } },
{ "type": "Feature", "properties": { "objectid": 587330541, "distance_to_nearest_park": 473.65175561796087 }, "geometry": { "type": "Point", "coordinates": [ 2695212.35984708648175, 239278.126576426759129 ] } },
{ "type": "Feature", "properties": { "objectid": 587331019, "distance_to_nearest_park": 171.99966026999755 }, "geometry": { "type": "Point", "coordinates": [ 2696720.224911897908896, 237470.008234563661972 ] } },
{ "type": "Feature", "properties": { "objectid": 587330076, "distance_to_nearest_park": 880.17658608961938 }, "geometry": { "type": "Point", "coordinates": [ 2695152.370642142370343, 237682.308098739886191 ] } },
{ "type": "Feature", "properties": { "objectid": 587330803, "distance_to_nearest_park": 880.17658608961938 }, "geometry": { "type": "Point", "coordinates": [ 2695152.370642142370343, 237682.308098739886191 ] } },
{ "type": "Feature", "properties": { "objectid": 587331768, "distance_to_nearest_park": 1650.7715192893438 }, "geometry": { "type": "Point", "coordinates": [ 2695208.459858604706824, 236908.793157178588444 ] } },
{ "type": "Feature", "properties": { "objectid": 587330354, "distance_to_nearest_park": 943.41708389349401 }, "geometry": { "type": "Point", "coordinates": [ 2695960.165573289152235, 237651.375341546896379 ] } },
{ "type": "Feature", "properties": { "objectid": 587332745, "distance_to_nearest_park": 842.75148697128827 }, "geometry": { "type": "Point", "coordinates": [ 2696150.606077003292739, 236716.355951366043882 ] } },
{ "type": "Feature", "properties": { "objectid": 587332746, "distance_to_nearest_park": 842.75148697128827 }, "geometry": { "type": "Point", "coordinates": [ 2696150.606077003292739, 236716.355951366043882 ] } },
{ "type": "Feature", "properties": { "objectid": 587332747, "distance_to_nearest_park": 842.75148697128827 }, "geometry": { "type": "Point", "coordinates": [ 2696150.606077003292739, 236716.355951366043882 ] } },
{ "type": "Feature", "properties": { "objectid": 587332978, "distance_to_nearest_park": 1485.3099076511285 }, "geometry": { "type": "Point", "coordinates": [ 2695231.088926970027387, 237074.184154518326977 ] } },
{ "type": "Feature", "properties": { "objectid": 587330597, "distance_to_nearest_park": 473.65175561796087 }, "geometry": { "type": "Point", "coordinates": [ 2695212.35984708648175, 239278.126576426759129 ] } },
{ "type": "Feature", "properties": { "objectid": 587332285, "distance_to_nearest_park": 419.33845231750695 }, "geometry": { "type": "Point", "coordinates": [ 2695479.868562342133373, 238954.708939190633828 ] } },
{ "type": "Feature", "properties": { "objectid": 587332520, "distance_to_nearest_park": 842.75148697128827 }, "geometry": { "type": "Point", "coordinates": [ 2696150.606077003292739, 236716.355951366043882 ] } },
{ "type": "Feature", "properties": { "objectid": 587332521, "distance_to_nearest_park": 842.75148697128827 }, "geometry": { "type": "Point", "coordinates": [ 2696150.606077003292739, 236716.355951366043882 ] } },
{ "type": "Feature", "properties": { "objectid": 587332522, "distance_to_nearest_park": 842.75148697128827 }, "geometry": { "type": "Point", "coordinates": [ 2696150.606077003292739, 236716.355951366043882 ] } },
{ "type": "Feature", "properties": { "objectid": 587330628, "distance_to_nearest_park": 359.732862296701 }, "geometry": { "type": "Point", "coordinates": [ 2692971.972475204616785, 237580.477794902661117 ] } },
{ "type": "Feature", "properties": { "objectid": 587330629, "distance_to_nearest_park": 360.85452134046398 }, "geometry": { "type": "Point", "coordinates": [ 2693042.245379970874637, 237488.874562010285445 ] } },
{ "type": "Feature", "properties": { "objectid": 587333265, "distance_to_nearest_park": 485.67107783171036 }, "geometry": { "type": "Point", "coordinates": [ 2694667.018079971894622, 238423.542905311536742 ] } },
{ "type": "Feature", "properties": { "objectid": 587330882, "distance_to_nearest_park": 808.11306788115132 }, "geometry": { "type": "Point", "coordinates": [ 2695006.075206328183413, 239990.378732202108949 ] } },
{ "type": "Feature", "properties": { "objectid": 587330891, "distance_to_nearest_park": 842.75148697128827 }, "geometry": { "type": "Point", "coordinates": [ 2696150.606077003292739, 236716.355951366043882 ] } },
{ "type": "Feature", "properties": { "objectid": 587345115, "distance_to_nearest_park": 701.40985378131575 }, "geometry": { "type": "Point", "coordinates": [ 2694084.342303118668497, 239625.134081213822355 ] } },
{ "type": "Feature", "properties": { "objectid": 587345615, "distance_to_nearest_park": 701.40985378131575 }, "geometry": { "type": "Point", "coordinates": [ 2694084.342303118668497, 239625.134081213822355 ] } },
{ "type": "Feature", "properties": { "objectid": 587344913, "distance_to_nearest_park": 703.46835675502018 }, "geometry": { "type": "Point", "coordinates": [ 2693421.053740135394037, 237511.265935227071168 ] } },
{ "type": "Feature", "properties": { "objectid": 587341647, "distance_to_nearest_park": 359.732862296701 }, "geometry": { "type": "Point", "coordinates": [ 2692971.972475204616785, 237580.477794902661117 ] } },
{ "type": "Feature", "properties": { "objectid": 587342374, "distance_to_nearest_park": 955.43039993903187 }, "geometry": { "type": "Point", "coordinates": [ 2694543.213862162083387, 237816.034977008472197 ] } },
{ "type": "Feature", "properties": { "objectid": 587345472, "distance_to_nearest_park": 171.99966026999755 }, "geometry": { "type": "Point", "coordinates": [ 2696720.224911897908896, 237470.008234563661972 ] } },
{ "type": "Feature", "properties": { "objectid": 587346664, "distance_to_nearest_park": 1042.9488125412438 }, "geometry": { "type": "Point", "coordinates": [ 2695803.986384956166148, 237182.488953976804623 ] } },
{ "type": "Feature", "properties": { "objectid": 587346665, "distance_to_nearest_park": 1042.9488125412438 }, "geometry": { "type": "Point", "coordinates": [ 2695803.986384956166148, 237182.488953976804623 ] } },
{ "type": "Feature", "properties": { "objectid": 587345714, "distance_to_nearest_park": 1042.9488125412438 }, "geometry": { "type": "Point", "coordinates": [ 2695803.986384956166148, 237182.488953976804623 ] } },
{ "type": "Feature", "properties": { "objectid": 587346567, "distance_to_nearest_park": 1042.9488125412438 }, "geometry": { "type": "Point", "coordinates": [ 2695803.986384956166148, 237182.488953976804623 ] } },
{ "type": "Feature", "properties": { "objectid": 587346576, "distance_to_nearest_park": 701.40985378131575 }, "geometry": { "type": "Point", "coordinates": [ 2694084.342303118668497, 239625.134081213822355 ] } },
{ "type": "Feature", "properties": { "objectid": 587346632, "distance_to_nearest_park": 368.72734594957325 }, "geometry": { "type": "Point", "coordinates": [ 2693283.080157604534179, 237204.376348097837763 ] } },
{ "type": "Feature", "properties": { "objectid": 587346633, "distance_to_nearest_park": 368.72734594957325 }, "geometry": { "type": "Point", "coordinates": [ 2693283.080157604534179, 237204.376348097837763 ] } },
{ "type": "Feature", "properties": { "objectid": 587346634, "distance_to_nearest_park": 368.72734594957325 }, "geometry": { "type": "Point", "coordinates": [ 2693283.080157604534179, 237204.376348097837763 ] } },
{ "type": "Feature", "properties": { "objectid": 587346635, "distance_to_nearest_park": 368.72734594957325 }, "geometry": { "type": "Point", "coordinates": [ 2693283.080157604534179, 237204.376348097837763 ] } },
{ "type": "Feature", "properties": { "objectid": 587346636, "distance_to_nearest_park": 368.72734594957325 }, "geometry": { "type": "Point", "coordinates": [ 2693283.080157604534179, 237204.376348097837763 ] } },
{ "type": "Feature", "properties": { "objectid": 587349242, "distance_to_nearest_park": 92.399350282854726 }, "geometry": { "type": "Point", "coordinates": [ 2694597.780178971588612, 239081.874506317952182 ] } },
{ "type": "Feature", "properties": { "objectid": 587351416, "distance_to_nearest_park": 880.17658608961938 }, "geometry": { "type": "Point", "coordinates": [ 2695152.370642142370343, 237682.308098739886191 ] } },
{ "type": "Feature", "properties": { "objectid": 587351510, "distance_to_nearest_park": 105.99892621524626 }, "geometry": { "type": "Point", "coordinates": [ 2694681.892141377087682, 239073.045147002965678 ] } },
{ "type": "Feature", "properties": { "objectid": 587351511, "distance_to_nearest_park": 1371.909136968857 }, "geometry": { "type": "Point", "coordinates": [ 2695474.921360549516976, 237194.686413409770466 ] } },
{ "type": "Feature", "properties": { "objectid": 587351515, "distance_to_nearest_park": 1371.909136968857 }, "geometry": { "type": "Point", "coordinates": [ 2695474.921360549516976, 237194.686413409770466 ] } },
{ "type": "Feature", "properties": { "objectid": 587351516, "distance_to_nearest_park": 1371.909136968857 }, "geometry": { "type": "Point", "coordinates": [ 2695474.921360549516976, 237194.686413409770466 ] } },
{ "type": "Feature", "properties": { "objectid": 587351517, "distance_to_nearest_park": 1371.909136968857 }, "geometry": { "type": "Point", "coordinates": [ 2695474.921360549516976, 237194.686413409770466 ] } },
{ "type": "Feature", "properties": { "objectid": 587350831, "distance_to_nearest_park": 429.52838662456821 }, "geometry": { "type": "Point", "coordinates": [ 2693137.179673586972058, 237436.259652462642407 ] } },
{ "type": "Feature", "properties": { "objectid": 587349415, "distance_to_nearest_park": 630.68661044355588 }, "geometry": { "type": "Point", "coordinates": [ 2695700.771920015569776, 238986.346073118358618 ] } },
{ "type": "Feature", "properties": { "objectid": 587349883, "distance_to_nearest_park": 1371.909136968857 }, "geometry": { "type": "Point", "coordinates": [ 2695474.921360549516976, 237194.686413409770466 ] } },
{ "type": "Feature", "properties": { "objectid": 587350606, "distance_to_nearest_park": 579.12328578244671 }, "geometry": { "type": "Point", "coordinates": [ 2694655.094877532217652, 239565.709097238024697 ] } },
{ "type": "Feature", "properties": { "objectid": 587351589, "distance_to_nearest_park": 105.99892621524626 }, "geometry": { "type": "Point", "coordinates": [ 2694681.892141377087682, 239073.045147002965678 ] } },
{ "type": "Feature", "properties": { "objectid": 587351598, "distance_to_nearest_park": 105.99892621524626 }, "geometry": { "type": "Point", "coordinates": [ 2694681.892141377087682, 239073.045147002965678 ] } },
{ "type": "Feature", "properties": { "objectid": 587344060, "distance_to_nearest_park": 701.40985378131575 }, "geometry": { "type": "Point", "coordinates": [ 2694084.342303118668497, 239625.134081213822355 ] } },
{ "type": "Feature", "properties": { "objectid": 587347786, "distance_to_nearest_park": 880.17658608961938 }, "geometry": { "type": "Point", "coordinates": [ 2695152.370642142370343, 237682.308098739886191 ] } },
{ "type": "Feature", "properties": { "objectid": 587347594, "distance_to_nearest_park": 1042.9488125412438 }, "geometry": { "type": "Point", "coordinates": [ 2695803.986384956166148, 237182.488953976804623 ] } },
{ "type": "Feature", "properties": { "objectid": 587333021, "distance_to_nearest_park": 501.3319894290774 }, "geometry": { "type": "Point", "coordinates": [ 2695310.07724184775725, 239245.281505148101132 ] } },
{ "type": "Feature", "properties": { "objectid": 587345658, "distance_to_nearest_park": 811.67115726202462 }, "geometry": { "type": "Point", "coordinates": [ 2695048.537297610659152, 239862.24958778207656 ] } },
{ "type": "Feature", "properties": { "objectid": 587346566, "distance_to_nearest_park": 1042.9488125412438 }, "geometry": { "type": "Point", "coordinates": [ 2695803.986384956166148, 237182.488953976804623 ] } },
{ "type": "Feature", "properties": { "objectid": 587347448, "distance_to_nearest_park": 1042.9488125412438 }, "geometry": { "type": "Point", "coordinates": [ 2695803.986384956166148, 237182.488953976804623 ] } },
{ "type": "Feature", "properties": { "objectid": 587348372, "distance_to_nearest_park": 1049.245039272191 }, "geometry": { "type": "Point", "coordinates": [ 2693824.841955311130732, 237638.260250861087115 ] } },
{ "type": "Feature", "properties": { "objectid": 587348373, "distance_to_nearest_park": 1049.245039272191 }, "geometry": { "type": "Point", "coordinates": [ 2693824.841955311130732, 237638.260250861087115 ] } },
{ "type": "Feature", "properties": { "objectid": 587348374, "distance_to_nearest_park": 1049.245039272191 }, "geometry": { "type": "Point", "coordinates": [ 2693824.841955311130732, 237638.260250861087115 ] } },
{ "type": "Feature", "properties": { "objectid": 587348375, "distance_to_nearest_park": 1049.245039272191 }, "geometry": { "type": "Point", "coordinates": [ 2693824.841955311130732, 237638.260250861087115 ] } },
{ "type": "Feature", "properties": { "objectid": 587348376, "distance_to_nearest_park": 1049.245039272191 }, "geometry": { "type": "Point", "coordinates": [ 2693824.841955311130732, 237638.260250861087115 ] } },
{ "type": "Feature", "properties": { "objectid": 587358800, "distance_to_nearest_park": 444.4013444349788 }, "geometry": { "type": "Point", "coordinates": [ 2695134.65018063178286, 239288.59987890458433 ] } },
{ "type": "Feature", "properties": { "objectid": 587358801, "distance_to_nearest_park": 377.10869061743421 }, "geometry": { "type": "Point", "coordinates": [ 2695164.340305074118078, 239194.353125220135553 ] } },
{ "type": "Feature", "properties": { "objectid": 587358802, "distance_to_nearest_park": 473.65175561796087 }, "geometry": { "type": "Point", "coordinates": [ 2695212.35984708648175, 239278.126576426759129 ] } },
{ "type": "Feature", "properties": { "objectid": 587358803, "distance_to_nearest_park": 495.04559146328972 }, "geometry": { "type": "Point", "coordinates": [ 2695264.162766882218421, 239271.265885393775534 ] } },
{ "type": "Feature", "properties": { "objectid": 587347412, "distance_to_nearest_park": 105.99892621524626 }, "geometry": { "type": "Point", "coordinates": [ 2694681.892141377087682, 239073.045147002965678 ] } },
{ "type": "Feature", "properties": { "objectid": 587347413, "distance_to_nearest_park": 105.99892621524626 }, "geometry": { "type": "Point", "coordinates": [ 2694681.892141377087682, 239073.045147002965678 ] } },
{ "type": "Feature", "properties": { "objectid": 587358891, "distance_to_nearest_park": 430.70807786778687 }, "geometry": { "type": "Point", "coordinates": [ 2694789.36473099142313, 238306.504183532233583 ] } },
{ "type": "Feature", "properties": { "objectid": 587358475, "distance_to_nearest_park": 109.78348591601551 }, "geometry": { "type": "Point", "coordinates": [ 2694469.865387341938913, 239111.64979695569491 ] } },
{ "type": "Feature", "properties": { "objectid": 587359184, "distance_to_nearest_park": 1371.909136968857 }, "geometry": { "type": "Point", "coordinates": [ 2695474.921360549516976, 237194.686413409770466 ] } },
{ "type": "Feature", "properties": { "objectid": 587358253, "distance_to_nearest_park": 880.17658608961938 }, "geometry": { "type": "Point", "coordinates": [ 2695152.370642142370343, 237682.308098739886191 ] } },
{ "type": "Feature", "properties": { "objectid": 587358762, "distance_to_nearest_park": 376.08388748289343 }, "geometry": { "type": "Point", "coordinates": [ 2695014.332686146721244, 239269.760601790563669 ] } },
{ "type": "Feature", "properties": { "objectid": 587356392, "distance_to_nearest_park": 349.5229675804668 }, "geometry": { "type": "Point", "coordinates": [ 2694529.486943351570517, 238580.22496184107149 ] } },
{ "type": "Feature", "properties": { "objectid": 587358763, "distance_to_nearest_park": 354.72577458732519 }, "geometry": { "type": "Point", "coordinates": [ 2695011.342208154499531, 239247.442015773878666 ] } },
{ "type": "Feature", "properties": { "objectid": 587358765, "distance_to_nearest_park": 291.85159885978669 }, "geometry": { "type": "Point", "coordinates": [ 2695002.650936743244529, 239180.494486617564689 ] } },
{ "type": "Feature", "properties": { "objectid": 587361380, "distance_to_nearest_park": 820.46003815440542 }, "geometry": { "type": "Point", "coordinates": [ 2696033.222087848931551, 237303.296712616982404 ] } },
{ "type": "Feature", "properties": { "objectid": 587360195, "distance_to_nearest_park": 1711.0653137238687 }, "geometry": { "type": "Point", "coordinates": [ 2695184.23505436303094, 236788.181342460738961 ] } },
{ "type": "Feature", "properties": { "objectid": 587362111, "distance_to_nearest_park": 960.51972251839106 }, "geometry": { "type": "Point", "coordinates": [ 2695913.68538622604683, 237457.949453127308516 ] } },
{ "type": "Feature", "properties": { "objectid": 587360210, "distance_to_nearest_park": 1711.0653137238687 }, "geometry": { "type": "Point", "coordinates": [ 2695184.23505436303094, 236788.181342460738961 ] } },
{ "type": "Feature", "properties": { "objectid": 587363322, "distance_to_nearest_park": 1371.909136968857 }, "geometry": { "type": "Point", "coordinates": [ 2695474.921360549516976, 237194.686413409770466 ] } },
{ "type": "Feature", "properties": { "objectid": 587362150, "distance_to_nearest_park": 834.65796295181872 }, "geometry": { "type": "Point", "coordinates": [ 2696027.036448443774134, 237361.060737705149222 ] } },
{ "type": "Feature", "properties": { "objectid": 587363578, "distance_to_nearest_park": 880.17658608961938 }, "geometry": { "type": "Point", "coordinates": [ 2695152.370642142370343, 237682.308098739886191 ] } },
{ "type": "Feature", "properties": { "objectid": 587363352, "distance_to_nearest_park": 1095.1208940174861 }, "geometry": { "type": "Point", "coordinates": [ 2695762.797272896859795, 237352.929393370781327 ] } },
{ "type": "Feature", "properties": { "objectid": 587361477, "distance_to_nearest_park": 349.5229675804668 }, "geometry": { "type": "Point", "coordinates": [ 2694529.486943351570517, 238580.22496184107149 ] } },
{ "type": "Feature", "properties": { "objectid": 587361773, "distance_to_nearest_park": 499.50430489706008 }, "geometry": { "type": "Point", "coordinates": [ 2695362.412177971564233, 239936.337840180291096 ] } },
{ "type": "Feature", "properties": { "objectid": 587362200, "distance_to_nearest_park": 843.02993142115668 }, "geometry": { "type": "Point", "coordinates": [ 2696059.348713716957718, 237635.704758517676964 ] } },
{ "type": "Feature", "properties": { "objectid": 587361022, "distance_to_nearest_park": 1270.5972624511357 }, "geometry": { "type": "Point", "coordinates": [ 2695576.59553880803287, 237227.921893253136659 ] } },
{ "type": "Feature", "properties": { "objectid": 587363674, "distance_to_nearest_park": 404.94912755179013 }, "geometry": { "type": "Point", "coordinates": [ 2695492.396403175313026, 239921.934502783755306 ] } },
{ "type": "Feature", "properties": { "objectid": 587361367, "distance_to_nearest_park": 430.70807786778687 }, "geometry": { "type": "Point", "coordinates": [ 2694789.36473099142313, 238306.504183532233583 ] } },
{ "type": "Feature", "properties": { "objectid": 587364491, "distance_to_nearest_park": 683.44454514294489 }, "geometry": { "type": "Point", "coordinates": [ 2695154.198580829426646, 239940.791177307197358 ] } },
{ "type": "Feature", "properties": { "objectid": 587365704, "distance_to_nearest_park": 1025.5202786267268 }, "geometry": { "type": "Point", "coordinates": [ 2696238.519217711873353, 238733.927439949038671 ] } },
{ "type": "Feature", "properties": { "objectid": 587367387, "distance_to_nearest_park": 357.500685100265 }, "geometry": { "type": "Point", "coordinates": [ 2695913.540439740289003, 239838.463811686582631 ] } },
{ "type": "Feature", "properties": { "objectid": 587364329, "distance_to_nearest_park": 630.68661044355588 }, "geometry": { "type": "Point", "coordinates": [ 2695700.771920015569776, 238986.346073118358618 ] } },
{ "type": "Feature", "properties": { "objectid": 587367457, "distance_to_nearest_park": 701.40985378131575 }, "geometry": { "type": "Point", "coordinates": [ 2694084.342303118668497, 239625.134081213822355 ] } },
{ "type": "Feature", "properties": { "objectid": 587367458, "distance_to_nearest_park": 701.40985378131575 }, "geometry": { "type": "Point", "coordinates": [ 2694084.342303118668497, 239625.134081213822355 ] } },
{ "type": "Feature", "properties": { "objectid": 587367459, "distance_to_nearest_park": 701.40985378131575 }, "geometry": { "type": "Point", "coordinates": [ 2694084.342303118668497, 239625.134081213822355 ] } },
{ "type": "Feature", "properties": { "objectid": 587367460, "distance_to_nearest_park": 701.40985378131575 }, "geometry": { "type": "Point", "coordinates": [ 2694084.342303118668497, 239625.134081213822355 ] } },
{ "type": "Feature", "properties": { "objectid": 587367461, "distance_to_nearest_park": 701.40985378131575 }, "geometry": { "type": "Point", "coordinates": [ 2694084.342303118668497, 239625.134081213822355 ] } },
{ "type": "Feature", "properties": { "objectid": 587367462, "distance_to_nearest_park": 701.40985378131575 }, "geometry": { "type": "Point", "coordinates": [ 2694084.342303118668497, 239625.134081213822355 ] } },
{ "type": "Feature", "properties": { "objectid": 587367463, "distance_to_nearest_park": 701.40985378131575 }, "geometry": { "type": "Point", "coordinates": [ 2694084.342303118668497, 239625.134081213822355 ] } },
{ "type": "Feature", "properties": { "objectid": 587367466, "distance_to_nearest_park": 701.40985378131575 }, "geometry": { "type": "Point", "coordinates": [ 2694084.342303118668497, 239625.134081213822355 ] } },
{ "type": "Feature", "properties": { "objectid": 587357865, "distance_to_nearest_park": 390.55950688177802 }, "geometry": { "type": "Point", "coordinates": [ 2695496.387384671252221, 239938.815968676644843 ] } },
{ "type": "Feature", "properties": { "objectid": 587366065, "distance_to_nearest_park": 850.80198343408529 }, "geometry": { "type": "Point", "coordinates": [ 2694978.581502350512892, 239933.447890010778792 ] } },
{ "type": "Feature", "properties": { "objectid": 587366106, "distance_to_nearest_park": 430.70807786778687 }, "geometry": { "type": "Point", "coordinates": [ 2694789.36473099142313, 238306.504183532233583 ] } },
{ "type": "Feature", "properties": { "objectid": 587365159, "distance_to_nearest_park": 412.98802039705902 }, "geometry": { "type": "Point", "coordinates": [ 2695922.441851948387921, 239783.695122420554981 ] } },
{ "type": "Feature", "properties": { "objectid": 587365422, "distance_to_nearest_park": 109.78348591601551 }, "geometry": { "type": "Point", "coordinates": [ 2694469.865387341938913, 239111.64979695569491 ] } },
{ "type": "Feature", "properties": { "objectid": 587355215, "distance_to_nearest_park": 554.74724048100325 }, "geometry": { "type": "Point", "coordinates": [ 2695628.558814124204218, 238952.882227129332023 ] } },
{ "type": "Feature", "properties": { "objectid": 587353124, "distance_to_nearest_park": 1371.909136968857 }, "geometry": { "type": "Point", "coordinates": [ 2695474.921360549516976, 237194.686413409770466 ] } },
{ "type": "Feature", "properties": { "objectid": 587352897, "distance_to_nearest_park": 1711.0653137238687 }, "geometry": { "type": "Point", "coordinates": [ 2695184.23505436303094, 236788.181342460738961 ] } },
{ "type": "Feature", "properties": { "objectid": 587366336, "distance_to_nearest_park": 109.78348591601551 }, "geometry": { "type": "Point", "coordinates": [ 2694469.865387341938913, 239111.64979695569491 ] } },
{ "type": "Feature", "properties": { "objectid": 587366340, "distance_to_nearest_park": 926.98879666686685 }, "geometry": { "type": "Point", "coordinates": [ 2694857.841507850214839, 237683.865636489528697 ] } },
{ "type": "Feature", "properties": { "objectid": 587367303, "distance_to_nearest_park": 1482.1122203262225 }, "geometry": { "type": "Point", "coordinates": [ 2695431.538191711995751, 236752.440581399889197 ] } },
{ "type": "Feature", "properties": { "objectid": 587367552, "distance_to_nearest_park": 430.70807786778687 }, "geometry": { "type": "Point", "coordinates": [ 2694789.36473099142313, 238306.504183532233583 ] } },
{ "type": "Feature", "properties": { "objectid": 587353467, "distance_to_nearest_park": 521.80699088641609 }, "geometry": { "type": "Point", "coordinates": [ 2695720.12209948990494, 238394.700729551084805 ] } },
{ "type": "Feature", "properties": { "objectid": 587354686, "distance_to_nearest_park": 1024.064488735512 }, "geometry": { "type": "Point", "coordinates": [ 2695831.349576068110764, 237329.797794114536373 ] } },
{ "type": "Feature", "properties": { "objectid": 587354241, "distance_to_nearest_park": 1145.3857947658942 }, "geometry": { "type": "Point", "coordinates": [ 2695820.318088909145445, 236684.051447533100145 ] } },
{ "type": "Feature", "properties": { "objectid": 587368469, "distance_to_nearest_park": 436.60405034883973 }, "geometry": { "type": "Point", "coordinates": [ 2693487.235214573796839, 237071.140974613372236 ] } },
{ "type": "Feature", "properties": { "objectid": 587368740, "distance_to_nearest_park": 1482.1122203262225 }, "geometry": { "type": "Point", "coordinates": [ 2695431.538191711995751, 236752.440581399889197 ] } },
{ "type": "Feature", "properties": { "objectid": 587368283, "distance_to_nearest_park": 1371.909136968857 }, "geometry": { "type": "Point", "coordinates": [ 2695474.921360549516976, 237194.686413409770466 ] } },
{ "type": "Feature", "properties": { "objectid": 587369285, "distance_to_nearest_park": 171.99966026999755 }, "geometry": { "type": "Point", "coordinates": [ 2696720.224911897908896, 237470.008234563661972 ] } },
{ "type": "Feature", "properties": { "objectid": 587369302, "distance_to_nearest_park": 1371.909136968857 }, "geometry": { "type": "Point", "coordinates": [ 2695474.921360549516976, 237194.686413409770466 ] } },
{ "type": "Feature", "properties": { "objectid": 587368889, "distance_to_nearest_park": 171.99966026999755 }, "geometry": { "type": "Point", "coordinates": [ 2696720.224911897908896, 237470.008234563661972 ] } },
{ "type": "Feature", "properties": { "objectid": 587369112, "distance_to_nearest_park": 171.99966026999755 }, "geometry": { "type": "Point", "coordinates": [ 2696720.224911897908896, 237470.008234563661972 ] } },
{ "type": "Feature", "properties": { "objectid": 587367945, "distance_to_nearest_park": 880.17658608961938 }, "geometry": { "type": "Point", "coordinates": [ 2695152.370642142370343, 237682.308098739886191 ] } },
{ "type": "Feature", "properties": { "objectid": 587376953, "distance_to_nearest_park": 171.99966026999755 }, "geometry": { "type": "Point", "coordinates": [ 2696720.224911897908896, 237470.008234563661972 ] } },
{ "type": "Feature", "properties": { "objectid": 587376954, "distance_to_nearest_park": 171.99966026999755 }, "geometry": { "type": "Point", "coordinates": [ 2696720.224911897908896, 237470.008234563661972 ] } },
{ "type": "Feature", "properties": { "objectid": 587376955, "distance_to_nearest_park": 171.99966026999755 }, "geometry": { "type": "Point", "coordinates": [ 2696720.224911897908896, 237470.008234563661972 ] } },
{ "type": "Feature", "properties": { "objectid": 587376956, "distance_to_nearest_park": 171.99966026999755 }, "geometry": { "type": "Point", "coordinates": [ 2696720.224911897908896, 237470.008234563661972 ] } },
{ "type": "Feature", "properties": { "objectid": 587376957, "distance_to_nearest_park": 171.99966026999755 }, "geometry": { "type": "Point", "coordinates": [ 2696720.224911897908896, 237470.008234563661972 ] } },
{ "type": "Feature", "properties": { "objectid": 587376958, "distance_to_nearest_park": 171.99966026999755 }, "geometry": { "type": "Point", "coordinates": [ 2696720.224911897908896, 237470.008234563661972 ] } },
{ "type": "Feature", "properties": { "objectid": 587376959, "distance_to_nearest_park": 171.99966026999755 }, "geometry": { "type": "Point", "coordinates": [ 2696720.224911897908896, 237470.008234563661972 ] } },
{ "type": "Feature", "properties": { "objectid": 587376960, "distance_to_nearest_park": 171.99966026999755 }, "geometry": { "type": "Point", "coordinates": [ 2696720.224911897908896, 237470.008234563661972 ] } },
{ "type": "Feature", "properties": { "objectid": 587376961, "distance_to_nearest_park": 171.99966026999755 }, "geometry": { "type": "Point", "coordinates": [ 2696720.224911897908896, 237470.008234563661972 ] } },
{ "type": "Feature", "properties": { "objectid": 587376962, "distance_to_nearest_park": 171.99966026999755 }, "geometry": { "type": "Point", "coordinates": [ 2696720.224911897908896, 237470.008234563661972 ] } },
{ "type": "Feature", "properties": { "objectid": 587376963, "distance_to_nearest_park": 171.99966026999755 }, "geometry": { "type": "Point", "coordinates": [ 2696720.224911897908896, 237470.008234563661972 ] } },
{ "type": "Feature", "properties": { "objectid": 587374811, "distance_to_nearest_park": 171.99966026999755 }, "geometry": { "type": "Point", "coordinates": [ 2696720.224911897908896, 237470.008234563661972 ] } },
{ "type": "Feature", "properties": { "objectid": 587373619, "distance_to_nearest_park": 171.99966026999755 }, "geometry": { "type": "Point", "coordinates": [ 2696720.224911897908896, 237470.008234563661972 ] } },
{ "type": "Feature", "properties": { "objectid": 587375793, "distance_to_nearest_park": 430.70807786778687 }, "geometry": { "type": "Point", "coordinates": [ 2694789.36473099142313, 238306.504183532233583 ] } },
{ "type": "Feature", "properties": { "objectid": 587377137, "distance_to_nearest_park": 349.5229675804668 }, "geometry": { "type": "Point", "coordinates": [ 2694529.486943351570517, 238580.22496184107149 ] } },
{ "type": "Feature", "properties": { "objectid": 587376535, "distance_to_nearest_park": 298.83543122320901 }, "geometry": { "type": "Point", "coordinates": [ 2694817.960635470692068, 239243.222844557894859 ] } },
{ "type": "Feature", "properties": { "objectid": 587374691, "distance_to_nearest_park": 171.99966026999755 }, "geometry": { "type": "Point", "coordinates": [ 2696720.224911897908896, 237470.008234563661972 ] } },
{ "type": "Feature", "properties": { "objectid": 587374692, "distance_to_nearest_park": 171.99966026999755 }, "geometry": { "type": "Point", "coordinates": [ 2696720.224911897908896, 237470.008234563661972 ] } },
{ "type": "Feature", "properties": { "objectid": 587375399, "distance_to_nearest_park": 991.8814155211752 }, "geometry": { "type": "Point", "coordinates": [ 2693814.894984952174127, 237566.174315943091642 ] } },
{ "type": "Feature", "properties": { "objectid": 587375400, "distance_to_nearest_park": 171.99966026999755 }, "geometry": { "type": "Point", "coordinates": [ 2696720.224911897908896, 237470.008234563661972 ] } },
{ "type": "Feature", "properties": { "objectid": 587373522, "distance_to_nearest_park": 109.78348591601551 }, "geometry": { "type": "Point", "coordinates": [ 2694469.865387341938913, 239111.64979695569491 ] } },
{ "type": "Feature", "properties": { "objectid": 587375692, "distance_to_nearest_park": 783.81388240488013 }, "geometry": { "type": "Point", "coordinates": [ 2695042.49140552058816, 239953.546292115934193 ] } },
{ "type": "Feature", "properties": { "objectid": 587376176, "distance_to_nearest_park": 1014.4648690484182 }, "geometry": { "type": "Point", "coordinates": [ 2695889.768268309533596, 237660.968072370800655 ] } },
{ "type": "Feature", "properties": { "objectid": 587374273, "distance_to_nearest_park": 171.99966026999755 }, "geometry": { "type": "Point", "coordinates": [ 2696720.224911897908896, 237470.008234563661972 ] } },
{ "type": "Feature", "properties": { "objectid": 587374501, "distance_to_nearest_park": 880.17658608961938 }, "geometry": { "type": "Point", "coordinates": [ 2695152.370642142370343, 237682.308098739886191 ] } },
{ "type": "Feature", "properties": { "objectid": 587376187, "distance_to_nearest_park": 171.99966026999755 }, "geometry": { "type": "Point", "coordinates": [ 2696720.224911897908896, 237470.008234563661972 ] } },
{ "type": "Feature", "properties": { "objectid": 587378363, "distance_to_nearest_park": 477.53379308525416 }, "geometry": { "type": "Point", "coordinates": [ 2694349.621216500643641, 238478.372123004024616 ] } },
{ "type": "Feature", "properties": { "objectid": 587380750, "distance_to_nearest_park": 880.17658608961938 }, "geometry": { "type": "Point", "coordinates": [ 2695152.370642142370343, 237682.308098739886191 ] } },
{ "type": "Feature", "properties": { "objectid": 587380289, "distance_to_nearest_park": 430.70807786778687 }, "geometry": { "type": "Point", "coordinates": [ 2694789.36473099142313, 238306.504183532233583 ] } },
{ "type": "Feature", "properties": { "objectid": 587380530, "distance_to_nearest_park": 880.17658608961938 }, "geometry": { "type": "Point", "coordinates": [ 2695152.370642142370343, 237682.308098739886191 ] } },
{ "type": "Feature", "properties": { "objectid": 587378623, "distance_to_nearest_park": 1711.0653137238687 }, "geometry": { "type": "Point", "coordinates": [ 2695184.23505436303094, 236788.181342460738961 ] } },
{ "type": "Feature", "properties": { "objectid": 587380307, "distance_to_nearest_park": 349.5229675804668 }, "geometry": { "type": "Point", "coordinates": [ 2694529.486943351570517, 238580.22496184107149 ] } },
{ "type": "Feature", "properties": { "objectid": 587378160, "distance_to_nearest_park": 349.5229675804668 }, "geometry": { "type": "Point", "coordinates": [ 2694529.486943351570517, 238580.22496184107149 ] } },
{ "type": "Feature", "properties": { "objectid": 587378635, "distance_to_nearest_park": 1711.0653137238687 }, "geometry": { "type": "Point", "coordinates": [ 2695184.23505436303094, 236788.181342460738961 ] } },
{ "type": "Feature", "properties": { "objectid": 587378644, "distance_to_nearest_park": 1711.0653137238687 }, "geometry": { "type": "Point", "coordinates": [ 2695184.23505436303094, 236788.181342460738961 ] } },
{ "type": "Feature", "properties": { "objectid": 587380310, "distance_to_nearest_park": 513.28535458472595 }, "geometry": { "type": "Point", "coordinates": [ 2695345.25620745215565, 239938.02052499630372 ] } },
{ "type": "Feature", "properties": { "objectid": 587378929, "distance_to_nearest_park": 298.83543122320901 }, "geometry": { "type": "Point", "coordinates": [ 2694817.960635470692068, 239243.222844557894859 ] } },
{ "type": "Feature", "properties": { "objectid": 587378930, "distance_to_nearest_park": 298.83543122320901 }, "geometry": { "type": "Point", "coordinates": [ 2694817.960635470692068, 239243.222844557894859 ] } },
{ "type": "Feature", "properties": { "objectid": 587378943, "distance_to_nearest_park": 1371.909136968857 }, "geometry": { "type": "Point", "coordinates": [ 2695474.921360549516976, 237194.686413409770466 ] } },
{ "type": "Feature", "properties": { "objectid": 587379182, "distance_to_nearest_park": 298.83543122320901 }, "geometry": { "type": "Point", "coordinates": [ 2694817.960635470692068, 239243.222844557894859 ] } },
{ "type": "Feature", "properties": { "objectid": 587379902, "distance_to_nearest_park": 837.07383004224982 }, "geometry": { "type": "Point", "coordinates": [ 2696550.171392357908189, 238483.613681038783398 ] } },
{ "type": "Feature", "properties": { "objectid": 587378950, "distance_to_nearest_park": 298.83543122320901 }, "geometry": { "type": "Point", "coordinates": [ 2694817.960635470692068, 239243.222844557894859 ] } },
{ "type": "Feature", "properties": { "objectid": 587378028, "distance_to_nearest_park": 778.15164328068056 }, "geometry": { "type": "Point", "coordinates": [ 2693686.345239588059485, 239282.556627404672327 ] } },
{ "type": "Feature", "properties": { "objectid": 587378987, "distance_to_nearest_park": 298.83543122320901 }, "geometry": { "type": "Point", "coordinates": [ 2694817.960635470692068, 239243.222844557894859 ] } },
{ "type": "Feature", "properties": { "objectid": 587378988, "distance_to_nearest_park": 298.83543122320901 }, "geometry": { "type": "Point", "coordinates": [ 2694817.960635470692068, 239243.222844557894859 ] } },
{ "type": "Feature", "properties": { "objectid": 587380187, "distance_to_nearest_park": 1711.0653137238687 }, "geometry": { "type": "Point", "coordinates": [ 2695184.23505436303094, 236788.181342460738961 ] } },
{ "type": "Feature", "properties": { "objectid": 587379957, "distance_to_nearest_park": 1175.3580825407969 }, "geometry": { "type": "Point", "coordinates": [ 2694705.824653276242316, 237473.860568426200189 ] } },
{ "type": "Feature", "properties": { "objectid": 587379749, "distance_to_nearest_park": 1206.9785639735574 }, "geometry": { "type": "Point", "coordinates": [ 2694588.072509608697146, 237491.54280064732302 ] } },
{ "type": "Feature", "properties": { "objectid": 587384086, "distance_to_nearest_park": 697.79069812001615 }, "geometry": { "type": "Point", "coordinates": [ 2693405.006488908082247, 237513.346925807825755 ] } },
{ "type": "Feature", "properties": { "objectid": 587382428, "distance_to_nearest_park": 867.39952844720654 }, "geometry": { "type": "Point", "coordinates": [ 2696164.206884311512113, 238151.918744429014623 ] } },
{ "type": "Feature", "properties": { "objectid": 587382429, "distance_to_nearest_park": 942.14462662774213 }, "geometry": { "type": "Point", "coordinates": [ 2696109.333762826863676, 238234.490778402716387 ] } },
{ "type": "Feature", "properties": { "objectid": 587382214, "distance_to_nearest_park": 1711.0653137238687 }, "geometry": { "type": "Point", "coordinates": [ 2695184.23505436303094, 236788.181342460738961 ] } },
{ "type": "Feature", "properties": { "objectid": 587381518, "distance_to_nearest_park": 880.17658608961938 }, "geometry": { "type": "Point", "coordinates": [ 2695152.370642142370343, 237682.308098739886191 ] } },
{ "type": "Feature", "properties": { "objectid": 587381763, "distance_to_nearest_park": 1371.909136968857 }, "geometry": { "type": "Point", "coordinates": [ 2695474.921360549516976, 237194.686413409770466 ] } },
{ "type": "Feature", "properties": { "objectid": 587383209, "distance_to_nearest_park": 1711.0653137238687 }, "geometry": { "type": "Point", "coordinates": [ 2695184.23505436303094, 236788.181342460738961 ] } },
{ "type": "Feature", "properties": { "objectid": 587381569, "distance_to_nearest_park": 934.84859267164029 }, "geometry": { "type": "Point", "coordinates": [ 2695975.480662166606635, 236853.70316938686301 ] } },
{ "type": "Feature", "properties": { "objectid": 587382280, "distance_to_nearest_park": 519.83036995654277 }, "geometry": { "type": "Point", "coordinates": [ 2695784.252258505672216, 239676.496719909977401 ] } },
{ "type": "Feature", "properties": { "objectid": 587382282, "distance_to_nearest_park": 899.93407243976071 }, "geometry": { "type": "Point", "coordinates": [ 2695387.072112035006285, 237674.258942790533183 ] } },
{ "type": "Feature", "properties": { "objectid": 587384691, "distance_to_nearest_park": 580.90273632674428 }, "geometry": { "type": "Point", "coordinates": [ 2694869.552105650771409, 239520.617579215817386 ] } },
{ "type": "Feature", "properties": { "objectid": 587381109, "distance_to_nearest_park": 880.17658608961938 }, "geometry": { "type": "Point", "coordinates": [ 2695152.370642142370343, 237682.308098739886191 ] } },
{ "type": "Feature", "properties": { "objectid": 587383545, "distance_to_nearest_park": 679.30718526286205 }, "geometry": { "type": "Point", "coordinates": [ 2693373.149552615825087, 237518.973649998457404 ] } },
{ "type": "Feature", "properties": { "objectid": 587383546, "distance_to_nearest_park": 693.5215331894542 }, "geometry": { "type": "Point", "coordinates": [ 2693389.207463071681559, 237516.528512851102278 ] } },
{ "type": "Feature", "properties": { "objectid": 587383550, "distance_to_nearest_park": 651.82095886228058 }, "geometry": { "type": "Point", "coordinates": [ 2693390.884946298319846, 237468.836227857711492 ] } },
{ "type": "Feature", "properties": { "objectid": 587383554, "distance_to_nearest_park": 880.17658608961938 }, "geometry": { "type": "Point", "coordinates": [ 2695152.370642142370343, 237682.308098739886191 ] } },
{ "type": "Feature", "properties": { "objectid": 587369782, "distance_to_nearest_park": 171.99966026999755 }, "geometry": { "type": "Point", "coordinates": [ 2696720.224911897908896, 237470.008234563661972 ] } },
{ "type": "Feature", "properties": { "objectid": 587370998, "distance_to_nearest_park": 171.99966026999755 }, "geometry": { "type": "Point", "coordinates": [ 2696720.224911897908896, 237470.008234563661972 ] } },
{ "type": "Feature", "properties": { "objectid": 587371967, "distance_to_nearest_park": 171.99966026999755 }, "geometry": { "type": "Point", "coordinates": [ 2696720.224911897908896, 237470.008234563661972 ] } },
{ "type": "Feature", "properties": { "objectid": 587371730, "distance_to_nearest_park": 171.99966026999755 }, "geometry": { "type": "Point", "coordinates": [ 2696720.224911897908896, 237470.008234563661972 ] } },
{ "type": "Feature", "properties": { "objectid": 587372476, "distance_to_nearest_park": 430.70807786778687 }, "geometry": { "type": "Point", "coordinates": [ 2694789.36473099142313, 238306.504183532233583 ] } },
{ "type": "Feature", "properties": { "objectid": 587370329, "distance_to_nearest_park": 171.99966026999755 }, "geometry": { "type": "Point", "coordinates": [ 2696720.224911897908896, 237470.008234563661972 ] } },
{ "type": "Feature", "properties": { "objectid": 587372483, "distance_to_nearest_park": 1317.2374223393469 }, "geometry": { "type": "Point", "coordinates": [ 2695613.379455814603716, 236730.085274828685215 ] } },
{ "type": "Feature", "properties": { "objectid": 587373197, "distance_to_nearest_park": 109.78348591601551 }, "geometry": { "type": "Point", "coordinates": [ 2694469.865387341938913, 239111.64979695569491 ] } },
{ "type": "Feature", "properties": { "objectid": 587373222, "distance_to_nearest_park": 880.17658608961938 }, "geometry": { "type": "Point", "coordinates": [ 2695152.370642142370343, 237682.308098739886191 ] } },
{ "type": "Feature", "properties": { "objectid": 587372272, "distance_to_nearest_park": 1711.0653137238687 }, "geometry": { "type": "Point", "coordinates": [ 2695184.23505436303094, 236788.181342460738961 ] } },
{ "type": "Feature", "properties": { "objectid": 587372290, "distance_to_nearest_park": 171.99966026999755 }, "geometry": { "type": "Point", "coordinates": [ 2696720.224911897908896, 237470.008234563661972 ] } },
{ "type": "Feature", "properties": { "objectid": 587372291, "distance_to_nearest_park": 171.99966026999755 }, "geometry": { "type": "Point", "coordinates": [ 2696720.224911897908896, 237470.008234563661972 ] } },
{ "type": "Feature", "properties": { "objectid": 587370628, "distance_to_nearest_park": 171.99966026999755 }, "geometry": { "type": "Point", "coordinates": [ 2696720.224911897908896, 237470.008234563661972 ] } },
{ "type": "Feature", "properties": { "objectid": 587370629, "distance_to_nearest_park": 171.99966026999755 }, "geometry": { "type": "Point", "coordinates": [ 2696720.224911897908896, 237470.008234563661972 ] } },
{ "type": "Feature", "properties": { "objectid": 587371591, "distance_to_nearest_park": 1482.1122203262225 }, "geometry": { "type": "Point", "coordinates": [ 2695431.538191711995751, 236752.440581399889197 ] } },
{ "type": "Feature", "properties": { "objectid": 587371592, "distance_to_nearest_park": 1482.1122203262225 }, "geometry": { "type": "Point", "coordinates": [ 2695431.538191711995751, 236752.440581399889197 ] } },
{ "type": "Feature", "properties": { "objectid": 587371593, "distance_to_nearest_park": 1482.1122203262225 }, "geometry": { "type": "Point", "coordinates": [ 2695431.538191711995751, 236752.440581399889197 ] } },
{ "type": "Feature", "properties": { "objectid": 587371839, "distance_to_nearest_park": 1607.1285051140999 }, "geometry": { "type": "Point", "coordinates": [ 2695215.874480249360204, 236952.379143739060964 ] } },
{ "type": "Feature", "properties": { "objectid": 587372321, "distance_to_nearest_park": 736.57777310719609 }, "geometry": { "type": "Point", "coordinates": [ 2695884.980956117622554, 239455.327229927468579 ] } },
{ "type": "Feature", "properties": { "objectid": 587370416, "distance_to_nearest_park": 1371.909136968857 }, "geometry": { "type": "Point", "coordinates": [ 2695474.921360549516976, 237194.686413409770466 ] } },
{ "type": "Feature", "properties": { "objectid": 587370901, "distance_to_nearest_park": 592.97547341003735 }, "geometry": { "type": "Point", "coordinates": [ 2694487.770477305166423, 238338.835846047644736 ] } },
{ "type": "Feature", "properties": { "objectid": 587370903, "distance_to_nearest_park": 589.91695470064178 }, "geometry": { "type": "Point", "coordinates": [ 2694321.118837396614254, 238369.662220355239697 ] } },
{ "type": "Feature", "properties": { "objectid": 587390283, "distance_to_nearest_park": 845.96505872343096 }, "geometry": { "type": "Point", "coordinates": [ 2696289.606792368460447, 238293.729097997915233 ] } },
{ "type": "Feature", "properties": { "objectid": 587391481, "distance_to_nearest_park": 880.17658608961938 }, "geometry": { "type": "Point", "coordinates": [ 2695152.370642142370343, 237682.308098739886191 ] } },
{ "type": "Feature", "properties": { "objectid": 587392159, "distance_to_nearest_park": 880.17658608961938 }, "geometry": { "type": "Point", "coordinates": [ 2695152.370642142370343, 237682.308098739886191 ] } },
{ "type": "Feature", "properties": { "objectid": 587389332, "distance_to_nearest_park": 880.17658608961938 }, "geometry": { "type": "Point", "coordinates": [ 2695152.370642142370343, 237682.308098739886191 ] } },
{ "type": "Feature", "properties": { "objectid": 587390526, "distance_to_nearest_park": 734.17465202020196 }, "geometry": { "type": "Point", "coordinates": [ 2694500.48196930764243, 238192.339921086822869 ] } },
{ "type": "Feature", "properties": { "objectid": 587392487, "distance_to_nearest_park": 880.17658608961938 }, "geometry": { "type": "Point", "coordinates": [ 2695152.370642142370343, 237682.308098739886191 ] } },
{ "type": "Feature", "properties": { "objectid": 587389113, "distance_to_nearest_park": 527.89003817361765 }, "geometry": { "type": "Point", "coordinates": [ 2695920.532806430477649, 239667.382796600228176 ] } },
{ "type": "Feature", "properties": { "objectid": 587388879, "distance_to_nearest_park": 880.17658608961938 }, "geometry": { "type": "Point", "coordinates": [ 2695152.370642142370343, 237682.308098739886191 ] } },
{ "type": "Feature", "properties": { "objectid": 587388891, "distance_to_nearest_park": 1049.245039272191 }, "geometry": { "type": "Point", "coordinates": [ 2693824.841955311130732, 237638.260250861087115 ] } },
{ "type": "Feature", "properties": { "objectid": 587391040, "distance_to_nearest_park": 430.70807786778687 }, "geometry": { "type": "Point", "coordinates": [ 2694789.36473099142313, 238306.504183532233583 ] } },
{ "type": "Feature", "properties": { "objectid": 587391043, "distance_to_nearest_park": 1371.909136968857 }, "geometry": { "type": "Point", "coordinates": [ 2695474.921360549516976, 237194.686413409770466 ] } },
{ "type": "Feature", "properties": { "objectid": 587389132, "distance_to_nearest_park": 880.17658608961938 }, "geometry": { "type": "Point", "coordinates": [ 2695152.370642142370343, 237682.308098739886191 ] } },
{ "type": "Feature", "properties": { "objectid": 587354419, "distance_to_nearest_park": 1424.1139757357887 }, "geometry": { "type": "Point", "coordinates": [ 2695430.149762275628746, 237047.959987004898721 ] } },
{ "type": "Feature", "properties": { "objectid": 587391602, "distance_to_nearest_park": 880.17658608961938 }, "geometry": { "type": "Point", "coordinates": [ 2695152.370642142370343, 237682.308098739886191 ] } },
{ "type": "Feature", "properties": { "objectid": 587389938, "distance_to_nearest_park": 446.51447494859673 }, "geometry": { "type": "Point", "coordinates": [ 2695432.188952095340937, 239928.547770598466741 ] } },
{ "type": "Feature", "properties": { "objectid": 587389939, "distance_to_nearest_park": 880.17658608961938 }, "geometry": { "type": "Point", "coordinates": [ 2695152.370642142370343, 237682.308098739886191 ] } },
{ "type": "Feature", "properties": { "objectid": 587391135, "distance_to_nearest_park": 880.17658608961938 }, "geometry": { "type": "Point", "coordinates": [ 2695152.370642142370343, 237682.308098739886191 ] } },
{ "type": "Feature", "properties": { "objectid": 587389227, "distance_to_nearest_park": 880.17658608961938 }, "geometry": { "type": "Point", "coordinates": [ 2695152.370642142370343, 237682.308098739886191 ] } },
{ "type": "Feature", "properties": { "objectid": 587390432, "distance_to_nearest_park": 1371.909136968857 }, "geometry": { "type": "Point", "coordinates": [ 2695474.921360549516976, 237194.686413409770466 ] } },
{ "type": "Feature", "properties": { "objectid": 587391639, "distance_to_nearest_park": 880.17658608961938 }, "geometry": { "type": "Point", "coordinates": [ 2695152.370642142370343, 237682.308098739886191 ] } },
{ "type": "Feature", "properties": { "objectid": 587391651, "distance_to_nearest_park": 880.17658608961938 }, "geometry": { "type": "Point", "coordinates": [ 2695152.370642142370343, 237682.308098739886191 ] } },
{ "type": "Feature", "properties": { "objectid": 587389032, "distance_to_nearest_park": 485.89525891242147 }, "geometry": { "type": "Point", "coordinates": [ 2695379.85904097231105, 239934.299273073964287 ] } },
{ "type": "Feature", "properties": { "objectid": 587391425, "distance_to_nearest_park": 880.17658608961938 }, "geometry": { "type": "Point", "coordinates": [ 2695152.370642142370343, 237682.308098739886191 ] } },
{ "type": "Feature", "properties": { "objectid": 587390245, "distance_to_nearest_park": 880.17658608961938 }, "geometry": { "type": "Point", "coordinates": [ 2695152.370642142370343, 237682.308098739886191 ] } },
{ "type": "Feature", "properties": { "objectid": 587391201, "distance_to_nearest_park": 880.17658608961938 }, "geometry": { "type": "Point", "coordinates": [ 2695152.370642142370343, 237682.308098739886191 ] } },
{ "type": "Feature", "properties": { "objectid": 587379035, "distance_to_nearest_park": 880.17658608961938 }, "geometry": { "type": "Point", "coordinates": [ 2695152.370642142370343, 237682.308098739886191 ] } },
{ "type": "Feature", "properties": { "objectid": 587390747, "distance_to_nearest_park": 578.13927992925164 }, "geometry": { "type": "Point", "coordinates": [ 2695309.280404812190682, 239873.915795167529723 ] } },
{ "type": "Feature", "properties": { "objectid": 587393122, "distance_to_nearest_park": 1371.909136968857 }, "geometry": { "type": "Point", "coordinates": [ 2695474.921360549516976, 237194.686413409770466 ] } },
{ "type": "Feature", "properties": { "objectid": 587393605, "distance_to_nearest_park": 539.90098463565243 }, "geometry": { "type": "Point", "coordinates": [ 2695999.516072014346719, 239670.798131771793123 ] } },
{ "type": "Feature", "properties": { "objectid": 587393606, "distance_to_nearest_park": 540.94910465577948 }, "geometry": { "type": "Point", "coordinates": [ 2696014.841226648073643, 239674.164219238213263 ] } },
{ "type": "Feature", "properties": { "objectid": 587394313, "distance_to_nearest_park": 880.17658608961938 }, "geometry": { "type": "Point", "coordinates": [ 2695152.370642142370343, 237682.308098739886191 ] } },
{ "type": "Feature", "properties": { "objectid": 587394813, "distance_to_nearest_park": 880.17658608961938 }, "geometry": { "type": "Point", "coordinates": [ 2695152.370642142370343, 237682.308098739886191 ] } },
{ "type": "Feature", "properties": { "objectid": 587392924, "distance_to_nearest_park": 1124.6738325756182 }, "geometry": { "type": "Point", "coordinates": [ 2695845.096065321937203, 236680.77084297084366 ] } },
{ "type": "Feature", "properties": { "objectid": 587392943, "distance_to_nearest_park": 1097.7193797211057 }, "geometry": { "type": "Point", "coordinates": [ 2695735.978144597727805, 237587.933503666310571 ] } },
{ "type": "Feature", "properties": { "objectid": 587394393, "distance_to_nearest_park": 880.17658608961938 }, "geometry": { "type": "Point", "coordinates": [ 2695152.370642142370343, 237682.308098739886191 ] } },
{ "type": "Feature", "properties": { "objectid": 587394871, "distance_to_nearest_park": 1711.0653137238687 }, "geometry": { "type": "Point", "coordinates": [ 2695184.23505436303094, 236788.181342460738961 ] } },
{ "type": "Feature", "properties": { "objectid": 587394872, "distance_to_nearest_park": 1711.0653137238687 }, "geometry": { "type": "Point", "coordinates": [ 2695184.23505436303094, 236788.181342460738961 ] } },
{ "type": "Feature", "properties": { "objectid": 587394873, "distance_to_nearest_park": 1711.0653137238687 }, "geometry": { "type": "Point", "coordinates": [ 2695184.23505436303094, 236788.181342460738961 ] } },
{ "type": "Feature", "properties": { "objectid": 587394874, "distance_to_nearest_park": 1711.0653137238687 }, "geometry": { "type": "Point", "coordinates": [ 2695184.23505436303094, 236788.181342460738961 ] } },
{ "type": "Feature", "properties": { "objectid": 587394875, "distance_to_nearest_park": 1711.0653137238687 }, "geometry": { "type": "Point", "coordinates": [ 2695184.23505436303094, 236788.181342460738961 ] } },
{ "type": "Feature", "properties": { "objectid": 587394876, "distance_to_nearest_park": 1711.0653137238687 }, "geometry": { "type": "Point", "coordinates": [ 2695184.23505436303094, 236788.181342460738961 ] } },
{ "type": "Feature", "properties": { "objectid": 587394877, "distance_to_nearest_park": 1711.0653137238687 }, "geometry": { "type": "Point", "coordinates": [ 2695184.23505436303094, 236788.181342460738961 ] } },
{ "type": "Feature", "properties": { "objectid": 587394409, "distance_to_nearest_park": 880.17658608961938 }, "geometry": { "type": "Point", "coordinates": [ 2695152.370642142370343, 237682.308098739886191 ] } },
{ "type": "Feature", "properties": { "objectid": 587394410, "distance_to_nearest_park": 880.17658608961938 }, "geometry": { "type": "Point", "coordinates": [ 2695152.370642142370343, 237682.308098739886191 ] } },
{ "type": "Feature", "properties": { "objectid": 587394878, "distance_to_nearest_park": 1711.0653137238687 }, "geometry": { "type": "Point", "coordinates": [ 2695184.23505436303094, 236788.181342460738961 ] } },
{ "type": "Feature", "properties": { "objectid": 587394879, "distance_to_nearest_park": 1711.0653137238687 }, "geometry": { "type": "Point", "coordinates": [ 2695184.23505436303094, 236788.181342460738961 ] } },
{ "type": "Feature", "properties": { "objectid": 587392730, "distance_to_nearest_park": 535.62683085192975 }, "geometry": { "type": "Point", "coordinates": [ 2695446.458579233847558, 239786.471213525830535 ] } },
{ "type": "Feature", "properties": { "objectid": 587393709, "distance_to_nearest_park": 880.17658608961938 }, "geometry": { "type": "Point", "coordinates": [ 2695152.370642142370343, 237682.308098739886191 ] } },
{ "type": "Feature", "properties": { "objectid": 587394487, "distance_to_nearest_park": 337.27838721781086 }, "geometry": { "type": "Point", "coordinates": [ 2694934.764043457340449, 239257.584727601817576 ] } },
{ "type": "Feature", "properties": { "objectid": 587392585, "distance_to_nearest_park": 880.17658608961938 }, "geometry": { "type": "Point", "coordinates": [ 2695152.370642142370343, 237682.308098739886191 ] } },
{ "type": "Feature", "properties": { "objectid": 587393813, "distance_to_nearest_park": 520.4028847222786 }, "geometry": { "type": "Point", "coordinates": [ 2695855.646885187830776, 239670.94200669816928 ] } },
{ "type": "Feature", "properties": { "objectid": 587393814, "distance_to_nearest_park": 521.9854738530363 }, "geometry": { "type": "Point", "coordinates": [ 2695873.632970089092851, 239669.648510037484812 ] } },
{ "type": "Feature", "properties": { "objectid": 587396200, "distance_to_nearest_park": 1371.909136968857 }, "geometry": { "type": "Point", "coordinates": [ 2695474.921360549516976, 237194.686413409770466 ] } },
{ "type": "Feature", "properties": { "objectid": 587396221, "distance_to_nearest_park": 1371.909136968857 }, "geometry": { "type": "Point", "coordinates": [ 2695474.921360549516976, 237194.686413409770466 ] } },
{ "type": "Feature", "properties": { "objectid": 587399125, "distance_to_nearest_park": 821.14867939701412 }, "geometry": { "type": "Point", "coordinates": [ 2696028.66669650375843, 237267.447721087897662 ] } },
{ "type": "Feature", "properties": { "objectid": 587397471, "distance_to_nearest_park": 109.78348591601551 }, "geometry": { "type": "Point", "coordinates": [ 2694469.865387341938913, 239111.64979695569491 ] } },
{ "type": "Feature", "properties": { "objectid": 587398905, "distance_to_nearest_park": 678.22767473504416 }, "geometry": { "type": "Point", "coordinates": [ 2695282.054925260599703, 239473.690719392063329 ] } },
{ "type": "Feature", "properties": { "objectid": 587398924, "distance_to_nearest_park": 1371.909136968857 }, "geometry": { "type": "Point", "coordinates": [ 2695474.921360549516976, 237194.686413409770466 ] } },
{ "type": "Feature", "properties": { "objectid": 587400099, "distance_to_nearest_park": 1013.4428124109796 }, "geometry": { "type": "Point", "coordinates": [ 2695611.277760085184127, 237622.535335073393071 ] } },
{ "type": "Feature", "properties": { "objectid": 587398929, "distance_to_nearest_park": 368.88688555298876 }, "geometry": { "type": "Point", "coordinates": [ 2694785.496019821614027, 238438.317545719473856 ] } },
{ "type": "Feature", "properties": { "objectid": 587398933, "distance_to_nearest_park": 1371.909136968857 }, "geometry": { "type": "Point", "coordinates": [ 2695474.921360549516976, 237194.686413409770466 ] } },
{ "type": "Feature", "properties": { "objectid": 587398934, "distance_to_nearest_park": 1371.909136968857 }, "geometry": { "type": "Point", "coordinates": [ 2695474.921360549516976, 237194.686413409770466 ] } },
{ "type": "Feature", "properties": { "objectid": 587398935, "distance_to_nearest_park": 1371.909136968857 }, "geometry": { "type": "Point", "coordinates": [ 2695474.921360549516976, 237194.686413409770466 ] } },
{ "type": "Feature", "properties": { "objectid": 587400112, "distance_to_nearest_park": 322.25244922479618 }, "geometry": { "type": "Point", "coordinates": [ 2692957.108550251927227, 237542.141080591711216 ] } },
{ "type": "Feature", "properties": { "objectid": 587399193, "distance_to_nearest_park": 957.64672406613192 }, "geometry": { "type": "Point", "coordinates": [ 2695953.871677401009947, 239210.626856616057921 ] } },
{ "type": "Feature", "properties": { "objectid": 587397062, "distance_to_nearest_park": 905.18057693210676 }, "geometry": { "type": "Point", "coordinates": [ 2696160.523362422827631, 238219.960627302381909 ] } },
{ "type": "Feature", "properties": { "objectid": 587397063, "distance_to_nearest_park": 892.46738002927736 }, "geometry": { "type": "Point", "coordinates": [ 2696156.389635148923844, 238188.861712005076697 ] } },
{ "type": "Feature", "properties": { "objectid": 587397772, "distance_to_nearest_park": 1064.8274036037549 }, "geometry": { "type": "Point", "coordinates": [ 2693475.742920597083867, 238487.740750212804414 ] } },
{ "type": "Feature", "properties": { "objectid": 587397077, "distance_to_nearest_park": 934.36678260722965 }, "geometry": { "type": "Point", "coordinates": [ 2696168.737242435105145, 238283.979083615791751 ] } },
{ "type": "Feature", "properties": { "objectid": 587398050, "distance_to_nearest_park": 1420.2368843790243 }, "geometry": { "type": "Point", "coordinates": [ 2695521.389413961209357, 236682.192190355417551 ] } },
{ "type": "Feature", "properties": { "objectid": 587396883, "distance_to_nearest_park": 895.31152571733378 }, "geometry": { "type": "Point", "coordinates": [ 2696134.375765010714531, 238155.414844239625381 ] } },
{ "type": "Feature", "properties": { "objectid": 587396884, "distance_to_nearest_park": 895.31152571733378 }, "geometry": { "type": "Point", "coordinates": [ 2696134.375765010714531, 238155.414844239625381 ] } },
{ "type": "Feature", "properties": { "objectid": 587398545, "distance_to_nearest_park": 616.04293223297384 }, "geometry": { "type": "Point", "coordinates": [ 2695260.603631870355457, 239879.410416047059698 ] } },
{ "type": "Feature", "properties": { "objectid": 587398331, "distance_to_nearest_park": 1159.9242989416423 }, "geometry": { "type": "Point", "coordinates": [ 2695767.97593784565106, 236766.334232933440944 ] } },
{ "type": "Feature", "properties": { "objectid": 587396900, "distance_to_nearest_park": 927.12315789943796 }, "geometry": { "type": "Point", "coordinates": [ 2696166.395534608978778, 238268.239323016459821 ] } },
{ "type": "Feature", "properties": { "objectid": 587396901, "distance_to_nearest_park": 919.84438392269919 }, "geometry": { "type": "Point", "coordinates": [ 2696164.873046004679054, 238253.252531363657909 ] } },
{ "type": "Feature", "properties": { "objectid": 587398814, "distance_to_nearest_park": 557.5685922749193 }, "geometry": { "type": "Point", "coordinates": [ 2695567.427131429314613, 239687.617890483903466 ] } },
{ "type": "Feature", "properties": { "objectid": 587394691, "distance_to_nearest_park": 880.17658608961938 }, "geometry": { "type": "Point", "coordinates": [ 2695152.370642142370343, 237682.308098739886191 ] } },
{ "type": "Feature", "properties": { "objectid": 587394693, "distance_to_nearest_park": 912.62737857917841 }, "geometry": { "type": "Point", "coordinates": [ 2696162.283240696415305, 238236.412157263432164 ] } },
{ "type": "Feature", "properties": { "objectid": 587385987, "distance_to_nearest_park": 1014.8757589587128 }, "geometry": { "type": "Point", "coordinates": [ 2694791.871289751492441, 239998.30361168901436 ] } },
{ "type": "Feature", "properties": { "objectid": 587388205, "distance_to_nearest_park": 880.17658608961938 }, "geometry": { "type": "Point", "coordinates": [ 2695152.370642142370343, 237682.308098739886191 ] } },
{ "type": "Feature", "properties": { "objectid": 587388206, "distance_to_nearest_park": 880.17658608961938 }, "geometry": { "type": "Point", "coordinates": [ 2695152.370642142370343, 237682.308098739886191 ] } },
{ "type": "Feature", "properties": { "objectid": 587388684, "distance_to_nearest_park": 880.17658608961938 }, "geometry": { "type": "Point", "coordinates": [ 2695152.370642142370343, 237682.308098739886191 ] } },
{ "type": "Feature", "properties": { "objectid": 587388685, "distance_to_nearest_park": 880.17658608961938 }, "geometry": { "type": "Point", "coordinates": [ 2695152.370642142370343, 237682.308098739886191 ] } },
{ "type": "Feature", "properties": { "objectid": 587388686, "distance_to_nearest_park": 880.17658608961938 }, "geometry": { "type": "Point", "coordinates": [ 2695152.370642142370343, 237682.308098739886191 ] } },
{ "type": "Feature", "properties": { "objectid": 587388476, "distance_to_nearest_park": 880.17658608961938 }, "geometry": { "type": "Point", "coordinates": [ 2695152.370642142370343, 237682.308098739886191 ] } },
{ "type": "Feature", "properties": { "objectid": 587388488, "distance_to_nearest_park": 880.17658608961938 }, "geometry": { "type": "Point", "coordinates": [ 2695152.370642142370343, 237682.308098739886191 ] } },
{ "type": "Feature", "properties": { "objectid": 587386092, "distance_to_nearest_park": 880.17658608961938 }, "geometry": { "type": "Point", "coordinates": [ 2695152.370642142370343, 237682.308098739886191 ] } },
{ "type": "Feature", "properties": { "objectid": 587388289, "distance_to_nearest_park": 822.2294188852386 }, "geometry": { "type": "Point", "coordinates": [ 2696036.624457028694451, 237340.205126002896577 ] } },
{ "type": "Feature", "properties": { "objectid": 587386628, "distance_to_nearest_park": 880.17658608961938 }, "geometry": { "type": "Point", "coordinates": [ 2695152.370642142370343, 237682.308098739886191 ] } },
{ "type": "Feature", "properties": { "objectid": 587386417, "distance_to_nearest_park": 1371.909136968857 }, "geometry": { "type": "Point", "coordinates": [ 2695474.921360549516976, 237194.686413409770466 ] } },
{ "type": "Feature", "properties": { "objectid": 587388338, "distance_to_nearest_park": 880.17658608961938 }, "geometry": { "type": "Point", "coordinates": [ 2695152.370642142370343, 237682.308098739886191 ] } },
{ "type": "Feature", "properties": { "objectid": 587387868, "distance_to_nearest_park": 976.219441827266 }, "geometry": { "type": "Point", "coordinates": [ 2695637.510902535635978, 237674.692082831490552 ] } },
{ "type": "Feature", "properties": { "objectid": 587387403, "distance_to_nearest_park": 880.17658608961938 }, "geometry": { "type": "Point", "coordinates": [ 2695152.370642142370343, 237682.308098739886191 ] } },
{ "type": "Feature", "properties": { "objectid": 587386219, "distance_to_nearest_park": 880.17658608961938 }, "geometry": { "type": "Point", "coordinates": [ 2695152.370642142370343, 237682.308098739886191 ] } },
{ "type": "Feature", "properties": { "objectid": 587406007, "distance_to_nearest_park": 643.45854479141497 }, "geometry": { "type": "Point", "coordinates": [ 2695341.385599248111248, 239735.643035247077933 ] } },
{ "type": "Feature", "properties": { "objectid": 587405060, "distance_to_nearest_park": 430.70807786778687 }, "geometry": { "type": "Point", "coordinates": [ 2694789.36473099142313, 238306.504183532233583 ] } },
{ "type": "Feature", "properties": { "objectid": 587405061, "distance_to_nearest_park": 430.70807786778687 }, "geometry": { "type": "Point", "coordinates": [ 2694789.36473099142313, 238306.504183532233583 ] } },
{ "type": "Feature", "properties": { "objectid": 587407423, "distance_to_nearest_park": 590.30617771164589 }, "geometry": { "type": "Point", "coordinates": [ 2695293.234477067831904, 239875.995561491639819 ] } },
{ "type": "Feature", "properties": { "objectid": 587405319, "distance_to_nearest_park": 910.36944739025137 }, "geometry": { "type": "Point", "coordinates": [ 2696132.629191847052425, 238653.552360387082445 ] } },
{ "type": "Feature", "properties": { "objectid": 587404889, "distance_to_nearest_park": 842.438569252089 }, "geometry": { "type": "Point", "coordinates": [ 2696048.745773217175156, 237538.452125490497565 ] } },
{ "type": "Feature", "properties": { "objectid": 587407664, "distance_to_nearest_park": 875.53436480572259 }, "geometry": { "type": "Point", "coordinates": [ 2695391.367359029594809, 237699.895853479887592 ] } },
{ "type": "Feature", "properties": { "objectid": 587406822, "distance_to_nearest_park": 1355.61429855761 }, "geometry": { "type": "Point", "coordinates": [ 2695590.347438007593155, 236683.489227168174693 ] } },
{ "type": "Feature", "properties": { "objectid": 587406827, "distance_to_nearest_park": 1050.142101417282 }, "geometry": { "type": "Point", "coordinates": [ 2694622.386243281885982, 237650.716088454646524 ] } },
{ "type": "Feature", "properties": { "objectid": 587407108, "distance_to_nearest_park": 1156.3068712311513 }, "geometry": { "type": "Point", "coordinates": [ 2695737.560170063748956, 236866.02565854092245 ] } },
{ "type": "Feature", "properties": { "objectid": 587404261, "distance_to_nearest_park": 1038.3182499011455 }, "geometry": { "type": "Point", "coordinates": [ 2695625.35954169742763, 237601.447175333451014 ] } },
{ "type": "Feature", "properties": { "objectid": 587406637, "distance_to_nearest_park": 435.05531859223385 }, "geometry": { "type": "Point", "coordinates": [ 2695229.413918384816498, 238124.44855641113827 ] } },
{ "type": "Feature", "properties": { "objectid": 587404505, "distance_to_nearest_park": 430.70807786778687 }, "geometry": { "type": "Point", "coordinates": [ 2694789.36473099142313, 238306.504183532233583 ] } },
{ "type": "Feature", "properties": { "objectid": 587407329, "distance_to_nearest_park": 888.53014050397735 }, "geometry": { "type": "Point", "coordinates": [ 2695389.801565698813647, 237686.365609941567527 ] } },
{ "type": "Feature", "properties": { "objectid": 587407389, "distance_to_nearest_park": 1004.7719752529088 }, "geometry": { "type": "Point", "coordinates": [ 2696229.76128162490204, 238526.303743735596072 ] } },
{ "type": "Feature", "properties": { "objectid": 587409304, "distance_to_nearest_park": 653.83744867976452 }, "geometry": { "type": "Point", "coordinates": [ 2695213.8989347955212, 239884.598610463814111 ] } },
{ "type": "Feature", "properties": { "objectid": 587409549, "distance_to_nearest_park": 640.69169321727179 }, "geometry": { "type": "Point", "coordinates": [ 2695229.93415463808924, 239882.882917831855593 ] } },
{ "type": "Feature", "properties": { "objectid": 587407880, "distance_to_nearest_park": 701.07499502872304 }, "geometry": { "type": "Point", "coordinates": [ 2694470.154068075120449, 238231.902886719675735 ] } },
{ "type": "Feature", "properties": { "objectid": 587410304, "distance_to_nearest_park": 1132.6084680091819 }, "geometry": { "type": "Point", "coordinates": [ 2697366.111906591802835, 239356.049733682419173 ] } },
{ "type": "Feature", "properties": { "objectid": 587411033, "distance_to_nearest_park": 1131.3757315284372 }, "geometry": { "type": "Point", "coordinates": [ 2695583.862265518866479, 237486.522843815822853 ] } },
{ "type": "Feature", "properties": { "objectid": 587410593, "distance_to_nearest_park": 313.63212992207195 }, "geometry": { "type": "Point", "coordinates": [ 2695248.539521974045783, 238246.732916044682497 ] } },
{ "type": "Feature", "properties": { "objectid": 587408697, "distance_to_nearest_park": 521.75090663690401 }, "geometry": { "type": "Point", "coordinates": [ 2695765.166803963016719, 239677.029090740485117 ] } },
{ "type": "Feature", "properties": { "objectid": 587410612, "distance_to_nearest_park": 257.98502808493157 }, "geometry": { "type": "Point", "coordinates": [ 2694734.616274141240865, 239216.359234223084059 ] } },
{ "type": "Feature", "properties": { "objectid": 587408990, "distance_to_nearest_park": 519.44183604604245 }, "geometry": { "type": "Point", "coordinates": [ 2695837.660802551079541, 239672.235516447864939 ] } },
{ "type": "Feature", "properties": { "objectid": 587410903, "distance_to_nearest_park": 400.82677226717061 }, "geometry": { "type": "Point", "coordinates": [ 2695548.898874856065959, 238323.341524084040429 ] } },
{ "type": "Feature", "properties": { "objectid": 587409010, "distance_to_nearest_park": 628.42142013646219 }, "geometry": { "type": "Point", "coordinates": [ 2695245.128795052412897, 239881.142547513911268 ] } },
{ "type": "Feature", "properties": { "objectid": 587409248, "distance_to_nearest_park": 971.27717145371878 }, "geometry": { "type": "Point", "coordinates": [ 2695938.015700426883996, 236849.686357838771073 ] } },
{ "type": "Feature", "properties": { "objectid": 587409278, "distance_to_nearest_park": 430.70807786778687 }, "geometry": { "type": "Point", "coordinates": [ 2694789.36473099142313, 238306.504183532233583 ] } },
{ "type": "Feature", "properties": { "objectid": 587409754, "distance_to_nearest_park": 430.70807786778687 }, "geometry": { "type": "Point", "coordinates": [ 2694789.36473099142313, 238306.504183532233583 ] } },
{ "type": "Feature", "properties": { "objectid": 587412402, "distance_to_nearest_park": 755.89716061507147 }, "geometry": { "type": "Point", "coordinates": [ 2695905.141267177648842, 238903.065161123173311 ] } },
{ "type": "Feature", "properties": { "objectid": 587411702, "distance_to_nearest_park": 430.70807786778687 }, "geometry": { "type": "Point", "coordinates": [ 2694789.36473099142313, 238306.504183532233583 ] } },
{ "type": "Feature", "properties": { "objectid": 587415083, "distance_to_nearest_park": 873.62854454143599 }, "geometry": { "type": "Point", "coordinates": [ 2694864.676951127126813, 237737.638801484485157 ] } },
{ "type": "Feature", "properties": { "objectid": 587388156, "distance_to_nearest_park": 694.89538973095466 }, "geometry": { "type": "Point", "coordinates": [ 2695869.918297491036355, 238832.421845126402332 ] } },
{ "type": "Feature", "properties": { "objectid": 587412585, "distance_to_nearest_park": 44.041086140716942 }, "geometry": { "type": "Point", "coordinates": [ 2692333.38955638371408, 237148.154139010672225 ] } },
{ "type": "Feature", "properties": { "objectid": 587412593, "distance_to_nearest_park": 1302.2651956056361 }, "geometry": { "type": "Point", "coordinates": [ 2695617.773044838570058, 236761.920581532758661 ] } },
{ "type": "Feature", "properties": { "objectid": 587412816, "distance_to_nearest_park": 430.70807786778687 }, "geometry": { "type": "Point", "coordinates": [ 2694789.36473099142313, 238306.504183532233583 ] } },
{ "type": "Feature", "properties": { "objectid": 587412817, "distance_to_nearest_park": 430.70807786778687 }, "geometry": { "type": "Point", "coordinates": [ 2694789.36473099142313, 238306.504183532233583 ] } },
{ "type": "Feature", "properties": { "objectid": 587405332, "distance_to_nearest_park": 953.98935591187444 }, "geometry": { "type": "Point", "coordinates": [ 2696169.283054143656045, 238713.669392367592081 ] } },
{ "type": "Feature", "properties": { "objectid": 587405333, "distance_to_nearest_park": 879.65432751555556 }, "geometry": { "type": "Point", "coordinates": [ 2696029.448969572316855, 238929.314838221791433 ] } },
{ "type": "Feature", "properties": { "objectid": 587405334, "distance_to_nearest_park": 927.60030274738392 }, "geometry": { "type": "Point", "coordinates": [ 2696130.712896907702088, 238775.947706804203335 ] } },
{ "type": "Feature", "properties": { "objectid": 587413073, "distance_to_nearest_park": 109.78348591601551 }, "geometry": { "type": "Point", "coordinates": [ 2694469.865387341938913, 239111.64979695569491 ] } },
{ "type": "Feature", "properties": { "objectid": 587411882, "distance_to_nearest_park": 430.70807786778687 }, "geometry": { "type": "Point", "coordinates": [ 2694789.36473099142313, 238306.504183532233583 ] } },
{ "type": "Feature", "properties": { "objectid": 587412371, "distance_to_nearest_park": 679.74929017992531 }, "geometry": { "type": "Point", "coordinates": [ 2695830.010325454641134, 238882.999214858136838 ] } },
{ "type": "Feature", "properties": { "objectid": 587412387, "distance_to_nearest_park": 430.70807786778687 }, "geometry": { "type": "Point", "coordinates": [ 2694789.36473099142313, 238306.504183532233583 ] } },
{ "type": "Feature", "properties": { "objectid": 587412393, "distance_to_nearest_park": 924.78880732224513 }, "geometry": { "type": "Point", "coordinates": [ 2696150.651352958288044, 238555.683617486123694 ] } },
{ "type": "Feature", "properties": { "objectid": 587412396, "distance_to_nearest_park": 1034.7654569707609 }, "geometry": { "type": "Point", "coordinates": [ 2694624.427420841064304, 237667.17573105613701 ] } },
{ "type": "Feature", "properties": { "objectid": 587412397, "distance_to_nearest_park": 447.26157867416725 }, "geometry": { "type": "Point", "coordinates": [ 2695656.481516014318913, 238441.665438251395244 ] } },
{ "type": "Feature", "properties": { "objectid": 587412398, "distance_to_nearest_park": 752.07154933839581 }, "geometry": { "type": "Point", "coordinates": [ 2695974.827432681806386, 238640.89509567557252 ] } },
{ "type": "Feature", "properties": { "objectid": 587412400, "distance_to_nearest_park": 1008.2347572384773 }, "geometry": { "type": "Point", "coordinates": [ 2696234.041206602472812, 238590.570980276766932 ] } },
{ "type": "Feature", "properties": { "objectid": 587403432, "distance_to_nearest_park": 614.36354119142231 }, "geometry": { "type": "Point", "coordinates": [ 2695224.841518766246736, 239951.247923177405028 ] } },
{ "type": "Feature", "properties": { "objectid": 587400611, "distance_to_nearest_park": 1371.909136968857 }, "geometry": { "type": "Point", "coordinates": [ 2695474.921360549516976, 237194.686413409770466 ] } },
{ "type": "Feature", "properties": { "objectid": 587400596, "distance_to_nearest_park": 1371.909136968857 }, "geometry": { "type": "Point", "coordinates": [ 2695474.921360549516976, 237194.686413409770466 ] } },
{ "type": "Feature", "properties": { "objectid": 587401307, "distance_to_nearest_park": 938.22117210295801 }, "geometry": { "type": "Point", "coordinates": [ 2695978.495095643680543, 236837.027568331017392 ] } },
{ "type": "Feature", "properties": { "objectid": 587401310, "distance_to_nearest_park": 952.04182269468583 }, "geometry": { "type": "Point", "coordinates": [ 2695974.792819820810109, 236810.314657287992304 ] } },
{ "type": "Feature", "properties": { "objectid": 587401100, "distance_to_nearest_park": 1261.7052507793358 }, "geometry": { "type": "Point", "coordinates": [ 2694378.62618021061644, 237556.463921038608532 ] } },
{ "type": "Feature", "properties": { "objectid": 587401106, "distance_to_nearest_park": 1306.2157073743763 }, "geometry": { "type": "Point", "coordinates": [ 2694371.391906426288188, 237506.688051397330128 ] } },
{ "type": "Feature", "properties": { "objectid": 587401143, "distance_to_nearest_park": 1003.1299888692855 }, "geometry": { "type": "Point", "coordinates": [ 2696158.99102936591953, 238939.683726357325213 ] } },
{ "type": "Feature", "properties": { "objectid": 587401668, "distance_to_nearest_park": 477.98953477363466 }, "geometry": { "type": "Point", "coordinates": [ 2695620.214302883949131, 239752.217005587619497 ] } },
{ "type": "Feature", "properties": { "objectid": 587401927, "distance_to_nearest_park": 324.12254687625244 }, "geometry": { "type": "Point", "coordinates": [ 2693219.324667932465672, 237188.296084004774457 ] } },
{ "type": "Feature", "properties": { "objectid": 587417187, "distance_to_nearest_park": 849.66426650469089 }, "geometry": { "type": "Point", "coordinates": [ 2696306.863860385958105, 239471.012268974678591 ] } },
{ "type": "Feature", "properties": { "objectid": 587417188, "distance_to_nearest_park": 931.0609947574236 }, "geometry": { "type": "Point", "coordinates": [ 2696255.726988361682743, 239350.336487936758203 ] } },
{ "type": "Feature", "properties": { "objectid": 587417189, "distance_to_nearest_park": 881.29627626676267 }, "geometry": { "type": "Point", "coordinates": [ 2696272.626254221890122, 239414.610447314480552 ] } },
{ "type": "Feature", "properties": { "objectid": 587417190, "distance_to_nearest_park": 988.99379774352326 }, "geometry": { "type": "Point", "coordinates": [ 2696272.797926923725754, 239294.350411384657491 ] } },
{ "type": "Feature", "properties": { "objectid": 587417191, "distance_to_nearest_park": 981.27712129427834 }, "geometry": { "type": "Point", "coordinates": [ 2696254.56346794962883, 239294.543003046826925 ] } },
{ "type": "Feature", "properties": { "objectid": 587417192, "distance_to_nearest_park": 993.54683823087419 }, "geometry": { "type": "Point", "coordinates": [ 2696290.645090462639928, 239297.790838679415174 ] } },
{ "type": "Feature", "properties": { "objectid": 587417193, "distance_to_nearest_park": 898.23077061986328 }, "geometry": { "type": "Point", "coordinates": [ 2696306.573203940410167, 239414.151131568534765 ] } },
{ "type": "Feature", "properties": { "objectid": 587417194, "distance_to_nearest_park": 934.72608990009314 }, "geometry": { "type": "Point", "coordinates": [ 2696293.707420847378671, 239365.302244457969209 ] } },
{ "type": "Feature", "properties": { "objectid": 587417195, "distance_to_nearest_park": 939.41522631977557 }, "geometry": { "type": "Point", "coordinates": [ 2696273.691915678326041, 239349.7715314545203 ] } },
{ "type": "Feature", "properties": { "objectid": 587417196, "distance_to_nearest_park": 889.70653547541974 }, "geometry": { "type": "Point", "coordinates": [ 2696289.739828387275338, 239414.384904215985443 ] } },
{ "type": "Feature", "properties": { "objectid": 587417197, "distance_to_nearest_park": 905.9404513467872 }, "geometry": { "type": "Point", "coordinates": [ 2696322.544562192168087, 239414.620895016734721 ] } },
{ "type": "Feature", "properties": { "objectid": 587417220, "distance_to_nearest_park": 109.78348591601551 }, "geometry": { "type": "Point", "coordinates": [ 2694469.865387341938913, 239111.64979695569491 ] } },
{ "type": "Feature", "properties": { "objectid": 587415447, "distance_to_nearest_park": 676.76933597919913 }, "geometry": { "type": "Point", "coordinates": [ 2694556.302673393394798, 238211.106284683279227 ] } },
{ "type": "Feature", "properties": { "objectid": 587415459, "distance_to_nearest_park": 746.80703234657676 }, "geometry": { "type": "Point", "coordinates": [ 2694464.193133598659188, 238186.537597197049763 ] } },
{ "type": "Feature", "properties": { "objectid": 587415737, "distance_to_nearest_park": 109.78348591601551 }, "geometry": { "type": "Point", "coordinates": [ 2694469.865387341938913, 239111.64979695569491 ] } },
{ "type": "Feature", "properties": { "objectid": 587415774, "distance_to_nearest_park": 333.62134692003087 }, "geometry": { "type": "Point", "coordinates": [ 2695539.614482633303851, 238448.435863334714668 ] } },
{ "type": "Feature", "properties": { "objectid": 587416258, "distance_to_nearest_park": 109.78348591601551 }, "geometry": { "type": "Point", "coordinates": [ 2694469.865387341938913, 239111.64979695569491 ] } },
{ "type": "Feature", "properties": { "objectid": 587416954, "distance_to_nearest_park": 109.78348591601551 }, "geometry": { "type": "Point", "coordinates": [ 2694469.865387341938913, 239111.64979695569491 ] } },
{ "type": "Feature", "properties": { "objectid": 587416972, "distance_to_nearest_park": 715.98162513503553 }, "geometry": { "type": "Point", "coordinates": [ 2696130.985086798667908, 237183.354923566570505 ] } },
{ "type": "Feature", "properties": { "objectid": 587421248, "distance_to_nearest_park": 313.0328547202289 }, "geometry": { "type": "Point", "coordinates": [ 2694412.395972063299268, 238632.913398948963732 ] } },
{ "type": "Feature", "properties": { "objectid": 587421264, "distance_to_nearest_park": 377.22191430760824 }, "geometry": { "type": "Point", "coordinates": [ 2694390.631585711147636, 238571.778106066252803 ] } },
{ "type": "Feature", "properties": { "objectid": 587419361, "distance_to_nearest_park": 783.84022385742787 }, "geometry": { "type": "Point", "coordinates": [ 2695650.139684926252812, 239335.084407125483267 ] } },
{ "type": "Feature", "properties": { "objectid": 587420815, "distance_to_nearest_park": 836.08947031701928 }, "geometry": { "type": "Point", "coordinates": [ 2696031.20454572699964, 237400.542738382675452 ] } },
{ "type": "Feature", "properties": { "objectid": 587418763, "distance_to_nearest_park": 382.59228261934419 }, "geometry": { "type": "Point", "coordinates": [ 2695828.851738016586751, 239809.734706595452735 ] } },
{ "type": "Feature", "properties": { "objectid": 587424054, "distance_to_nearest_park": 127.4859572912726 }, "geometry": { "type": "Point", "coordinates": [ 2695013.087603639345616, 238519.343958545650821 ] } },
{ "type": "Feature", "properties": { "objectid": 587424055, "distance_to_nearest_park": 85.238082030488627 }, "geometry": { "type": "Point", "coordinates": [ 2695067.424606, 238512.192771301895846 ] } },
{ "type": "Feature", "properties": { "objectid": 587424056, "distance_to_nearest_park": 66.130321500916281 }, "geometry": { "type": "Point", "coordinates": [ 2695111.340429800562561, 238506.557897002086975 ] } },
{ "type": "Feature", "properties": { "objectid": 587400610, "distance_to_nearest_park": 1371.909136968857 }, "geometry": { "type": "Point", "coordinates": [ 2695474.921360549516976, 237194.686413409770466 ] } },
{ "type": "Feature", "properties": { "objectid": 587426230, "distance_to_nearest_park": 874.73076273480547 }, "geometry": { "type": "Point", "coordinates": [ 2695937.721632563509047, 238052.327854641102022 ] } },
{ "type": "Feature", "properties": { "objectid": 587423399, "distance_to_nearest_park": 1077.7653961239032 }, "geometry": { "type": "Point", "coordinates": [ 2695778.13062353618443, 237336.980245122831548 ] } },
{ "type": "Feature", "properties": { "objectid": 587424227, "distance_to_nearest_park": 349.5229675804668 }, "geometry": { "type": "Point", "coordinates": [ 2694529.486943351570517, 238580.22496184107149 ] } },
{ "type": "Feature", "properties": { "objectid": 587425423, "distance_to_nearest_park": 959.24073926600715 }, "geometry": { "type": "Point", "coordinates": [ 2695905.772078988607973, 237393.211070257239044 ] } },
{ "type": "Feature", "properties": { "objectid": 587425433, "distance_to_nearest_park": 1113.9468610264933 }, "geometry": { "type": "Point", "coordinates": [ 2694520.114431296475232, 237637.875552000128664 ] } },
{ "type": "Feature", "properties": { "objectid": 587430929, "distance_to_nearest_park": 800.37982642524344 }, "geometry": { "type": "Point", "coordinates": [ 2695046.745169913861901, 239894.632050630956655 ] } },
{ "type": "Feature", "properties": { "objectid": 587431675, "distance_to_nearest_park": 469.24937738180125 }, "geometry": { "type": "Point", "coordinates": [ 2694629.634804040193558, 239458.545786508126184 ] } },
{ "type": "Feature", "properties": { "objectid": 587432379, "distance_to_nearest_park": 1162.9364755013191 }, "geometry": { "type": "Point", "coordinates": [ 2693284.001659675966948, 239633.749232807400404 ] } },
{ "type": "Feature", "properties": { "objectid": 587433357, "distance_to_nearest_park": 258.08778619606068 }, "geometry": { "type": "Point", "coordinates": [ 2692945.460879569407552, 237451.419437253294745 ] } },
{ "type": "Feature", "properties": { "objectid": 587432201, "distance_to_nearest_park": 1075.2865984485243 }, "geometry": { "type": "Point", "coordinates": [ 2696149.714464365970343, 239121.630734393111197 ] } },
{ "type": "Feature", "properties": { "objectid": 587432960, "distance_to_nearest_park": 882.80390528065493 }, "geometry": { "type": "Point", "coordinates": [ 2696025.91571135353297, 237685.378924155666027 ] } },
{ "type": "Feature", "properties": { "objectid": 587433735, "distance_to_nearest_park": 1423.9819657865962 }, "geometry": { "type": "Point", "coordinates": [ 2695494.544905568938702, 236746.273759469942888 ] } },
{ "type": "Feature", "properties": { "objectid": 587433997, "distance_to_nearest_park": 720.18007089728269 }, "geometry": { "type": "Point", "coordinates": [ 2696256.10965595766902, 238002.28559148547356 ] } },
{ "type": "Feature", "properties": { "objectid": 587437120, "distance_to_nearest_park": 444.25447278901038 }, "geometry": { "type": "Point", "coordinates": [ 2694922.163619582541287, 238177.381931531155715 ] } },
{ "type": "Feature", "properties": { "objectid": 587437606, "distance_to_nearest_park": 745.741208225592 }, "geometry": { "type": "Point", "coordinates": [ 2693546.226389432325959, 237479.582494181726361 ] } },
{ "type": "Feature", "properties": { "objectid": 587435498, "distance_to_nearest_park": 389.51219253352923 }, "geometry": { "type": "Point", "coordinates": [ 2694769.703353855758905, 238422.1831616970303 ] } },
{ "type": "Feature", "properties": { "objectid": 587435269, "distance_to_nearest_park": 1611.3558187172625 }, "geometry": { "type": "Point", "coordinates": [ 2695291.601149703375995, 236770.92568981309887 ] } },
{ "type": "Feature", "properties": { "objectid": 587436243, "distance_to_nearest_park": 1328.7725483157587 }, "geometry": { "type": "Point", "coordinates": [ 2695524.921748861670494, 237058.397255143732764 ] } },
{ "type": "Feature", "properties": { "objectid": 587435562, "distance_to_nearest_park": 349.5229675804668 }, "geometry": { "type": "Point", "coordinates": [ 2694529.486943351570517, 238580.22496184107149 ] } },
{ "type": "Feature", "properties": { "objectid": 587435824, "distance_to_nearest_park": 957.38860122809081 }, "geometry": { "type": "Point", "coordinates": [ 2695454.282027238979936, 237629.94942961045308 ] } },
{ "type": "Feature", "properties": { "objectid": 587436537, "distance_to_nearest_park": 944.73806569300655 }, "geometry": { "type": "Point", "coordinates": [ 2695332.827187944669276, 237620.915284877031809 ] } },
{ "type": "Feature", "properties": { "objectid": 587437017, "distance_to_nearest_park": 788.338251141456 }, "geometry": { "type": "Point", "coordinates": [ 2695683.789854680653661, 239306.553680228855228 ] } },
{ "type": "Feature", "properties": { "objectid": 587434895, "distance_to_nearest_park": 744.1217039389021 }, "geometry": { "type": "Point", "coordinates": [ 2696261.619418433867395, 238072.420030528097413 ] } },
{ "type": "Feature", "properties": { "objectid": 587436329, "distance_to_nearest_park": 464.2256552185824 }, "geometry": { "type": "Point", "coordinates": [ 2695841.088164961896837, 239727.366621443448821 ] } },
{ "type": "Feature", "properties": { "objectid": 587434419, "distance_to_nearest_park": 1218.5697030213562 }, "geometry": { "type": "Point", "coordinates": [ 2693856.315623989328742, 237837.072901117237052 ] } },
{ "type": "Feature", "properties": { "objectid": 587437327, "distance_to_nearest_park": 1505.4749379464399 }, "geometry": { "type": "Point", "coordinates": [ 2695406.210589951369911, 236755.341012660763226 ] } },
{ "type": "Feature", "properties": { "objectid": 587438811, "distance_to_nearest_park": 453.60901339656175 }, "geometry": { "type": "Point", "coordinates": [ 2695678.812695932108909, 238597.937261067476356 ] } },
{ "type": "Feature", "properties": { "objectid": 587438591, "distance_to_nearest_park": 669.90089591443814 }, "geometry": { "type": "Point", "coordinates": [ 2696551.546320164110512, 236587.474348496674793 ] } },
{ "type": "Feature", "properties": { "objectid": 587440269, "distance_to_nearest_park": 773.94051712120086 }, "geometry": { "type": "Point", "coordinates": [ 2696103.073158291168511, 236978.448133525002049 ] } },
{ "type": "Feature", "properties": { "objectid": 587440061, "distance_to_nearest_park": 487.94312843177704 }, "geometry": { "type": "Point", "coordinates": [ 2697508.873632652685046, 238727.222651521849912 ] } },
{ "type": "Feature", "properties": { "objectid": 587440295, "distance_to_nearest_park": 1248.5000450281207 }, "geometry": { "type": "Point", "coordinates": [ 2695695.309434192720801, 236709.897386475320673 ] } },
{ "type": "Feature", "properties": { "objectid": 587439399, "distance_to_nearest_park": 563.43251065261165 }, "geometry": { "type": "Point", "coordinates": [ 2695672.341049162205309, 238216.907956787501462 ] } },
{ "type": "Feature", "properties": { "objectid": 587439405, "distance_to_nearest_park": 510.95502648874856 }, "geometry": { "type": "Point", "coordinates": [ 2695584.598239798098803, 238196.472220602998277 ] } },
{ "type": "Feature", "properties": { "objectid": 587439406, "distance_to_nearest_park": 554.88393359602253 }, "geometry": { "type": "Point", "coordinates": [ 2695638.375719806179404, 238189.30582076968858 ] } },
{ "type": "Feature", "properties": { "objectid": 587425769, "distance_to_nearest_park": 1268.6807936145537 }, "geometry": { "type": "Point", "coordinates": [ 2694423.558218191377819, 237516.235906023706775 ] } },
{ "type": "Feature", "properties": { "objectid": 587427209, "distance_to_nearest_park": 816.07665814907648 }, "geometry": { "type": "Point", "coordinates": [ 2695668.121264450252056, 239362.581333840760635 ] } },
{ "type": "Feature", "properties": { "objectid": 587430331, "distance_to_nearest_park": 776.15285711615218 }, "geometry": { "type": "Point", "coordinates": [ 2695666.665523564908653, 239307.143767353059957 ] } },
{ "type": "Feature", "properties": { "objectid": 587427725, "distance_to_nearest_park": 1184.1408912960171 }, "geometry": { "type": "Point", "coordinates": [ 2695662.91319480817765, 237220.618233997724019 ] } },
{ "type": "Feature", "properties": { "objectid": 587429635, "distance_to_nearest_park": 753.80160811488383 }, "geometry": { "type": "Point", "coordinates": [ 2695419.901926417835057, 239478.104276433266932 ] } },
{ "type": "Feature", "properties": { "objectid": 587426814, "distance_to_nearest_park": 746.32019569343402 }, "geometry": { "type": "Point", "coordinates": [ 2694447.014674273785204, 238188.94915555807529 ] } },
{ "type": "Feature", "properties": { "objectid": 587426821, "distance_to_nearest_park": 591.20440085019698 }, "geometry": { "type": "Point", "coordinates": [ 2695351.43555970583111, 239326.672954538895283 ] } },
{ "type": "Feature", "properties": { "objectid": 587428507, "distance_to_nearest_park": 92.399350282854726 }, "geometry": { "type": "Point", "coordinates": [ 2694597.780178971588612, 239081.874506317952182 ] } },
{ "type": "Feature", "properties": { "objectid": 587430191, "distance_to_nearest_park": 1079.8925170222878 }, "geometry": { "type": "Point", "coordinates": [ 2694956.229431397281587, 237504.169761047000065 ] } },
{ "type": "Feature", "properties": { "objectid": 587430206, "distance_to_nearest_park": 846.22946613812417 }, "geometry": { "type": "Point", "coordinates": [ 2694967.268894243985415, 237739.55700520175742 ] } },
{ "type": "Feature", "properties": { "objectid": 587427103, "distance_to_nearest_park": 742.76258558027962 }, "geometry": { "type": "Point", "coordinates": [ 2696271.526877547148615, 238088.382305249542696 ] } },
{ "type": "Feature", "properties": { "objectid": 587444807, "distance_to_nearest_park": 901.83186619992193 }, "geometry": { "type": "Point", "coordinates": [ 2695985.133806082420051, 237527.106596101657487 ] } },
{ "type": "Feature", "properties": { "objectid": 587445865, "distance_to_nearest_park": 838.44757092061843 }, "geometry": { "type": "Point", "coordinates": [ 2696044.017297987826169, 237498.953644889872521 ] } },
{ "type": "Feature", "properties": { "objectid": 587444698, "distance_to_nearest_park": 877.01670184239185 }, "geometry": { "type": "Point", "coordinates": [ 2695467.719403715338558, 237716.716269697295502 ] } },
{ "type": "Feature", "properties": { "objectid": 587446876, "distance_to_nearest_park": 757.27497189475787 }, "geometry": { "type": "Point", "coordinates": [ 2694880.300883491989225, 237855.082321221532766 ] } },
{ "type": "Feature", "properties": { "objectid": 587443300, "distance_to_nearest_park": 886.13302071092107 }, "geometry": { "type": "Point", "coordinates": [ 2695968.169414043426514, 237312.317498635064112 ] } },
{ "type": "Feature", "properties": { "objectid": 587443841, "distance_to_nearest_park": 1033.7123724282983 }, "geometry": { "type": "Point", "coordinates": [ 2695764.471487309783697, 237677.694068838784005 ] } },
{ "type": "Feature", "properties": { "objectid": 587443813, "distance_to_nearest_park": 1459.4919883285977 }, "geometry": { "type": "Point", "coordinates": [ 2695456.628355430904776, 236748.075444313843036 ] } },
{ "type": "Feature", "properties": { "objectid": 587450674, "distance_to_nearest_park": 742.76258558027962 }, "geometry": { "type": "Point", "coordinates": [ 2696271.526877547148615, 238088.382305249542696 ] } },
{ "type": "Feature", "properties": { "objectid": 587451146, "distance_to_nearest_park": 521.25827478391614 }, "geometry": { "type": "Point", "coordinates": [ 2696551.127120913472027, 238098.429002868069801 ] } },
{ "type": "Feature", "properties": { "objectid": 587451147, "distance_to_nearest_park": 742.76258558027962 }, "geometry": { "type": "Point", "coordinates": [ 2696271.526877547148615, 238088.382305249542696 ] } },
{ "type": "Feature", "properties": { "objectid": 587451148, "distance_to_nearest_park": 566.71819734374844 }, "geometry": { "type": "Point", "coordinates": [ 2696489.986870068125427, 238098.452477991493652 ] } },
{ "type": "Feature", "properties": { "objectid": 587451149, "distance_to_nearest_park": 324.50289022811467 }, "geometry": { "type": "Point", "coordinates": [ 2696603.061832451727241, 237782.165566588635556 ] } },
{ "type": "Feature", "properties": { "objectid": 587451153, "distance_to_nearest_park": 690.95654942954366 }, "geometry": { "type": "Point", "coordinates": [ 2696389.932199676055461, 238172.406000444781967 ] } },
{ "type": "Feature", "properties": { "objectid": 587451172, "distance_to_nearest_park": 742.76258558027962 }, "geometry": { "type": "Point", "coordinates": [ 2696271.526877547148615, 238088.382305249542696 ] } },
{ "type": "Feature", "properties": { "objectid": 587451173, "distance_to_nearest_park": 742.76258558027962 }, "geometry": { "type": "Point", "coordinates": [ 2696271.526877547148615, 238088.382305249542696 ] } },
{ "type": "Feature", "properties": { "objectid": 587450471, "distance_to_nearest_park": 830.8224894125043 }, "geometry": { "type": "Point", "coordinates": [ 2696077.441990027669817, 237678.511697945708875 ] } },
{ "type": "Feature", "properties": { "objectid": 587451175, "distance_to_nearest_park": 811.85415340904183 }, "geometry": { "type": "Point", "coordinates": [ 2696281.382519094273448, 238230.074726221355377 ] } },
{ "type": "Feature", "properties": { "objectid": 587451421, "distance_to_nearest_park": 742.76258558027962 }, "geometry": { "type": "Point", "coordinates": [ 2696271.526877547148615, 238088.382305249542696 ] } },
{ "type": "Feature", "properties": { "objectid": 587450950, "distance_to_nearest_park": 742.76258558027962 }, "geometry": { "type": "Point", "coordinates": [ 2696271.526877547148615, 238088.382305249542696 ] } },
{ "type": "Feature", "properties": { "objectid": 587451449, "distance_to_nearest_park": 820.16163619337021 }, "geometry": { "type": "Point", "coordinates": [ 2696283.433237773366272, 238246.170381224190351 ] } },
{ "type": "Feature", "properties": { "objectid": 587450271, "distance_to_nearest_park": 828.22396015049333 }, "geometry": { "type": "Point", "coordinates": [ 2696285.505371226463467, 238261.537787086184835 ] } },
{ "type": "Feature", "properties": { "objectid": 587451472, "distance_to_nearest_park": 788.84195760091745 }, "geometry": { "type": "Point", "coordinates": [ 2696275.208925736136734, 238182.516011589614209 ] } },
{ "type": "Feature", "properties": { "objectid": 587451034, "distance_to_nearest_park": 878.25062309616999 }, "geometry": { "type": "Point", "coordinates": [ 2696303.488785217981786, 238355.727675491478294 ] } },
{ "type": "Feature", "properties": { "objectid": 587451519, "distance_to_nearest_park": 863.25158829332543 }, "geometry": { "type": "Point", "coordinates": [ 2696294.850465161260217, 238325.225125241966452 ] } },
{ "type": "Feature", "properties": { "objectid": 587451520, "distance_to_nearest_park": 870.50868391772281 }, "geometry": { "type": "Point", "coordinates": [ 2696299.174982741475105, 238340.29433766103466 ] } },
{ "type": "Feature", "properties": { "objectid": 587451530, "distance_to_nearest_park": 781.53474499013953 }, "geometry": { "type": "Point", "coordinates": [ 2696273.158194037154317, 238166.420357297698501 ] } },
{ "type": "Feature", "properties": { "objectid": 587452487, "distance_to_nearest_park": 165.95252025968173 }, "geometry": { "type": "Point", "coordinates": [ 2693206.097478289622813, 237007.876233600545675 ] } },
{ "type": "Feature", "properties": { "objectid": 587451057, "distance_to_nearest_park": 471.74246790685709 }, "geometry": { "type": "Point", "coordinates": [ 2696610.368502127472311, 238086.687735640764004 ] } },
{ "type": "Feature", "properties": { "objectid": 587451540, "distance_to_nearest_park": 911.78102300963735 }, "geometry": { "type": "Point", "coordinates": [ 2695550.715492023155093, 237707.856936644471716 ] } },
{ "type": "Feature", "properties": { "objectid": 587452023, "distance_to_nearest_park": 803.78839182737829 }, "geometry": { "type": "Point", "coordinates": [ 2696279.331797142047435, 238213.979071390436729 ] } },
{ "type": "Feature", "properties": { "objectid": 587451098, "distance_to_nearest_park": 324.50289022811467 }, "geometry": { "type": "Point", "coordinates": [ 2696603.061832451727241, 237782.165566588635556 ] } },
{ "type": "Feature", "properties": { "objectid": 587451328, "distance_to_nearest_park": 584.73933668692018 }, "geometry": { "type": "Point", "coordinates": [ 2696541.807811501435935, 238176.873802561953198 ] } },
{ "type": "Feature", "properties": { "objectid": 587451329, "distance_to_nearest_park": 742.76258558027962 }, "geometry": { "type": "Point", "coordinates": [ 2696271.526877547148615, 238088.382305249542696 ] } },
{ "type": "Feature", "properties": { "objectid": 587451367, "distance_to_nearest_park": 737.22520454229209 }, "geometry": { "type": "Point", "coordinates": [ 2696258.349636458326131, 238050.093053857184714 ] } },
{ "type": "Feature", "properties": { "objectid": 587451369, "distance_to_nearest_park": 541.13012655907414 }, "geometry": { "type": "Point", "coordinates": [ 2696520.119759192224592, 238094.236801550578093 ] } },
{ "type": "Feature", "properties": { "objectid": 587451370, "distance_to_nearest_park": 538.4479471202369 }, "geometry": { "type": "Point", "coordinates": [ 2696605.435993785504252, 238168.541549417510396 ] } },
{ "type": "Feature", "properties": { "objectid": 587451372, "distance_to_nearest_park": 324.50289022811467 }, "geometry": { "type": "Point", "coordinates": [ 2696603.061832451727241, 237782.165566588635556 ] } },
{ "type": "Feature", "properties": { "objectid": 587455173, "distance_to_nearest_park": 1520.7909347819577 }, "geometry": { "type": "Point", "coordinates": [ 2695226.241399283986539, 237038.691206840041559 ] } },
{ "type": "Feature", "properties": { "objectid": 587455174, "distance_to_nearest_park": 1589.1929048636375 }, "geometry": { "type": "Point", "coordinates": [ 2695218.152805803343654, 236970.303564431465929 ] } },
{ "type": "Feature", "properties": { "objectid": 587454486, "distance_to_nearest_park": 154.11945621754907 }, "geometry": { "type": "Point", "coordinates": [ 2693184.682970796711743, 237011.257952470623422 ] } },
{ "type": "Feature", "properties": { "objectid": 587455445, "distance_to_nearest_park": 926.37425982741217 }, "geometry": { "type": "Point", "coordinates": [ 2695977.758453803602606, 236871.627659938123543 ] } },
{ "type": "Feature", "properties": { "objectid": 587455229, "distance_to_nearest_park": 569.23748136651272 }, "geometry": { "type": "Point", "coordinates": [ 2694498.757742446381599, 239570.232696850318462 ] } },
{ "type": "Feature", "properties": { "objectid": 587453815, "distance_to_nearest_park": 1006.7754934077343 }, "geometry": { "type": "Point", "coordinates": [ 2695848.51808648975566, 237327.751321667718003 ] } },
{ "type": "Feature", "properties": { "objectid": 587457160, "distance_to_nearest_park": 561.6676500707548 }, "geometry": { "type": "Point", "coordinates": [ 2695706.128392311744392, 238269.651227463356918 ] } },
{ "type": "Feature", "properties": { "objectid": 587457161, "distance_to_nearest_park": 555.317419190397 }, "geometry": { "type": "Point", "coordinates": [ 2695708.179478319827467, 238285.746834821853554 ] } },
{ "type": "Feature", "properties": { "objectid": 587457168, "distance_to_nearest_park": 487.93086479273813 }, "geometry": { "type": "Point", "coordinates": [ 2695644.630904781632125, 238310.483485057658982 ] } },
{ "type": "Feature", "properties": { "objectid": 587456021, "distance_to_nearest_park": 995.60580203982454 }, "geometry": { "type": "Point", "coordinates": [ 2695891.931246819440275, 237539.673322634538636 ] } },
{ "type": "Feature", "properties": { "objectid": 587456022, "distance_to_nearest_park": 1011.1096070915818 }, "geometry": { "type": "Point", "coordinates": [ 2695876.454903204925358, 237541.405059104756219 ] } },
{ "type": "Feature", "properties": { "objectid": 587456999, "distance_to_nearest_park": 349.5229675804668 }, "geometry": { "type": "Point", "coordinates": [ 2694529.486943351570517, 238580.22496184107149 ] } },
{ "type": "Feature", "properties": { "objectid": 587457000, "distance_to_nearest_park": 349.5229675804668 }, "geometry": { "type": "Point", "coordinates": [ 2694529.486943351570517, 238580.22496184107149 ] } },
{ "type": "Feature", "properties": { "objectid": 587454621, "distance_to_nearest_park": 349.5229675804668 }, "geometry": { "type": "Point", "coordinates": [ 2694529.486943351570517, 238580.22496184107149 ] } },
{ "type": "Feature", "properties": { "objectid": 587454404, "distance_to_nearest_park": 1233.4032520232797 }, "geometry": { "type": "Point", "coordinates": [ 2694512.308471631258726, 237502.439735666499473 ] } },
{ "type": "Feature", "properties": { "objectid": 587459798, "distance_to_nearest_park": 867.89816410279104 }, "geometry": { "type": "Point", "coordinates": [ 2695986.200028269551694, 237309.567584777367301 ] } },
{ "type": "Feature", "properties": { "objectid": 587455116, "distance_to_nearest_park": 615.37591325689993 }, "geometry": { "type": "Point", "coordinates": [ 2695238.660813846159726, 239919.947579600586323 ] } },
{ "type": "Feature", "properties": { "objectid": 587459772, "distance_to_nearest_park": 349.5229675804668 }, "geometry": { "type": "Point", "coordinates": [ 2694529.486943351570517, 238580.22496184107149 ] } },
{ "type": "Feature", "properties": { "objectid": 587458150, "distance_to_nearest_park": 349.5229675804668 }, "geometry": { "type": "Point", "coordinates": [ 2694529.486943351570517, 238580.22496184107149 ] } },
{ "type": "Feature", "properties": { "objectid": 587455833, "distance_to_nearest_park": 981.5051591259903 }, "geometry": { "type": "Point", "coordinates": [ 2695873.575652027036995, 237324.478981739521259 ] } },
{ "type": "Feature", "properties": { "objectid": 587457225, "distance_to_nearest_park": 349.5229675804668 }, "geometry": { "type": "Point", "coordinates": [ 2694529.486943351570517, 238580.22496184107149 ] } },
{ "type": "Feature", "properties": { "objectid": 587460594, "distance_to_nearest_park": 126.32698804608611 }, "geometry": { "type": "Point", "coordinates": [ 2692844.323906437493861, 237256.035603967669886 ] } },
{ "type": "Feature", "properties": { "objectid": 587460601, "distance_to_nearest_park": 163.07292368454534 }, "geometry": { "type": "Point", "coordinates": [ 2692862.971410806756467, 237098.050850568601163 ] } },
{ "type": "Feature", "properties": { "objectid": 587459187, "distance_to_nearest_park": 1173.745058984317 }, "geometry": { "type": "Point", "coordinates": [ 2694406.003557672724128, 237646.190043804468587 ] } },
{ "type": "Feature", "properties": { "objectid": 587459700, "distance_to_nearest_park": 1027.8154397837427 }, "geometry": { "type": "Point", "coordinates": [ 2695521.791713381186128, 237575.44459948426811 ] } },
{ "type": "Feature", "properties": { "objectid": 587459706, "distance_to_nearest_park": 349.5229675804668 }, "geometry": { "type": "Point", "coordinates": [ 2694529.486943351570517, 238580.22496184107149 ] } },
{ "type": "Feature", "properties": { "objectid": 587457308, "distance_to_nearest_park": 677.90533206495911 }, "geometry": { "type": "Point", "coordinates": [ 2696191.286284215282649, 237402.698426640272373 ] } },
{ "type": "Feature", "properties": { "objectid": 587448742, "distance_to_nearest_park": 1124.2138495447025 }, "geometry": { "type": "Point", "coordinates": [ 2695725.541492410935462, 237112.762338931846898 ] } },
{ "type": "Feature", "properties": { "objectid": 587448838, "distance_to_nearest_park": 1155.1952519704562 }, "geometry": { "type": "Point", "coordinates": [ 2694513.862478606402874, 237592.866155612486182 ] } },
{ "type": "Feature", "properties": { "objectid": 587466419, "distance_to_nearest_park": 1010.3616143745519 }, "geometry": { "type": "Point", "coordinates": [ 2695481.765127423219383, 237582.286368344037328 ] } },
{ "type": "Feature", "properties": { "objectid": 587466435, "distance_to_nearest_park": 502.11721153441761 }, "geometry": { "type": "Point", "coordinates": [ 2695659.837239021901041, 238308.379244579293299 ] } },
{ "type": "Feature", "properties": { "objectid": 587467859, "distance_to_nearest_park": 538.22114519939134 }, "geometry": { "type": "Point", "coordinates": [ 2695516.588871409185231, 239117.598812374402769 ] } },
{ "type": "Feature", "properties": { "objectid": 587466105, "distance_to_nearest_park": 903.08160605363048 }, "geometry": { "type": "Point", "coordinates": [ 2695532.135483095888048, 237710.226577646710211 ] } },
{ "type": "Feature", "properties": { "objectid": 587469943, "distance_to_nearest_park": 712.66008347553588 }, "geometry": { "type": "Point", "coordinates": [ 2696345.940497401636094, 236683.469551778194727 ] } },
{ "type": "Feature", "properties": { "objectid": 587459434, "distance_to_nearest_park": 349.5229675804668 }, "geometry": { "type": "Point", "coordinates": [ 2694529.486943351570517, 238580.22496184107149 ] } },
{ "type": "Feature", "properties": { "objectid": 587459439, "distance_to_nearest_park": 638.01769444054196 }, "geometry": { "type": "Point", "coordinates": [ 2695834.927766871172935, 238372.199663745326689 ] } },
{ "type": "Feature", "properties": { "objectid": 587470018, "distance_to_nearest_park": 992.61985531140181 }, "geometry": { "type": "Point", "coordinates": [ 2695954.767214394640177, 236756.882275937881786 ] } },
{ "type": "Feature", "properties": { "objectid": 587471936, "distance_to_nearest_park": 1341.0174869226339 }, "geometry": { "type": "Point", "coordinates": [ 2695606.955907673109323, 236681.426120662596077 ] } },
{ "type": "Feature", "properties": { "objectid": 587471937, "distance_to_nearest_park": 1326.6021116159425 }, "geometry": { "type": "Point", "coordinates": [ 2695623.575079028028995, 236678.998900375532685 ] } },
{ "type": "Feature", "properties": { "objectid": 587469386, "distance_to_nearest_park": 465.46851761107933 }, "geometry": { "type": "Point", "coordinates": [ 2694879.481224884279072, 239402.101914829254383 ] } },
{ "type": "Feature", "properties": { "objectid": 587469869, "distance_to_nearest_park": 563.20493591211573 }, "geometry": { "type": "Point", "coordinates": [ 2694680.932444361969829, 239545.329879175551469 ] } },
{ "type": "Feature", "properties": { "objectid": 587469870, "distance_to_nearest_park": 564.40606943942782 }, "geometry": { "type": "Point", "coordinates": [ 2694717.248942160513252, 239540.564662443299312 ] } },
{ "type": "Feature", "properties": { "objectid": 587469871, "distance_to_nearest_park": 573.51535600238401 }, "geometry": { "type": "Point", "coordinates": [ 2694797.759589739143848, 239530.172291759343352 ] } },
{ "type": "Feature", "properties": { "objectid": 587475958, "distance_to_nearest_park": 1270.6475516605094 }, "geometry": { "type": "Point", "coordinates": [ 2694253.889753273222595, 237649.746111651009414 ] } },
{ "type": "Feature", "properties": { "objectid": 587475551, "distance_to_nearest_park": 589.746793186893 }, "geometry": { "type": "Point", "coordinates": [ 2694341.379652685020119, 239591.126494220166933 ] } },
{ "type": "Feature", "properties": { "objectid": 587472692, "distance_to_nearest_park": 874.08397476555922 }, "geometry": { "type": "Point", "coordinates": [ 2694942.672308944165707, 239972.11750228505116 ] } },
{ "type": "Feature", "properties": { "objectid": 587485300, "distance_to_nearest_park": 219.28382411144375 }, "geometry": { "type": "Point", "coordinates": [ 2695422.749632185325027, 238464.682322656968608 ] } },
{ "type": "Feature", "properties": { "objectid": 587474870, "distance_to_nearest_park": 285.15390660301665 }, "geometry": { "type": "Point", "coordinates": [ 2695409.250735896173865, 238341.834201102610677 ] } },
{ "type": "Feature", "properties": { "objectid": 587474891, "distance_to_nearest_park": 1201.7363323218979 }, "geometry": { "type": "Point", "coordinates": [ 2694265.110909466631711, 237735.718302743567619 ] } },
{ "type": "Feature", "properties": { "objectid": 587475883, "distance_to_nearest_park": 1259.913877636084 }, "geometry": { "type": "Point", "coordinates": [ 2694145.813616971950978, 237576.604520509601571 ] } },
{ "type": "Feature", "properties": { "objectid": 587472552, "distance_to_nearest_park": 1069.6945677348313 }, "geometry": { "type": "Point", "coordinates": [ 2695620.523422699421644, 237565.590024959936272 ] } },
{ "type": "Feature", "properties": { "objectid": 587462007, "distance_to_nearest_park": 349.5229675804668 }, "geometry": { "type": "Point", "coordinates": [ 2694529.486943351570517, 238580.22496184107149 ] } },
{ "type": "Feature", "properties": { "objectid": 587462008, "distance_to_nearest_park": 349.5229675804668 }, "geometry": { "type": "Point", "coordinates": [ 2694529.486943351570517, 238580.22496184107149 ] } },
{ "type": "Feature", "properties": { "objectid": 587462009, "distance_to_nearest_park": 349.5229675804668 }, "geometry": { "type": "Point", "coordinates": [ 2694529.486943351570517, 238580.22496184107149 ] } },
{ "type": "Feature", "properties": { "objectid": 587462010, "distance_to_nearest_park": 349.5229675804668 }, "geometry": { "type": "Point", "coordinates": [ 2694529.486943351570517, 238580.22496184107149 ] } },
{ "type": "Feature", "properties": { "objectid": 587463197, "distance_to_nearest_park": 349.5229675804668 }, "geometry": { "type": "Point", "coordinates": [ 2694529.486943351570517, 238580.22496184107149 ] } },
{ "type": "Feature", "properties": { "objectid": 587461549, "distance_to_nearest_park": 383.71264709649762 }, "geometry": { "type": "Point", "coordinates": [ 2695276.371772392652929, 239122.933270031964639 ] } },
{ "type": "Feature", "properties": { "objectid": 587464437, "distance_to_nearest_park": 424.45852301358656 }, "geometry": { "type": "Point", "coordinates": [ 2696050.000342588406056, 239813.684996293799486 ] } },
{ "type": "Feature", "properties": { "objectid": 587464440, "distance_to_nearest_park": 917.41162825722176 }, "geometry": { "type": "Point", "coordinates": [ 2695969.646742392797023, 237529.202399076049915 ] } },
{ "type": "Feature", "properties": { "objectid": 587462316, "distance_to_nearest_park": 543.13324211247675 }, "geometry": { "type": "Point", "coordinates": [ 2695432.664838589262217, 239788.252617556194309 ] } },
{ "type": "Feature", "properties": { "objectid": 587477715, "distance_to_nearest_park": 588.67833996131583 }, "geometry": { "type": "Point", "coordinates": [ 2695521.830784069839865, 239187.360731792228762 ] } },
{ "type": "Feature", "properties": { "objectid": 587477598, "distance_to_nearest_park": 1118.2211209871359 }, "geometry": { "type": "Point", "coordinates": [ 2694415.062884711194783, 237710.232576413400238 ] } },
{ "type": "Feature", "properties": { "objectid": 587477148, "distance_to_nearest_park": 527.3178674192925 }, "geometry": { "type": "Point", "coordinates": [ 2695692.683540514204651, 239681.458752497390378 ] } },
{ "type": "Feature", "properties": { "objectid": 587479073, "distance_to_nearest_park": 374.20654010331492 }, "geometry": { "type": "Point", "coordinates": [ 2695911.801981654483825, 239821.284048861125484 ] } },
{ "type": "Feature", "properties": { "objectid": 587479789, "distance_to_nearest_park": 644.19587192940628 }, "geometry": { "type": "Point", "coordinates": [ 2695190.79912467719987, 239954.98584934999235 ] } },
{ "type": "Feature", "properties": { "objectid": 587481662, "distance_to_nearest_park": 869.57810801795074 }, "geometry": { "type": "Point", "coordinates": [ 2696935.387505107559264, 238783.22220386978006 ] } },
{ "type": "Feature", "properties": { "objectid": 587483817, "distance_to_nearest_park": 184.02541152739843 }, "geometry": { "type": "Point", "coordinates": [ 2694640.575823211111128, 238741.651021999510704 ] } },
{ "type": "Feature", "properties": { "objectid": 587481527, "distance_to_nearest_park": 1063.0222881863499 }, "geometry": { "type": "Point", "coordinates": [ 2696983.546601328998804, 239100.244910948327743 ] } },
{ "type": "Feature", "properties": { "objectid": 587481301, "distance_to_nearest_park": 840.34588585081474 }, "geometry": { "type": "Point", "coordinates": [ 2696046.241427581757307, 237518.698765862209257 ] } },
{ "type": "Feature", "properties": { "objectid": 587481138, "distance_to_nearest_park": 25.052813014811093 }, "geometry": { "type": "Point", "coordinates": [ 2695046.909511171746999, 238714.218564597598743 ] } },
{ "type": "Feature", "properties": { "objectid": 587481139, "distance_to_nearest_park": 47.412510708622627 }, "geometry": { "type": "Point", "coordinates": [ 2694990.909188573248684, 238749.382759869593428 ] } },
{ "type": "Feature", "properties": { "objectid": 587481145, "distance_to_nearest_park": 98.63797453274438 }, "geometry": { "type": "Point", "coordinates": [ 2694982.033611280843616, 238679.149885545950383 ] } },
{ "type": "Feature", "properties": { "objectid": 587481146, "distance_to_nearest_park": 83.936949809889327 }, "geometry": { "type": "Point", "coordinates": [ 2695000.893042347859591, 238676.788058019912569 ] } },
{ "type": "Feature", "properties": { "objectid": 587481147, "distance_to_nearest_park": 111.63562162010621 }, "geometry": { "type": "Point", "coordinates": [ 2694964.2950144787319, 238681.544632108794758 ] } },
{ "type": "Feature", "properties": { "objectid": 587481148, "distance_to_nearest_park": 53.507386220851728 }, "geometry": { "type": "Point", "coordinates": [ 2695038.321017949376255, 238672.420344286249019 ] } },
{ "type": "Feature", "properties": { "objectid": 587484733, "distance_to_nearest_park": 979.40383647568763 }, "geometry": { "type": "Point", "coordinates": [ 2694850.973965137731284, 237631.184849290031707 ] } },
{ "type": "Feature", "properties": { "objectid": 587484541, "distance_to_nearest_park": 851.52314133023583 }, "geometry": { "type": "Point", "coordinates": [ 2696790.605579026043415, 238575.967655914777424 ] } },
{ "type": "Feature", "properties": { "objectid": 587484783, "distance_to_nearest_park": 859.07219971253232 }, "geometry": { "type": "Point", "coordinates": [ 2696323.427709496580064, 239470.406141761806794 ] } },
{ "type": "Feature", "properties": { "objectid": 587487192, "distance_to_nearest_park": 552.57975658351813 }, "geometry": { "type": "Point", "coordinates": [ 2693376.033217076212168, 237363.078511693194741 ] } },
{ "type": "Feature", "properties": { "objectid": 587486733, "distance_to_nearest_park": 1498.7222065981753 }, "geometry": { "type": "Point", "coordinates": [ 2695373.364191859029233, 236918.738303219550289 ] } },
{ "type": "Feature", "properties": { "objectid": 587485852, "distance_to_nearest_park": 233.61033861134754 }, "geometry": { "type": "Point", "coordinates": [ 2695417.676038064993918, 238427.360479458904592 ] } },
{ "type": "Feature", "properties": { "objectid": 587487543, "distance_to_nearest_park": 1246.9286348498831 }, "geometry": { "type": "Point", "coordinates": [ 2695651.136756520252675, 236838.70425412475015 ] } },
{ "type": "Feature", "properties": { "objectid": 587485649, "distance_to_nearest_park": 124.97494631088044 }, "geometry": { "type": "Point", "coordinates": [ 2694888.696525156032294, 239049.959869686339516 ] } },
{ "type": "Feature", "properties": { "objectid": 587489015, "distance_to_nearest_park": 947.10696665707985 }, "geometry": { "type": "Point", "coordinates": [ 2695054.194930313620716, 237625.488495990430238 ] } },
{ "type": "Feature", "properties": { "objectid": 587488334, "distance_to_nearest_park": 529.61312230522299 }, "geometry": { "type": "Point", "coordinates": [ 2695674.417281222529709, 239682.7441464655858 ] } },
{ "type": "Feature", "properties": { "objectid": 587488865, "distance_to_nearest_park": 863.14293516117527 }, "geometry": { "type": "Point", "coordinates": [ 2694959.18851013854146, 239954.015997400245396 ] } },
{ "type": "Feature", "properties": { "objectid": 587497660, "distance_to_nearest_park": 751.15874009772949 }, "geometry": { "type": "Point", "coordinates": [ 2696111.36272782087326, 237039.91769536153879 ] } },
{ "type": "Feature", "properties": { "objectid": 587497661, "distance_to_nearest_park": 758.26512280980376 }, "geometry": { "type": "Point", "coordinates": [ 2696108.599543534219265, 237019.427841097000055 ] } },
{ "type": "Feature", "properties": { "objectid": 587499571, "distance_to_nearest_park": 675.6537250380087 }, "geometry": { "type": "Point", "coordinates": [ 2696174.575670082122087, 237265.177783387975069 ] } },
{ "type": "Feature", "properties": { "objectid": 587498867, "distance_to_nearest_park": 315.91106485269052 }, "geometry": { "type": "Point", "coordinates": [ 2695940.998158367816359, 239887.012584130250616 ] } },
{ "type": "Feature", "properties": { "objectid": 587498424, "distance_to_nearest_park": 564.54458438747679 }, "geometry": { "type": "Point", "coordinates": [ 2694562.68310090014711, 239561.175160847371444 ] } },
{ "type": "Feature", "properties": { "objectid": 587463752, "distance_to_nearest_park": 451.25755160384568 }, "geometry": { "type": "Point", "coordinates": [ 2694458.390608977526426, 239454.979003641637973 ] } },
{ "type": "Feature", "properties": { "objectid": 587463756, "distance_to_nearest_park": 491.94890154145571 }, "geometry": { "type": "Point", "coordinates": [ 2694384.526639824267477, 239496.909199808200356 ] } },
{ "type": "Feature", "properties": { "objectid": 587498029, "distance_to_nearest_park": 599.90130196610528 }, "geometry": { "type": "Point", "coordinates": [ 2693299.44268863229081, 237488.388569048373029 ] } },
{ "type": "Feature", "properties": { "objectid": 587498031, "distance_to_nearest_park": 593.74781479103706 }, "geometry": { "type": "Point", "coordinates": [ 2693298.305265187751502, 237469.768902082665591 ] } },
{ "type": "Feature", "properties": { "objectid": 587498032, "distance_to_nearest_park": 585.44073208235829 }, "geometry": { "type": "Point", "coordinates": [ 2693294.354959529824555, 237451.431288322346518 ] } },
{ "type": "Feature", "properties": { "objectid": 587499479, "distance_to_nearest_park": 677.0513396262229 }, "geometry": { "type": "Point", "coordinates": [ 2696189.342476192396134, 237382.961532754299697 ] } },
{ "type": "Feature", "properties": { "objectid": 587499480, "distance_to_nearest_park": 676.89825249320972 }, "geometry": { "type": "Point", "coordinates": [ 2696186.115330579224974, 237359.17806731298333 ] } },
{ "type": "Feature", "properties": { "objectid": 587499740, "distance_to_nearest_park": 641.12453703256335 }, "geometry": { "type": "Point", "coordinates": [ 2696211.114648549817502, 237109.907661618548445 ] } },
{ "type": "Feature", "properties": { "objectid": 587498800, "distance_to_nearest_park": 1053.8207216841959 }, "geometry": { "type": "Point", "coordinates": [ 2695622.521154325921088, 237583.506249576166738 ] } },
{ "type": "Feature", "properties": { "objectid": 587492406, "distance_to_nearest_park": 868.25325016402007 }, "geometry": { "type": "Point", "coordinates": [ 2694938.673101635184139, 240012.81727272309945 ] } },
{ "type": "Feature", "properties": { "objectid": 587489789, "distance_to_nearest_park": 894.88619231518885 }, "geometry": { "type": "Point", "coordinates": [ 2694913.421445467509329, 240003.693849078495987 ] } },
{ "type": "Feature", "properties": { "objectid": 587492728, "distance_to_nearest_park": 886.63627389774945 }, "geometry": { "type": "Point", "coordinates": [ 2694924.712408620398492, 239991.634390626568347 ] } },
{ "type": "Feature", "properties": { "objectid": 587499205, "distance_to_nearest_park": 675.80561212244845 }, "geometry": { "type": "Point", "coordinates": [ 2696177.242397601250559, 237288.944767428591149 ] } },
{ "type": "Feature", "properties": { "objectid": 587505760, "distance_to_nearest_park": 1071.1532586952364 }, "geometry": { "type": "Point", "coordinates": [ 2695742.559612845536321, 237621.655337159056216 ] } },
{ "type": "Feature", "properties": { "objectid": 587503704, "distance_to_nearest_park": 843.12172866767537 }, "geometry": { "type": "Point", "coordinates": [ 2696063.24529829993844, 237665.338919471920235 ] } },
{ "type": "Feature", "properties": { "objectid": 587492407, "distance_to_nearest_park": 853.01390840426325 }, "geometry": { "type": "Point", "coordinates": [ 2694955.677075035870075, 240006.756576843152288 ] } },
{ "type": "Feature", "properties": { "objectid": 587505903, "distance_to_nearest_park": 878.55275301400468 }, "geometry": { "type": "Point", "coordinates": [ 2695976.573929122183472, 238104.49151474921382 ] } },
{ "type": "Feature", "properties": { "objectid": 587508724, "distance_to_nearest_park": 305.62295631487746 }, "geometry": { "type": "Point", "coordinates": [ 2694712.387632098980248, 239276.203730311011896 ] } },
{ "type": "Feature", "properties": { "objectid": 587507339, "distance_to_nearest_park": 763.6014137130469 }, "geometry": { "type": "Point", "coordinates": [ 2695567.121814203448594, 239468.945306160894688 ] } },
{ "type": "Feature", "properties": { "objectid": 587508778, "distance_to_nearest_park": 327.58429429841073 }, "geometry": { "type": "Point", "coordinates": [ 2694732.943168565165251, 239292.477878160687396 ] } },
{ "type": "Feature", "properties": { "objectid": 587509973, "distance_to_nearest_park": 1461.278578567018 }, "geometry": { "type": "Point", "coordinates": [ 2695413.498759582638741, 236908.255108946177643 ] } },
{ "type": "Feature", "properties": { "objectid": 587507146, "distance_to_nearest_park": 1333.6718510565556 }, "geometry": { "type": "Point", "coordinates": [ 2695522.136690195184201, 237038.635716305783717 ] } },
{ "type": "Feature", "properties": { "objectid": 587507468, "distance_to_nearest_park": 1048.9937839452875 }, "geometry": { "type": "Point", "coordinates": [ 2695290.295451987534761, 237512.521005684509873 ] } },
{ "type": "Feature", "properties": { "objectid": 587502197, "distance_to_nearest_park": 494.56431163510968 }, "geometry": { "type": "Point", "coordinates": [ 2694273.683053231798112, 239480.173619857727317 ] } },
{ "type": "Feature", "properties": { "objectid": 587502718, "distance_to_nearest_park": 875.90541420887394 }, "geometry": { "type": "Point", "coordinates": [ 2697351.104222349822521, 239084.828678699675947 ] } },
{ "type": "Feature", "properties": { "objectid": 587502281, "distance_to_nearest_park": 1018.0735751276935 }, "geometry": { "type": "Point", "coordinates": [ 2695767.245550668332726, 237697.819760199985467 ] } },
{ "type": "Feature", "properties": { "objectid": 587514094, "distance_to_nearest_park": 627.5898057436807 }, "geometry": { "type": "Point", "coordinates": [ 2693307.760267588309944, 237549.128940537862945 ] } },
{ "type": "Feature", "properties": { "objectid": 587511492, "distance_to_nearest_park": 691.63226478448485 }, "geometry": { "type": "Point", "coordinates": [ 2694987.438390448689461, 237893.213514581497293 ] } },
{ "type": "Feature", "properties": { "objectid": 587510783, "distance_to_nearest_park": 599.62436634222263 }, "geometry": { "type": "Point", "coordinates": [ 2695443.133195728063583, 239708.747947226656834 ] } },
{ "type": "Feature", "properties": { "objectid": 587513896, "distance_to_nearest_park": 1108.7891331513767 }, "geometry": { "type": "Point", "coordinates": [ 2695281.411556855309755, 237452.127633766125655 ] } },
{ "type": "Feature", "properties": { "objectid": 587511523, "distance_to_nearest_park": 1134.1555347958486 }, "geometry": { "type": "Point", "coordinates": [ 2693992.415795301552862, 237576.11572972589056 ] } },
{ "type": "Feature", "properties": { "objectid": 587512061, "distance_to_nearest_park": 1114.7805906191127 }, "geometry": { "type": "Point", "coordinates": [ 2696263.567980919964612, 238978.838662741705775 ] } },
{ "type": "Feature", "properties": { "objectid": 587512805, "distance_to_nearest_park": 810.04492959898141 }, "geometry": { "type": "Point", "coordinates": [ 2697545.604160095565021, 239060.674220172280911 ] } },
{ "type": "Feature", "properties": { "objectid": 587512332, "distance_to_nearest_park": 1079.7843597534754 }, "geometry": { "type": "Point", "coordinates": [ 2695285.880245881620795, 237481.414006605686154 ] } },
{ "type": "Feature", "properties": { "objectid": 587512352, "distance_to_nearest_park": 1170.0518850726562 }, "geometry": { "type": "Point", "coordinates": [ 2695346.172563492320478, 237395.719401908252621 ] } },
{ "type": "Feature", "properties": { "objectid": 587515840, "distance_to_nearest_park": 313.71404267021825 }, "geometry": { "type": "Point", "coordinates": [ 2695616.19042636314407, 239936.869532471173443 ] } },
{ "type": "Feature", "properties": { "objectid": 587515852, "distance_to_nearest_park": 1065.5577014790301 }, "geometry": { "type": "Point", "coordinates": [ 2695839.093376256059855, 237667.496272722200956 ] } },
{ "type": "Feature", "properties": { "objectid": 587515479, "distance_to_nearest_park": 1252.5080375453749 }, "geometry": { "type": "Point", "coordinates": [ 2695594.626162058208138, 237225.171694096061401 ] } },
{ "type": "Feature", "properties": { "objectid": 587515604, "distance_to_nearest_park": 1020.0196447314194 }, "geometry": { "type": "Point", "coordinates": [ 2694132.365971220191568, 237977.821612297120737 ] } },
{ "type": "Feature", "properties": { "objectid": 587515608, "distance_to_nearest_park": 1009.8781650099043 }, "geometry": { "type": "Point", "coordinates": [ 2694031.827161488588899, 238030.268391944933683 ] } },
{ "type": "Feature", "properties": { "objectid": 587516819, "distance_to_nearest_park": 200.47164436171656 }, "geometry": { "type": "Point", "coordinates": [ 2692834.161450273822993, 237488.249655687453924 ] } },
{ "type": "Feature", "properties": { "objectid": 587516528, "distance_to_nearest_park": 1057.5840932863473 }, "geometry": { "type": "Point", "coordinates": [ 2694153.078244363889098, 237931.416376093577128 ] } },
{ "type": "Feature", "properties": { "objectid": 587516529, "distance_to_nearest_park": 1031.4703269527977 }, "geometry": { "type": "Point", "coordinates": [ 2694130.175024894531816, 237966.459768369735684 ] } },
{ "type": "Feature", "properties": { "objectid": 587518611, "distance_to_nearest_park": 958.88175776724415 }, "geometry": { "type": "Point", "coordinates": [ 2695903.742418890353292, 237376.38719732358004 ] } },
{ "type": "Feature", "properties": { "objectid": 587519794, "distance_to_nearest_park": 1114.8929602388723 }, "geometry": { "type": "Point", "coordinates": [ 2695743.106785321608186, 237354.901810219918843 ] } },
{ "type": "Feature", "properties": { "objectid": 587519796, "distance_to_nearest_park": 1441.5517556937293 }, "geometry": { "type": "Point", "coordinates": [ 2695412.420650408603251, 237049.990287167893257 ] } },
{ "type": "Feature", "properties": { "objectid": 587519131, "distance_to_nearest_park": 1131.9929755408775 }, "geometry": { "type": "Point", "coordinates": [ 2695723.319675405044109, 237054.751194394251797 ] } },
{ "type": "Feature", "properties": { "objectid": 587519189, "distance_to_nearest_park": 970.92669110879535 }, "geometry": { "type": "Point", "coordinates": [ 2695301.43608887353912, 237591.567059739783872 ] } },
{ "type": "Feature", "properties": { "objectid": 587520170, "distance_to_nearest_park": 1135.1974930778638 }, "geometry": { "type": "Point", "coordinates": [ 2695734.480758016463369, 237438.469365607161308 ] } },
{ "type": "Feature", "properties": { "objectid": 587520432, "distance_to_nearest_park": 959.92557653163226 }, "geometry": { "type": "Point", "coordinates": [ 2695909.604682815261185, 237425.029955694568343 ] } },
{ "type": "Feature", "properties": { "objectid": 587520437, "distance_to_nearest_park": 911.78102300963735 }, "geometry": { "type": "Point", "coordinates": [ 2695550.715492023155093, 237707.856936644471716 ] } },
{ "type": "Feature", "properties": { "objectid": 587520453, "distance_to_nearest_park": 1013.7214636083431 }, "geometry": { "type": "Point", "coordinates": [ 2695523.864397672004998, 237590.811941262858454 ] } },
{ "type": "Feature", "properties": { "objectid": 587520471, "distance_to_nearest_park": 1042.5828479379165 }, "geometry": { "type": "Point", "coordinates": [ 2695519.460200615227222, 237559.34077545668697 ] } },
{ "type": "Feature", "properties": { "objectid": 587520474, "distance_to_nearest_park": 972.31583957759995 }, "geometry": { "type": "Point", "coordinates": [ 2695529.823607687372714, 237636.177485139720375 ] } },
{ "type": "Feature", "properties": { "objectid": 587520475, "distance_to_nearest_park": 986.01056174417636 }, "geometry": { "type": "Point", "coordinates": [ 2695528.020454491954297, 237621.182500379800331 ] } },
{ "type": "Feature", "properties": { "objectid": 587520484, "distance_to_nearest_park": 926.66664645307208 }, "geometry": { "type": "Point", "coordinates": [ 2695580.288221430964768, 237703.623650234512752 ] } },
{ "type": "Feature", "properties": { "objectid": 587520497, "distance_to_nearest_park": 918.71173383724022 }, "geometry": { "type": "Point", "coordinates": [ 2695952.760761660989374, 237435.773954655072885 ] } },
{ "type": "Feature", "properties": { "objectid": 587520505, "distance_to_nearest_park": 936.01528093807224 }, "geometry": { "type": "Point", "coordinates": [ 2695598.588022266048938, 237701.245812031702371 ] } },
{ "type": "Feature", "properties": { "objectid": 587521280, "distance_to_nearest_park": 406.82185493356036 }, "geometry": { "type": "Point", "coordinates": [ 2695286.690073358826339, 239144.009361919510411 ] } },
{ "type": "Feature", "properties": { "objectid": 587521070, "distance_to_nearest_park": 837.96277798304163 }, "geometry": { "type": "Point", "coordinates": [ 2694972.691747482866049, 240000.331767400202807 ] } },
{ "type": "Feature", "properties": { "objectid": 587521083, "distance_to_nearest_park": 757.52717188495865 }, "geometry": { "type": "Point", "coordinates": [ 2694338.876277943141758, 238194.523580843291711 ] } },
{ "type": "Feature", "properties": { "objectid": 587521780, "distance_to_nearest_park": 979.38810932880153 }, "geometry": { "type": "Point", "coordinates": [ 2695907.989440224133432, 237537.229819924978074 ] } },
{ "type": "Feature", "properties": { "objectid": 587525488, "distance_to_nearest_park": 1360.5706316552407 }, "geometry": { "type": "Point", "coordinates": [ 2697224.816651307977736, 239725.803756120731123 ] } },
{ "type": "Feature", "properties": { "objectid": 587526221, "distance_to_nearest_park": 312.95826550225951 }, "geometry": { "type": "Point", "coordinates": [ 2695801.181382786016911, 239882.902599424793152 ] } },
{ "type": "Feature", "properties": { "objectid": 587524179, "distance_to_nearest_park": 612.16334321148952 }, "geometry": { "type": "Point", "coordinates": [ 2693303.697468064259738, 237515.481620956124971 ] } },
{ "type": "Feature", "properties": { "objectid": 587525387, "distance_to_nearest_park": 481.65674715989013 }, "geometry": { "type": "Point", "coordinates": [ 2694347.486343801952899, 238474.665114386705682 ] } },
{ "type": "Feature", "properties": { "objectid": 587526600, "distance_to_nearest_park": 604.87837912859709 }, "geometry": { "type": "Point", "coordinates": [ 2695510.177498339209706, 239221.275650206254795 ] } },
{ "type": "Feature", "properties": { "objectid": 587524019, "distance_to_nearest_park": 304.45729325571182 }, "geometry": { "type": "Point", "coordinates": [ 2694695.458035029005259, 239279.715715693630045 ] } },
{ "type": "Feature", "properties": { "objectid": 587530296, "distance_to_nearest_park": 641.12453703256335 }, "geometry": { "type": "Point", "coordinates": [ 2696211.114648549817502, 237109.907661618548445 ] } },
{ "type": "Feature", "properties": { "objectid": 587530297, "distance_to_nearest_park": 468.35608230271407 }, "geometry": { "type": "Point", "coordinates": [ 2696424.300213924143463, 237518.883308776828926 ] } },
{ "type": "Feature", "properties": { "objectid": 587530298, "distance_to_nearest_park": 550.4378575639347 }, "geometry": { "type": "Point", "coordinates": [ 2696296.526402090676129, 237209.724790919397492 ] } },
{ "type": "Feature", "properties": { "objectid": 587528145, "distance_to_nearest_park": 1220.1926539813767 }, "geometry": { "type": "Point", "coordinates": [ 2694103.12144685164094, 237569.157235891587334 ] } },
{ "type": "Feature", "properties": { "objectid": 587529597, "distance_to_nearest_park": 507.67216850960642 }, "geometry": { "type": "Point", "coordinates": [ 2693282.417569345794618, 237361.065405342931626 ] } },
{ "type": "Feature", "properties": { "objectid": 587528509, "distance_to_nearest_park": 881.53861260324652 }, "geometry": { "type": "Point", "coordinates": [ 2694923.609104234725237, 240019.663810749509139 ] } },
{ "type": "Feature", "properties": { "objectid": 587528998, "distance_to_nearest_park": 1091.0596830706668 }, "geometry": { "type": "Point", "coordinates": [ 2696242.895344185642898, 238966.568615179829067 ] } },
{ "type": "Feature", "properties": { "objectid": 587529274, "distance_to_nearest_park": 455.31656084859009 }, "geometry": { "type": "Point", "coordinates": [ 2694327.764550592750311, 239452.969248143694131 ] } },
{ "type": "Feature", "properties": { "objectid": 587529750, "distance_to_nearest_park": 1256.1605092496684 }, "geometry": { "type": "Point", "coordinates": [ 2694453.421844856347889, 237511.645367601362523 ] } },
{ "type": "Feature", "properties": { "objectid": 587522570, "distance_to_nearest_park": 555.46958295597824 }, "geometry": { "type": "Point", "coordinates": [ 2695293.76692157657817, 239943.79690102749737 ] } },
{ "type": "Feature", "properties": { "objectid": 587522345, "distance_to_nearest_park": 629.02645578163163 }, "geometry": { "type": "Point", "coordinates": [ 2695207.955069896299392, 239953.303057447978063 ] } },
{ "type": "Feature", "properties": { "objectid": 587523168, "distance_to_nearest_park": 962.39568141498171 }, "geometry": { "type": "Point", "coordinates": [ 2695472.248163753189147, 237629.383891340985429 ] } },
{ "type": "Feature", "properties": { "objectid": 587532350, "distance_to_nearest_park": 631.86389760731413 }, "geometry": { "type": "Point", "coordinates": [ 2696749.470385113731027, 236561.956066312268376 ] } },
{ "type": "Feature", "properties": { "objectid": 587532819, "distance_to_nearest_park": 864.72064890122908 }, "geometry": { "type": "Point", "coordinates": [ 2695779.84510658076033, 239311.198863565310603 ] } },
{ "type": "Feature", "properties": { "objectid": 587532136, "distance_to_nearest_park": 774.57750449910293 }, "geometry": { "type": "Point", "coordinates": [ 2695468.767117046285421, 237824.25662548141554 ] } },
{ "type": "Feature", "properties": { "objectid": 587532987, "distance_to_nearest_park": 0.0 }, "geometry": { "type": "Point", "coordinates": [ 2692395.664177927188575, 237118.998485044983681 ] } },
{ "type": "Feature", "properties": { "objectid": 587532498, "distance_to_nearest_park": 186.17876444643741 }, "geometry": { "type": "Point", "coordinates": [ 2692872.274230366572738, 237431.784021433879388 ] } },
{ "type": "Feature", "properties": { "objectid": 587532501, "distance_to_nearest_park": 303.9540146430603 }, "geometry": { "type": "Point", "coordinates": [ 2692954.750987060368061, 237517.290268642595038 ] } },
{ "type": "Feature", "properties": { "objectid": 587532502, "distance_to_nearest_park": 220.52381926222009 }, "geometry": { "type": "Point", "coordinates": [ 2692878.809430523309857, 237476.801205393945565 ] } },
{ "type": "Feature", "properties": { "objectid": 587532503, "distance_to_nearest_park": 209.60686671333983 }, "geometry": { "type": "Point", "coordinates": [ 2692876.972686433233321, 237462.898792296618922 ] } },
{ "type": "Feature", "properties": { "objectid": 587532504, "distance_to_nearest_park": 199.0718821018977 }, "geometry": { "type": "Point", "coordinates": [ 2692874.845059782732278, 237449.352302949526347 ] } },
{ "type": "Feature", "properties": { "objectid": 587532986, "distance_to_nearest_park": 0.0 }, "geometry": { "type": "Point", "coordinates": [ 2692451.752681216225028, 237090.390889734873781 ] } },
{ "type": "Feature", "properties": { "objectid": 587532310, "distance_to_nearest_park": 1124.5938281095027 }, "geometry": { "type": "Point", "coordinates": [ 2696265.759606870356947, 238999.676178375986638 ] } },
{ "type": "Feature", "properties": { "objectid": 587532314, "distance_to_nearest_park": 1011.3733289072075 }, "geometry": { "type": "Point", "coordinates": [ 2694714.458433468360454, 237647.951294360973407 ] } },
{ "type": "Feature", "properties": { "objectid": 587535301, "distance_to_nearest_park": 285.21162822186807 }, "geometry": { "type": "Point", "coordinates": [ 2692888.911478087306023, 237553.264479991717963 ] } },
{ "type": "Feature", "properties": { "objectid": 587533890, "distance_to_nearest_park": 569.5785976835258 }, "geometry": { "type": "Point", "coordinates": [ 2695276.880460577085614, 239945.851988262409577 ] } },
{ "type": "Feature", "properties": { "objectid": 587522768, "distance_to_nearest_park": 1107.2161066628298 }, "geometry": { "type": "Point", "coordinates": [ 2694503.565067745279521, 237657.06972483053687 ] } },
{ "type": "Feature", "properties": { "objectid": 587536571, "distance_to_nearest_park": 846.20522723121599 }, "geometry": { "type": "Point", "coordinates": [ 2695395.512855661567301, 237730.630515487049706 ] } },
{ "type": "Feature", "properties": { "objectid": 587531704, "distance_to_nearest_park": 603.32988203090383 }, "geometry": { "type": "Point", "coordinates": [ 2695276.638859168626368, 239877.694753672549268 ] } },
{ "type": "Feature", "properties": { "objectid": 587533746, "distance_to_nearest_park": 584.50253471688939 }, "geometry": { "type": "Point", "coordinates": [ 2695259.444310922175646, 239947.526502854918363 ] } },
{ "type": "Feature", "properties": { "objectid": 587535580, "distance_to_nearest_park": 1625.129110477445 }, "geometry": { "type": "Point", "coordinates": [ 2695211.914786550682038, 236934.405349349253811 ] } },
{ "type": "Feature", "properties": { "objectid": 587534008, "distance_to_nearest_park": 988.2639262442766 }, "geometry": { "type": "Point", "coordinates": [ 2694631.100685964338481, 237716.935230085859075 ] } },
{ "type": "Feature", "properties": { "objectid": 587541859, "distance_to_nearest_park": 333.17525849670955 }, "geometry": { "type": "Point", "coordinates": [ 2697269.388495109975338, 238174.237311065546237 ] } },
{ "type": "Feature", "properties": { "objectid": 587544265, "distance_to_nearest_park": 796.84563095566102 }, "geometry": { "type": "Point", "coordinates": [ 2696184.358597885351628, 238029.330746211140649 ] } },
{ "type": "Feature", "properties": { "objectid": 587544305, "distance_to_nearest_park": 186.19422095178209 }, "geometry": { "type": "Point", "coordinates": [ 2693236.791459426749498, 237003.672971834486816 ] } },
{ "type": "Feature", "properties": { "objectid": 587542174, "distance_to_nearest_park": 478.1197783207574 }, "geometry": { "type": "Point", "coordinates": [ 2696859.185343925841153, 238208.808542072511045 ] } },
{ "type": "Feature", "properties": { "objectid": 587544311, "distance_to_nearest_park": 857.31798506117786 }, "geometry": { "type": "Point", "coordinates": [ 2695625.650558240246028, 237801.532907921995502 ] } },
{ "type": "Feature", "properties": { "objectid": 587544314, "distance_to_nearest_park": 761.65158810686432 }, "geometry": { "type": "Point", "coordinates": [ 2695438.91433606017381, 237828.481813640857581 ] } },
{ "type": "Feature", "properties": { "objectid": 587544315, "distance_to_nearest_park": 814.69187496453628 }, "geometry": { "type": "Point", "coordinates": [ 2695551.827036297880113, 237813.212546074821148 ] } },
{ "type": "Feature", "properties": { "objectid": 587541964, "distance_to_nearest_park": 455.59769304845213 }, "geometry": { "type": "Point", "coordinates": [ 2694416.696860968135297, 239461.409047594643198 ] } },
{ "type": "Feature", "properties": { "objectid": 587543939, "distance_to_nearest_park": 1169.5160951991711 }, "geometry": { "type": "Point", "coordinates": [ 2695685.819622276816517, 237338.276347661827458 ] } },
{ "type": "Feature", "properties": { "objectid": 587542301, "distance_to_nearest_park": 805.15573716186532 }, "geometry": { "type": "Point", "coordinates": [ 2694627.040998492389917, 237941.310460760694696 ] } },
{ "type": "Feature", "properties": { "objectid": 587542302, "distance_to_nearest_park": 857.00853113927178 }, "geometry": { "type": "Point", "coordinates": [ 2694533.248341763857752, 237954.958236072881846 ] } },
{ "type": "Feature", "properties": { "objectid": 587541145, "distance_to_nearest_park": 1141.009149860233 }, "geometry": { "type": "Point", "coordinates": [ 2695146.29532601730898, 237421.191310229303781 ] } },
{ "type": "Feature", "properties": { "objectid": 587544458, "distance_to_nearest_park": 710.63535121987422 }, "geometry": { "type": "Point", "coordinates": [ 2693049.690101971849799, 237953.022363009949913 ] } },
{ "type": "Feature", "properties": { "objectid": 587540516, "distance_to_nearest_park": 1295.6838777915284 }, "geometry": { "type": "Point", "coordinates": [ 2695551.683814976364374, 237159.404285708005773 ] } },
{ "type": "Feature", "properties": { "objectid": 587537785, "distance_to_nearest_park": 550.96092042251439 }, "geometry": { "type": "Point", "coordinates": [ 2696356.906910449732095, 236939.993121255247388 ] } },
{ "type": "Feature", "properties": { "objectid": 587537373, "distance_to_nearest_park": 835.51187776790618 }, "geometry": { "type": "Point", "coordinates": [ 2696028.980388060677797, 237380.797618836717447 ] } },
{ "type": "Feature", "properties": { "objectid": 587540927, "distance_to_nearest_park": 732.17279507808519 }, "geometry": { "type": "Point", "coordinates": [ 2695358.656699993181974, 237839.608578273910098 ] } },
{ "type": "Feature", "properties": { "objectid": 587546454, "distance_to_nearest_park": 1338.8142962551183 }, "geometry": { "type": "Point", "coordinates": [ 2695519.340928949415684, 237019.238302763085812 ] } },
{ "type": "Feature", "properties": { "objectid": 587545917, "distance_to_nearest_park": 794.1875782399112 }, "geometry": { "type": "Point", "coordinates": [ 2695511.002958500292152, 237818.573069335805485 ] } },
{ "type": "Feature", "properties": { "objectid": 587546224, "distance_to_nearest_park": 1358.3336292845613 }, "geometry": { "type": "Point", "coordinates": [ 2695372.406304913107306, 237209.168193649005843 ] } },
{ "type": "Feature", "properties": { "objectid": 587567382, "distance_to_nearest_park": 332.4375069123065 }, "geometry": { "type": "Point", "coordinates": [ 2695471.944775711745024, 238794.851742745231604 ] } },
{ "type": "Feature", "properties": { "objectid": 587551840, "distance_to_nearest_park": 463.9947312284898 }, "geometry": { "type": "Point", "coordinates": [ 2694888.263607209548354, 239399.079770474054385 ] } },
{ "type": "Feature", "properties": { "objectid": 587551846, "distance_to_nearest_park": 324.50289022811467 }, "geometry": { "type": "Point", "coordinates": [ 2696603.061832451727241, 237782.165566588635556 ] } },
{ "type": "Feature", "properties": { "objectid": 587553725, "distance_to_nearest_park": 225.58425917742434 }, "geometry": { "type": "Point", "coordinates": [ 2695420.202141063753515, 238446.385525955935009 ] } },
{ "type": "Feature", "properties": { "objectid": 587555235, "distance_to_nearest_park": 244.94460360854046 }, "geometry": { "type": "Point", "coordinates": [ 2695229.654592548497021, 238985.260947144823149 ] } },
{ "type": "Feature", "properties": { "objectid": 587555468, "distance_to_nearest_park": 665.2428232302367 }, "geometry": { "type": "Point", "coordinates": [ 2694148.827732343226671, 239616.091908446513116 ] } },
{ "type": "Feature", "properties": { "objectid": 587554678, "distance_to_nearest_park": 1239.9788869413449 }, "geometry": { "type": "Point", "coordinates": [ 2695618.734848097898066, 237368.740250315575395 ] } },
{ "type": "Feature", "properties": { "objectid": 587550226, "distance_to_nearest_park": 1369.4881521749535 }, "geometry": { "type": "Point", "coordinates": [ 2697585.739119099453092, 239640.223344732192345 ] } },
{ "type": "Feature", "properties": { "objectid": 587550242, "distance_to_nearest_park": 340.97305954862594 }, "geometry": { "type": "Point", "coordinates": [ 2695916.119477534200996, 239855.6682854850078 ] } },
{ "type": "Feature", "properties": { "objectid": 587548861, "distance_to_nearest_park": 1066.7993391732546 }, "geometry": { "type": "Point", "coordinates": [ 2695761.725538114085793, 237637.525038979889359 ] } },
{ "type": "Feature", "properties": { "objectid": 587548862, "distance_to_nearest_park": 1050.602973924988 }, "geometry": { "type": "Point", "coordinates": [ 2695763.939171785023063, 237657.634259534213925 ] } },
{ "type": "Feature", "properties": { "objectid": 587549399, "distance_to_nearest_park": 638.32046606364099 }, "geometry": { "type": "Point", "coordinates": [ 2693158.587061747442931, 237787.476106714108028 ] } },
{ "type": "Feature", "properties": { "objectid": 587549325, "distance_to_nearest_park": 332.69470462649531 }, "geometry": { "type": "Point", "coordinates": [ 2695612.57601766474545, 239916.719156026898418 ] } },
{ "type": "Feature", "properties": { "objectid": 587561798, "distance_to_nearest_park": 252.10954010369636 }, "geometry": { "type": "Point", "coordinates": [ 2696732.586103725247085, 236964.165147092979169 ] } },
{ "type": "Feature", "properties": { "objectid": 587563518, "distance_to_nearest_park": 1115.9480883339552 }, "geometry": { "type": "Point", "coordinates": [ 2695730.994936880189925, 237213.507853251911001 ] } },
{ "type": "Feature", "properties": { "objectid": 587563519, "distance_to_nearest_park": 1099.0334296788612 }, "geometry": { "type": "Point", "coordinates": [ 2695747.883292733691633, 237211.45307614680496 ] } },
{ "type": "Feature", "properties": { "objectid": 587563520, "distance_to_nearest_park": 1149.9987450106166 }, "geometry": { "type": "Point", "coordinates": [ 2695696.980810084845871, 237216.152707946836017 ] } },
{ "type": "Feature", "properties": { "objectid": 587563523, "distance_to_nearest_park": 1406.4545828506698 }, "geometry": { "type": "Point", "coordinates": [ 2697517.917164898477495, 239771.974651838128921 ] } },
{ "type": "Feature", "properties": { "objectid": 587560529, "distance_to_nearest_park": 385.85314808560526 }, "geometry": { "type": "Point", "coordinates": [ 2695289.474985419306904, 239116.02933791760006 ] } },
{ "type": "Feature", "properties": { "objectid": 587562929, "distance_to_nearest_park": 1078.436600573013 }, "geometry": { "type": "Point", "coordinates": [ 2695768.446669674944133, 237208.412994315120159 ] } },
{ "type": "Feature", "properties": { "objectid": 587560087, "distance_to_nearest_park": 857.91374456236724 }, "geometry": { "type": "Point", "coordinates": [ 2695316.292298843152821, 237706.437288654589793 ] } },
{ "type": "Feature", "properties": { "objectid": 587560562, "distance_to_nearest_park": 1436.4264758662041 }, "geometry": { "type": "Point", "coordinates": [ 2697445.204866574145854, 239679.45135175739415 ] } },
{ "type": "Feature", "properties": { "objectid": 587559898, "distance_to_nearest_park": 312.66642808092695 }, "geometry": { "type": "Point", "coordinates": [ 2692955.509438511915505, 237529.70336944446899 ] } },
{ "type": "Feature", "properties": { "objectid": 587560118, "distance_to_nearest_park": 853.59039514092831 }, "geometry": { "type": "Point", "coordinates": [ 2696044.350379844196141, 237602.099811978230719 ] } },
{ "type": "Feature", "properties": { "objectid": 587562748, "distance_to_nearest_park": 914.23051238311427 }, "geometry": { "type": "Point", "coordinates": [ 2695513.044356955680996, 237691.808178682316793 ] } },
{ "type": "Feature", "properties": { "objectid": 587559346, "distance_to_nearest_park": 1244.0953133532803 }, "geometry": { "type": "Point", "coordinates": [ 2694482.994580526370555, 237507.410769916605204 ] } },
{ "type": "Feature", "properties": { "objectid": 587559457, "distance_to_nearest_park": 963.85322558823907 }, "geometry": { "type": "Point", "coordinates": [ 2694528.319609608966857, 237817.055748597776983 ] } },
{ "type": "Feature", "properties": { "objectid": 587564169, "distance_to_nearest_park": 1152.3354114583981 }, "geometry": { "type": "Point", "coordinates": [ 2695712.291088062804192, 236991.014666548522655 ] } },
{ "type": "Feature", "properties": { "objectid": 587564924, "distance_to_nearest_park": 841.96068784865338 }, "geometry": { "type": "Point", "coordinates": [ 2695382.838857403956354, 237732.44487140441197 ] } },
{ "type": "Feature", "properties": { "objectid": 587565351, "distance_to_nearest_park": 906.4143615306001 }, "geometry": { "type": "Point", "coordinates": [ 2696262.673017576336861, 239381.153704908036161 ] } },
{ "type": "Feature", "properties": { "objectid": 587566829, "distance_to_nearest_park": 459.87500296379847 }, "geometry": { "type": "Point", "coordinates": [ 2693461.3417167076841, 237160.39869071287103 ] } },
{ "type": "Feature", "properties": { "objectid": 587566376, "distance_to_nearest_park": 1447.0322046789006 }, "geometry": { "type": "Point", "coordinates": [ 2697356.695017974823713, 239675.750789189507486 ] } },
{ "type": "Feature", "properties": { "objectid": 587566387, "distance_to_nearest_park": 1387.9974003861557 }, "geometry": { "type": "Point", "coordinates": [ 2697438.818185049574822, 239629.699345396569697 ] } },
{ "type": "Feature", "properties": { "objectid": 587567326, "distance_to_nearest_park": 663.61766559558669 }, "geometry": { "type": "Point", "coordinates": [ 2695812.077187041286379, 238882.472118822101038 ] } },
{ "type": "Feature", "properties": { "objectid": 587567327, "distance_to_nearest_park": 637.36489428930849 }, "geometry": { "type": "Point", "coordinates": [ 2695786.210729679558426, 238875.151957642752677 ] } },
{ "type": "Feature", "properties": { "objectid": 587567328, "distance_to_nearest_park": 953.31992911598206 }, "geometry": { "type": "Point", "coordinates": [ 2695981.373716999311, 239152.760615633422276 ] } },
{ "type": "Feature", "properties": { "objectid": 587567329, "distance_to_nearest_park": 790.61159366295237 }, "geometry": { "type": "Point", "coordinates": [ 2695882.014275947120041, 239012.446056809538277 ] } },
{ "type": "Feature", "properties": { "objectid": 587567330, "distance_to_nearest_park": 920.64857282550633 }, "geometry": { "type": "Point", "coordinates": [ 2696292.417017749976367, 239380.57075695329695 ] } },
{ "type": "Feature", "properties": { "objectid": 587567331, "distance_to_nearest_park": 911.25484508105274 }, "geometry": { "type": "Point", "coordinates": [ 2696272.501423690468073, 239380.713888164813397 ] } },
{ "type": "Feature", "properties": { "objectid": 587567381, "distance_to_nearest_park": 471.82705940798775 }, "geometry": { "type": "Point", "coordinates": [ 2695537.073066130280495, 238954.931835740746465 ] } },
{ "type": "Feature", "properties": { "objectid": 587566655, "distance_to_nearest_park": 897.91496323401554 }, "geometry": { "type": "Point", "coordinates": [ 2693685.74547623982653, 237561.29600957481307 ] } },
{ "type": "Feature", "properties": { "objectid": 587566888, "distance_to_nearest_park": 168.09065141239171 }, "geometry": { "type": "Point", "coordinates": [ 2695379.76586850034073, 238639.079393621359486 ] } },
{ "type": "Feature", "properties": { "objectid": 587565702, "distance_to_nearest_park": 470.33340002852111 }, "geometry": { "type": "Point", "coordinates": [ 2692470.049820034299046, 238085.112882463115966 ] } },
{ "type": "Feature", "properties": { "objectid": 587567131, "distance_to_nearest_park": 915.84808330299666 }, "geometry": { "type": "Point", "coordinates": [ 2696282.319120805244893, 239380.638200001820223 ] } },
{ "type": "Feature", "properties": { "objectid": 587571093, "distance_to_nearest_park": 92.399350282854726 }, "geometry": { "type": "Point", "coordinates": [ 2694597.780178971588612, 239081.874506317952182 ] } },
{ "type": "Feature", "properties": { "objectid": 587571604, "distance_to_nearest_park": 1095.9903988996061 }, "geometry": { "type": "Point", "coordinates": [ 2696295.301802353467792, 239187.138145460165106 ] } },
{ "type": "Feature", "properties": { "objectid": 587571605, "distance_to_nearest_park": 1034.0139669737528 }, "geometry": { "type": "Point", "coordinates": [ 2695955.427961796987802, 236667.614041380496928 ] } },
{ "type": "Feature", "properties": { "objectid": 587570340, "distance_to_nearest_park": 653.88893616517225 }, "geometry": { "type": "Point", "coordinates": [ 2696594.573769078124315, 238299.420260631100973 ] } },
{ "type": "Feature", "properties": { "objectid": 587570347, "distance_to_nearest_park": 653.88893616517225 }, "geometry": { "type": "Point", "coordinates": [ 2696594.573769078124315, 238299.420260631100973 ] } },
{ "type": "Feature", "properties": { "objectid": 587570350, "distance_to_nearest_park": 653.88893616517225 }, "geometry": { "type": "Point", "coordinates": [ 2696594.573769078124315, 238299.420260631100973 ] } },
{ "type": "Feature", "properties": { "objectid": 587570354, "distance_to_nearest_park": 653.88893616517225 }, "geometry": { "type": "Point", "coordinates": [ 2696594.573769078124315, 238299.420260631100973 ] } },
{ "type": "Feature", "properties": { "objectid": 587571628, "distance_to_nearest_park": 1081.2944502929283 }, "geometry": { "type": "Point", "coordinates": [ 2696259.10221892176196, 239187.895674558938481 ] } },
{ "type": "Feature", "properties": { "objectid": 587571142, "distance_to_nearest_park": 1109.2622754055883 }, "geometry": { "type": "Point", "coordinates": [ 2696252.489863802213222, 239155.266076114319731 ] } },
{ "type": "Feature", "properties": { "objectid": 587571143, "distance_to_nearest_park": 1126.8777973973661 }, "geometry": { "type": "Point", "coordinates": [ 2696297.386472400277853, 239154.399890517292079 ] } },
{ "type": "Feature", "properties": { "objectid": 587571144, "distance_to_nearest_park": 1143.1572365078403 }, "geometry": { "type": "Point", "coordinates": [ 2696295.960534740705043, 239136.135968382237479 ] } },
{ "type": "Feature", "properties": { "objectid": 587571145, "distance_to_nearest_park": 1126.2927733611821 }, "geometry": { "type": "Point", "coordinates": [ 2696252.46490526990965, 239137.043360338604543 ] } },
{ "type": "Feature", "properties": { "objectid": 587570134, "distance_to_nearest_park": 430.70807786778687 }, "geometry": { "type": "Point", "coordinates": [ 2694789.36473099142313, 238306.504183532233583 ] } },
{ "type": "Feature", "properties": { "objectid": 587570416, "distance_to_nearest_park": 653.88893616517225 }, "geometry": { "type": "Point", "coordinates": [ 2696594.573769078124315, 238299.420260631100973 ] } },
{ "type": "Feature", "properties": { "objectid": 587570418, "distance_to_nearest_park": 653.88893616517225 }, "geometry": { "type": "Point", "coordinates": [ 2696594.573769078124315, 238299.420260631100973 ] } },
{ "type": "Feature", "properties": { "objectid": 587570419, "distance_to_nearest_park": 653.88893616517225 }, "geometry": { "type": "Point", "coordinates": [ 2696594.573769078124315, 238299.420260631100973 ] } },
{ "type": "Feature", "properties": { "objectid": 587570420, "distance_to_nearest_park": 653.88893616517225 }, "geometry": { "type": "Point", "coordinates": [ 2696594.573769078124315, 238299.420260631100973 ] } },
{ "type": "Feature", "properties": { "objectid": 587571610, "distance_to_nearest_park": 1088.2963458313557 }, "geometry": { "type": "Point", "coordinates": [ 2696277.05655459780246, 239187.694845211924985 ] } },
{ "type": "Feature", "properties": { "objectid": 587571619, "distance_to_nearest_park": 1074.2031865209567 }, "geometry": { "type": "Point", "coordinates": [ 2696241.137175149749964, 239188.460641625744756 ] } },
{ "type": "Feature", "properties": { "objectid": 587570361, "distance_to_nearest_park": 653.88893616517225 }, "geometry": { "type": "Point", "coordinates": [ 2696594.573769078124315, 238299.420260631100973 ] } },
{ "type": "Feature", "properties": { "objectid": 587571127, "distance_to_nearest_park": 1153.8681699417152 }, "geometry": { "type": "Point", "coordinates": [ 2696252.188327386043966, 239098.769064621446887 ] } },
{ "type": "Feature", "properties": { "objectid": 587571130, "distance_to_nearest_park": 1177.3608434854323 }, "geometry": { "type": "Point", "coordinates": [ 2696293.431691591627896, 239098.159866958274506 ] } },
{ "type": "Feature", "properties": { "objectid": 587570468, "distance_to_nearest_park": 588.19864051800744 }, "geometry": { "type": "Point", "coordinates": [ 2696329.690687987487763, 237731.848796297766967 ] } },
{ "type": "Feature", "properties": { "objectid": 587571148, "distance_to_nearest_park": 1143.6160085941344 }, "geometry": { "type": "Point", "coordinates": [ 2696252.170452197548002, 239118.448279129486764 ] } },
{ "type": "Feature", "properties": { "objectid": 587571151, "distance_to_nearest_park": 1159.5958653161886 }, "geometry": { "type": "Point", "coordinates": [ 2696294.814796816557646, 239117.880287579406286 ] } },
{ "type": "Feature", "properties": { "objectid": 587569715, "distance_to_nearest_park": 653.88893616517225 }, "geometry": { "type": "Point", "coordinates": [ 2696594.573769078124315, 238299.420260631100973 ] } },
{ "type": "Feature", "properties": { "objectid": 587569549, "distance_to_nearest_park": 1065.6401323264156 }, "geometry": { "type": "Point", "coordinates": [ 2695826.570862224791199, 237568.729582902655238 ] } },
{ "type": "Feature", "properties": { "objectid": 587571583, "distance_to_nearest_park": 1103.2427174351064 }, "geometry": { "type": "Point", "coordinates": [ 2696315.185422957409173, 239188.087406582781114 ] } },
{ "type": "Feature", "properties": { "objectid": 587567416, "distance_to_nearest_park": 276.69474134756263 }, "geometry": { "type": "Point", "coordinates": [ 2692949.112971893977374, 237479.952525942586362 ] } },
{ "type": "Feature", "properties": { "objectid": 587567417, "distance_to_nearest_park": 267.36009479250362 }, "geometry": { "type": "Point", "coordinates": [ 2692947.276267420500517, 237466.050107613380533 ] } },
{ "type": "Feature", "properties": { "objectid": 587567425, "distance_to_nearest_park": 225.34471335841073 }, "geometry": { "type": "Point", "coordinates": [ 2692551.180984507314861, 237574.357891419465886 ] } },
{ "type": "Feature", "properties": { "objectid": 587568703, "distance_to_nearest_park": 1138.1418050698439 }, "geometry": { "type": "Point", "coordinates": [ 2695709.544641664251685, 237151.287263305304805 ] } },
{ "type": "Feature", "properties": { "objectid": 587567963, "distance_to_nearest_park": 0.0 }, "geometry": { "type": "Point", "coordinates": [ 2692604.711293340660632, 237249.752162220916944 ] } },
{ "type": "Feature", "properties": { "objectid": 587568010, "distance_to_nearest_park": 1013.5486151786299 }, "geometry": { "type": "Point", "coordinates": [ 2694441.282756169326603, 240018.992919570679078 ] } },
{ "type": "Feature", "properties": { "objectid": 587568015, "distance_to_nearest_park": 921.79125128307146 }, "geometry": { "type": "Point", "coordinates": [ 2695932.845000537112355, 237073.300169661728432 ] } },
{ "type": "Feature", "properties": { "objectid": 587568115, "distance_to_nearest_park": 290.42630658053776 }, "geometry": { "type": "Point", "coordinates": [ 2695502.675742417108268, 238474.319122985907597 ] } },
{ "type": "Feature", "properties": { "objectid": 587568134, "distance_to_nearest_park": 271.60203903580617 }, "geometry": { "type": "Point", "coordinates": [ 2695483.805402096826583, 238477.044693072501104 ] } },
{ "type": "Feature", "properties": { "objectid": 587567610, "distance_to_nearest_park": 304.43869998153906 }, "geometry": { "type": "Point", "coordinates": [ 2696563.38320252019912, 237081.273914709192468 ] } },
{ "type": "Feature", "properties": { "objectid": 587568151, "distance_to_nearest_park": 1711.0653137238687 }, "geometry": { "type": "Point", "coordinates": [ 2695184.23505436303094, 236788.181342460738961 ] } },
{ "type": "Feature", "properties": { "objectid": 587568152, "distance_to_nearest_park": 1711.0653137238687 }, "geometry": { "type": "Point", "coordinates": [ 2695184.23505436303094, 236788.181342460738961 ] } },
{ "type": "Feature", "properties": { "objectid": 587568153, "distance_to_nearest_park": 1711.0653137238687 }, "geometry": { "type": "Point", "coordinates": [ 2695184.23505436303094, 236788.181342460738961 ] } },
{ "type": "Feature", "properties": { "objectid": 587568660, "distance_to_nearest_park": 468.3386977125511 }, "geometry": { "type": "Point", "coordinates": [ 2692959.011039252392948, 237726.23804651867249 ] } },
{ "type": "Feature", "properties": { "objectid": 587567413, "distance_to_nearest_park": 242.27676332392414 }, "geometry": { "type": "Point", "coordinates": [ 2692942.347901539411396, 237423.631007871357724 ] } },
{ "type": "Feature", "properties": { "objectid": 587567414, "distance_to_nearest_park": 294.39183610631738 }, "geometry": { "type": "Point", "coordinates": [ 2692952.882310620974749, 237504.480228164611617 ] } },
{ "type": "Feature", "properties": { "objectid": 587567415, "distance_to_nearest_park": 285.26735507507328 }, "geometry": { "type": "Point", "coordinates": [ 2692950.421210807748139, 237492.746159371861722 ] } },
{ "type": "Feature", "properties": { "objectid": 587570013, "distance_to_nearest_park": 527.78085244091665 }, "geometry": { "type": "Point", "coordinates": [ 2694638.59407126577571, 239516.390050600020913 ] } },
{ "type": "Feature", "properties": { "objectid": 587568095, "distance_to_nearest_park": 401.81695984075208 }, "geometry": { "type": "Point", "coordinates": [ 2695874.303714486304671, 239789.933259737328626 ] } }
]
}
